dashboard_rank,company_name,career_url,source_type,harshit_priority_score,priority_tier,profile_priority,sector,best_fit_role_families,employment_rule,generic_sales_frontline_rule,secondary_finance_score,why_it_fits_or_drop_reason,dashboard_default_visibility,dashboard_optional_group,include_in_scrape_registry,source_status,ireland_relevance_evidence,current_live_jobs_evidence,current_relevant_jobs_evidence
1,Accenture,https://accenture.wd103.myworkdayjobs.com/AccentureCareers,employer,100,P1 — Focus,Harshit primary,Tech Consulting / Enterprise,Business Analyst; ERP/D365/Implementation Analyst; Technology Consultant; BI Analyst,Keep any employment type when role-relevant; exclude generic part-time work,"Exclude generic sales, retail, hospitality, customer service and frontline roles",81,"Your ERP/D365, UAT, SQL/Python and client-delivery background maps directly to implementation/transformation roles.",visible,core_harshit,yes,validated_live_relevant,Current Republic of Ireland job evidence in target role families,54,3
2,Deloitte Ireland,https://deloitteie.wd3.myworkdayjobs.com/experienced_professionals,employer,100,P1 — Focus,Harshit primary,Tech Consulting / Enterprise,Business Analyst; ERP/D365/Implementation Analyst; Technology Consultant; BI Analyst,Keep any employment type when role-relevant; exclude generic part-time work,"Exclude generic sales, retail, hospitality, customer service and frontline roles",81,"Your ERP/D365, UAT, SQL/Python and client-delivery background maps directly to implementation/transformation roles.",visible,core_harshit,yes,validated_live_relevant,Current Republic of Ireland job evidence in target role families,38,8
3,EY Ireland,https://www.ey.com/en_ie/careers,employer,100,P1 — Focus,Harshit primary,Tech Consulting / Enterprise,Business Analyst; ERP/D365/Implementation Analyst; Technology Consultant; BI Analyst,Keep any employment type when role-relevant; exclude generic part-time work,"Exclude generic sales, retail, hospitality, customer service and frontline roles",81,"Your ERP/D365, UAT, SQL/Python and client-delivery background maps directly to implementation/transformation roles.",visible,core_harshit,yes,validated_live_relevant,Current Republic of Ireland job evidence in target role families,134,50
4,GridBeyond,https://gridbeyond.com/careers/,employer,100,P1 — Focus,Harshit primary,Industrial / Operations,Operations/Supply Chain Analyst; Business Analyst; ERP/BI Analyst,Keep any employment type when role-relevant; exclude generic part-time work,"Exclude generic sales, retail, hospitality, customer service and frontline roles",76,"Engineering + ERP + operations/process experience is a differentiated fit; target digital, supply-chain and systems analytics.",visible,core_harshit,yes,strategic_unverified,Strategic target; Ireland relevance not yet proven by dashboard vacancy history,0,0
5,Introba,https://www.introba.com/careers,employer,100,P1 — Focus,Harshit primary,Industrial / Operations,Operations/Supply Chain Analyst; Business Analyst; ERP/BI Analyst,Keep any employment type when role-relevant; exclude generic part-time work,"Exclude generic sales, retail, hospitality, customer service and frontline roles",76,"Engineering + ERP + operations/process experience is a differentiated fit; target digital, supply-chain and systems analytics.",visible,core_harshit,yes,strategic_unverified,Strategic target; Ireland relevance not yet proven by dashboard vacancy history,0,0
6,KPMG Ireland,https://kpmg.com/ie/en/home/careers.html,employer,100,P1 — Focus,Harshit primary,Tech Consulting / Enterprise,Business Analyst; ERP/D365/Implementation Analyst; Technology Consultant; BI Analyst,Keep any employment type when role-relevant; exclude generic part-time work,"Exclude generic sales, retail, hospitality, customer service and frontline roles",81,"Your ERP/D365, UAT, SQL/Python and client-delivery background maps directly to implementation/transformation roles.",visible,core_harshit,yes,validated_live_relevant,Current Republic of Ireland job evidence in target role families,38,7
7,LetsGetChecked,https://www.letsgetchecked.com/careers/,employer,100,P1 — Focus,Harshit primary,Industrial / Operations,Operations/Supply Chain Analyst; Business Analyst; ERP/BI Analyst,Keep any employment type when role-relevant; exclude generic part-time work,"Exclude generic sales, retail, hospitality, customer service and frontline roles",76,"Engineering + ERP + operations/process experience is a differentiated fit; target digital, supply-chain and systems analytics.",visible,core_harshit,yes,strategic_unverified,Strategic target; Ireland relevance not yet proven by dashboard vacancy history,0,0
8,Oracle,https://eeho.fa.us2.oraclecloud.com/hcmUI/CandidateExperience/en/sites/CX_1/requisitions?location=Ireland,employer,100,P1 — Focus,Harshit primary,Tech Consulting / Enterprise,Business Analyst; ERP/D365/Implementation Analyst; Technology Consultant; BI Analyst,Keep any employment type when role-relevant; exclude generic part-time work,"Exclude generic sales, retail, hospitality, customer service and frontline roles",81,"Your ERP/D365, UAT, SQL/Python and client-delivery background maps directly to implementation/transformation roles.",visible,core_harshit,yes,validated_live_other,"Current Republic of Ireland employment evidence, but no target-role match in latest data",4,0
9,Publift,https://www.publift.com/careers,employer,100,P1 — Focus,Harshit primary,Industrial / Operations,Operations/Supply Chain Analyst; Business Analyst; ERP/BI Analyst,Keep any employment type when role-relevant; exclude generic part-time work,"Exclude generic sales, retail, hospitality, customer service and frontline roles",76,"Engineering + ERP + operations/process experience is a differentiated fit; target digital, supply-chain and systems analytics.",visible,core_harshit,yes,strategic_unverified,Strategic target; Ireland relevance not yet proven by dashboard vacancy history,0,0
10,PwC Ireland,https://pwc.wd3.myworkdayjobs.com/Global_Experienced_Careers,employer,100,P1 — Focus,Harshit primary,Tech Consulting / Enterprise,Business Analyst; ERP/D365/Implementation Analyst; Technology Consultant; BI Analyst,Keep any employment type when role-relevant; exclude generic part-time work,"Exclude generic sales, retail, hospitality, customer service and frontline roles",81,"Your ERP/D365, UAT, SQL/Python and client-delivery background maps directly to implementation/transformation roles.",visible,core_harshit,yes,validated_live_relevant,Current Republic of Ireland job evidence in target role families,46,12
11,SAP,https://jobs.sap.com/search/?q=&locationsearch=Ireland,employer,100,P1 — Focus,Harshit primary,Tech Consulting / Enterprise,Business Analyst; ERP/D365/Implementation Analyst; Technology Consultant; BI Analyst,Keep any employment type when role-relevant; exclude generic part-time work,"Exclude generic sales, retail, hospitality, customer service and frontline roles",81,"Your ERP/D365, UAT, SQL/Python and client-delivery background maps directly to implementation/transformation roles.",visible,core_harshit,yes,validated_live_relevant,Current Republic of Ireland job evidence in target role families,17,4
12,ActionPoint,https://www.actionpoint.ie/careers/,employer,99,P1 — Focus,Harshit primary,Tech Consulting / Enterprise,Business Analyst; ERP/D365/Implementation Analyst; Technology Consultant; BI Analyst,Keep any employment type when role-relevant; exclude generic part-time work,"Exclude generic sales, retail, hospitality, customer service and frontline roles",78,"Your ERP/D365, UAT, SQL/Python and client-delivery background maps directly to implementation/transformation roles.",visible,core_harshit,yes,strategic_unverified,Strategic target; Ireland relevance not yet proven by dashboard vacancy history,0,0
13,Auxilion,https://www.auxilion.com/auxilion-careers,employer,99,P1 — Focus,Harshit primary,Tech Consulting / Enterprise,Business Analyst; ERP/D365/Implementation Analyst; Technology Consultant; BI Analyst,Keep any employment type when role-relevant; exclude generic part-time work,"Exclude generic sales, retail, hospitality, customer service and frontline roles",78,"Your ERP/D365, UAT, SQL/Python and client-delivery background maps directly to implementation/transformation roles.",visible,core_harshit,yes,strategic_unverified,Strategic target; Ireland relevance not yet proven by dashboard vacancy history,0,0
14,Avanade,https://www.avanade.com/en/career,employer,99,P1 — Focus,Harshit primary,Tech Consulting / Enterprise,Business Analyst; ERP/D365/Implementation Analyst; Technology Consultant; BI Analyst,Keep any employment type when role-relevant; exclude generic part-time work,"Exclude generic sales, retail, hospitality, customer service and frontline roles",78,"Your ERP/D365, UAT, SQL/Python and client-delivery background maps directly to implementation/transformation roles.",visible,core_harshit,yes,strategic_unverified,Strategic target; Ireland relevance not yet proven by dashboard vacancy history,0,0
15,BearingPoint,https://bearingpoint.com/en/careers,employer,99,P1 — Focus,Harshit primary,Tech Consulting / Enterprise,Business Analyst; ERP/D365/Implementation Analyst; Technology Consultant; BI Analyst,Keep any employment type when role-relevant; exclude generic part-time work,"Exclude generic sales, retail, hospitality, customer service and frontline roles",78,"Your ERP/D365, UAT, SQL/Python and client-delivery background maps directly to implementation/transformation roles.",visible,core_harshit,yes,validated_live_relevant,Current Republic of Ireland job evidence in target role families,11,4
16,Capgemini,https://www.capgemini.com/careers/,employer,99,P1 — Focus,Harshit primary,Tech Consulting / Enterprise,Business Analyst; ERP/D365/Implementation Analyst; Technology Consultant; BI Analyst,Keep any employment type when role-relevant; exclude generic part-time work,"Exclude generic sales, retail, hospitality, customer service and frontline roles",78,"Your ERP/D365, UAT, SQL/Python and client-delivery background maps directly to implementation/transformation roles.",visible,core_harshit,yes,validated_live_relevant,Current Republic of Ireland job evidence in target role families,2,1
17,Cisco,https://jobs.cisco.com/main/jobs?location=Ireland,employer,99,P1 — Focus,Harshit primary,Tech Consulting / Enterprise,Business Analyst; ERP/D365/Implementation Analyst; Technology Consultant; BI Analyst,Keep any employment type when role-relevant; exclude generic part-time work,"Exclude generic sales, retail, hospitality, customer service and frontline roles",78,"Your ERP/D365, UAT, SQL/Python and client-delivery background maps directly to implementation/transformation roles.",visible,core_harshit,yes,validated_live_other,"Current Republic of Ireland employment evidence, but no target-role match in latest data",10,0
18,Cognizant,https://careers.cognizant.com/global/en,employer,99,P1 — Focus,Harshit primary,Tech Consulting / Enterprise,Business Analyst; ERP/D365/Implementation Analyst; Technology Consultant; BI Analyst,Keep any employment type when role-relevant; exclude generic part-time work,"Exclude generic sales, retail, hospitality, customer service and frontline roles",78,"Your ERP/D365, UAT, SQL/Python and client-delivery background maps directly to implementation/transformation roles.",visible,core_harshit,yes,validated_live_other,"Current Republic of Ireland employment evidence, but no target-role match in latest data",4,0
19,Dell Technologies,https://jobs.dell.com/location/ireland-jobs/375/2963597/2,employer,99,P1 — Focus,Harshit primary,Tech Consulting / Enterprise,Business Analyst; ERP/D365/Implementation Analyst; Technology Consultant; BI Analyst,Keep any employment type when role-relevant; exclude generic part-time work,"Exclude generic sales, retail, hospitality, customer service and frontline roles",78,"Your ERP/D365, UAT, SQL/Python and client-delivery background maps directly to implementation/transformation roles.",visible,core_harshit,yes,validated_live_other,"Current Republic of Ireland employment evidence, but no target-role match in latest data",7,0
20,DXC Technology,https://dxc.wd1.myworkdayjobs.com/DXC_Jobs,employer,99,P1 — Focus,Harshit primary,Tech Consulting / Enterprise,Business Analyst; ERP/D365/Implementation Analyst; Technology Consultant; BI Analyst,Keep any employment type when role-relevant; exclude generic part-time work,"Exclude generic sales, retail, hospitality, customer service and frontline roles",78,"Your ERP/D365, UAT, SQL/Python and client-delivery background maps directly to implementation/transformation roles.",visible,core_harshit,yes,strategic_unverified,Strategic target; Ireland relevance not yet proven by dashboard vacancy history,0,0
21,Ekco,https://www.ek.co/careers/,employer,99,P1 — Focus,Harshit primary,Tech Consulting / Enterprise,Business Analyst; ERP/D365/Implementation Analyst; Technology Consultant; BI Analyst,Keep any employment type when role-relevant; exclude generic part-time work,"Exclude generic sales, retail, hospitality, customer service and frontline roles",78,"Your ERP/D365, UAT, SQL/Python and client-delivery background maps directly to implementation/transformation roles.",visible,core_harshit,yes,strategic_unverified,Strategic target; Ireland relevance not yet proven by dashboard vacancy history,0,0
22,Ericsson,https://jobs.ericsson.com/search/?q=&locationsearch=Ireland,employer,99,P1 — Focus,Harshit primary,Tech Consulting / Enterprise,Business Analyst; ERP/D365/Implementation Analyst; Technology Consultant; BI Analyst,Keep any employment type when role-relevant; exclude generic part-time work,"Exclude generic sales, retail, hospitality, customer service and frontline roles",78,"Your ERP/D365, UAT, SQL/Python and client-delivery background maps directly to implementation/transformation roles.",visible,core_harshit,yes,validated_live_other,"Current Republic of Ireland employment evidence, but no target-role match in latest data",1,0
23,Fujitsu,https://fujitsu.com/ie/about/careers,employer,99,P1 — Focus,Harshit primary,Tech Consulting / Enterprise,Business Analyst; ERP/D365/Implementation Analyst; Technology Consultant; BI Analyst,Keep any employment type when role-relevant; exclude generic part-time work,"Exclude generic sales, retail, hospitality, customer service and frontline roles",78,"Your ERP/D365, UAT, SQL/Python and client-delivery background maps directly to implementation/transformation roles.",visible,core_harshit,yes,strategic_unverified,Strategic target; Ireland relevance not yet proven by dashboard vacancy history,0,0
24,HCLTech,https://www.hcltech.com/careers,employer,99,P1 — Focus,Harshit primary,Tech Consulting / Enterprise,Business Analyst; ERP/D365/Implementation Analyst; Technology Consultant; BI Analyst,Keep any employment type when role-relevant; exclude generic part-time work,"Exclude generic sales, retail, hospitality, customer service and frontline roles",78,"Your ERP/D365, UAT, SQL/Python and client-delivery background maps directly to implementation/transformation roles.",visible,core_harshit,yes,validated_live_relevant,Current Republic of Ireland job evidence in target role families,10,3
25,IBM,https://www.ibm.com/careers/search?field_keyword_05[0]=Ireland,employer,99,P1 — Focus,Harshit primary,Tech Consulting / Enterprise,Business Analyst; ERP/D365/Implementation Analyst; Technology Consultant; BI Analyst,Keep any employment type when role-relevant; exclude generic part-time work,"Exclude generic sales, retail, hospitality, customer service and frontline roles",78,"Your ERP/D365, UAT, SQL/Python and client-delivery background maps directly to implementation/transformation roles.",visible,core_harshit,yes,strategic_unverified,Strategic target; Ireland relevance not yet proven by dashboard vacancy history,0,0
26,Infosys,https://www.infosys.com/careers.html,employer,99,P1 — Focus,Harshit primary,Tech Consulting / Enterprise,Business Analyst; ERP/D365/Implementation Analyst; Technology Consultant; BI Analyst,Keep any employment type when role-relevant; exclude generic part-time work,"Exclude generic sales, retail, hospitality, customer service and frontline roles",78,"Your ERP/D365, UAT, SQL/Python and client-delivery background maps directly to implementation/transformation roles.",visible,core_harshit,yes,validated_live_relevant,Current Republic of Ireland job evidence in target role families,3,1
27,Integrity360,https://www.integrity360.com/careers,employer,99,P1 — Focus,Harshit primary,Tech Consulting / Enterprise,Business Analyst; ERP/D365/Implementation Analyst; Technology Consultant; BI Analyst,Keep any employment type when role-relevant; exclude generic part-time work,"Exclude generic sales, retail, hospitality, customer service and frontline roles",78,"Your ERP/D365, UAT, SQL/Python and client-delivery background maps directly to implementation/transformation roles.",visible,core_harshit,yes,strategic_unverified,Strategic target; Ireland relevance not yet proven by dashboard vacancy history,0,0
28,Kyndryl,https://www.kyndryl.com/us/en/careers,employer,99,P1 — Focus,Harshit primary,Tech Consulting / Enterprise,Business Analyst; ERP/D365/Implementation Analyst; Technology Consultant; BI Analyst,Keep any employment type when role-relevant; exclude generic part-time work,"Exclude generic sales, retail, hospitality, customer service and frontline roles",78,"Your ERP/D365, UAT, SQL/Python and client-delivery background maps directly to implementation/transformation roles.",visible,core_harshit,yes,strategic_unverified,Strategic target; Ireland relevance not yet proven by dashboard vacancy history,0,0
29,Noesis,https://www.noesis.pt/en/careers,employer,99,P1 — Focus,Harshit primary,Tech Consulting / Enterprise,Business Analyst; ERP/D365/Implementation Analyst; Technology Consultant; BI Analyst,Keep any employment type when role-relevant; exclude generic part-time work,"Exclude generic sales, retail, hospitality, customer service and frontline roles",78,"Your ERP/D365, UAT, SQL/Python and client-delivery background maps directly to implementation/transformation roles.",visible,core_harshit,yes,strategic_unverified,Strategic target; Ireland relevance not yet proven by dashboard vacancy history,0,0
30,NTT DATA,https://careers.nttdata.com/,employer,99,P1 — Focus,Harshit primary,Tech Consulting / Enterprise,Business Analyst; ERP/D365/Implementation Analyst; Technology Consultant; BI Analyst,Keep any employment type when role-relevant; exclude generic part-time work,"Exclude generic sales, retail, hospitality, customer service and frontline roles",78,"Your ERP/D365, UAT, SQL/Python and client-delivery background maps directly to implementation/transformation roles.",visible,core_harshit,yes,validated_live_relevant,Current Republic of Ireland job evidence in target role families,27,12
31,OpenText,https://careers.opentext.com/,employer,99,P1 — Focus,Harshit primary,Tech Consulting / Enterprise,Business Analyst; ERP/D365/Implementation Analyst; Technology Consultant; BI Analyst,Keep any employment type when role-relevant; exclude generic part-time work,"Exclude generic sales, retail, hospitality, customer service and frontline roles",78,"Your ERP/D365, UAT, SQL/Python and client-delivery background maps directly to implementation/transformation roles.",visible,core_harshit,yes,strategic_unverified,Strategic target; Ireland relevance not yet proven by dashboard vacancy history,0,0
32,Quest Software,https://careers.quest.com/,employer,99,P1 — Focus,Harshit primary,Tech Consulting / Enterprise,Business Analyst; ERP/D365/Implementation Analyst; Technology Consultant; BI Analyst,Keep any employment type when role-relevant; exclude generic part-time work,"Exclude generic sales, retail, hospitality, customer service and frontline roles",78,"Your ERP/D365, UAT, SQL/Python and client-delivery background maps directly to implementation/transformation roles.",visible,core_harshit,yes,strategic_unverified,Strategic target; Ireland relevance not yet proven by dashboard vacancy history,0,0
33,Red Hat,https://www.redhat.com/en/jobs,employer,99,P1 — Focus,Harshit primary,Tech Consulting / Enterprise,Business Analyst; ERP/D365/Implementation Analyst; Technology Consultant; BI Analyst,Keep any employment type when role-relevant; exclude generic part-time work,"Exclude generic sales, retail, hospitality, customer service and frontline roles",78,"Your ERP/D365, UAT, SQL/Python and client-delivery background maps directly to implementation/transformation roles.",visible,core_harshit,yes,strategic_unverified,Strategic target; Ireland relevance not yet proven by dashboard vacancy history,0,0
34,SolarWinds,https://jobs.solarwinds.com/,employer,99,P1 — Focus,Harshit primary,Tech Consulting / Enterprise,Business Analyst; ERP/D365/Implementation Analyst; Technology Consultant; BI Analyst,Keep any employment type when role-relevant; exclude generic part-time work,"Exclude generic sales, retail, hospitality, customer service and frontline roles",78,"Your ERP/D365, UAT, SQL/Python and client-delivery background maps directly to implementation/transformation roles.",visible,core_harshit,yes,strategic_unverified,Strategic target; Ireland relevance not yet proven by dashboard vacancy history,0,0
35,Tata Consultancy Services (TCS),https://www.tcs.com/careers,employer,99,P1 — Focus,Harshit primary,Tech Consulting / Enterprise,Business Analyst; ERP/D365/Implementation Analyst; Technology Consultant; BI Analyst,Keep any employment type when role-relevant; exclude generic part-time work,"Exclude generic sales, retail, hospitality, customer service and frontline roles",78,"Your ERP/D365, UAT, SQL/Python and client-delivery background maps directly to implementation/transformation roles.",visible,core_harshit,yes,validated_live_other,"Current Republic of Ireland employment evidence, but no target-role match in latest data",1,0
36,Tricentis,https://www.tricentis.com/company/careers,employer,99,P1 — Focus,Harshit primary,Tech Consulting / Enterprise,Business Analyst; ERP/D365/Implementation Analyst; Technology Consultant; BI Analyst,Keep any employment type when role-relevant; exclude generic part-time work,"Exclude generic sales, retail, hospitality, customer service and frontline roles",78,"Your ERP/D365, UAT, SQL/Python and client-delivery background maps directly to implementation/transformation roles.",visible,core_harshit,yes,strategic_unverified,Strategic target; Ireland relevance not yet proven by dashboard vacancy history,0,0
37,Version 1,https://www.version1.com/careers/,employer,99,P1 — Focus,Harshit primary,Tech Consulting / Enterprise,Business Analyst; ERP/D365/Implementation Analyst; Technology Consultant; BI Analyst,Keep any employment type when role-relevant; exclude generic part-time work,"Exclude generic sales, retail, hospitality, customer service and frontline roles",78,"Your ERP/D365, UAT, SQL/Python and client-delivery background maps directly to implementation/transformation roles.",visible,core_harshit,yes,validated_live_relevant,Current Republic of Ireland job evidence in target role families,56,18
38,Wipro,https://careers.wipro.com/,employer,99,P1 — Focus,Harshit primary,Tech Consulting / Enterprise,Business Analyst; ERP/D365/Implementation Analyst; Technology Consultant; BI Analyst,Keep any employment type when role-relevant; exclude generic part-time work,"Exclude generic sales, retail, hospitality, customer service and frontline roles",78,"Your ERP/D365, UAT, SQL/Python and client-delivery background maps directly to implementation/transformation roles.",visible,core_harshit,yes,validated_live_other,"Current Republic of Ireland employment evidence, but no target-role match in latest data",1,0
39,Databricks,https://www.databricks.com/company/careers/open-positions,employer,95,P1 — Focus,Harshit primary,Data / AI Platform,Data Analyst; Data Engineer; Solutions Architect; Technology Consultant,Keep any employment type when role-relevant; exclude generic part-time work,"Exclude generic sales, retail, hospitality, customer service and frontline roles",55,External Ireland role/person evidence; strong local Databricks ecosystem,visible,core_harshit,yes,added_external_ireland_role_evidence,External Ireland role/person evidence; strong local Databricks ecosystem,0,0
40,Codec,https://www.codec.ie/careers,employer,92,P1 — Focus,Harshit primary,Corporate / Services,Business Analyst; Data/BI Analyst; Operations/Transformation Analyst,Keep any employment type when role-relevant; exclude generic part-time work,"Exclude generic sales, retail, hospitality, customer service and frontline roles",68,"Solid transferable fit for business analysis, BI, transformation and operations roles; exact vacancy and referral will drive outcome.",visible,core_harshit,yes,validated_live_relevant,Current Republic of Ireland job evidence in target role families,14,7
41,Kitman Labs,https://www.kitmanlabs.com/careers/,employer,92,P1 — Focus,Harshit primary,Corporate / Services,Business Analyst; Data/BI Analyst; Operations/Transformation Analyst,Keep any employment type when role-relevant; exclude generic part-time work,"Exclude generic sales, retail, hospitality, customer service and frontline roles",68,"Solid transferable fit for business analysis, BI, transformation and operations roles; exact vacancy and referral will drive outcome.",visible,core_harshit,yes,validated_live_relevant,Current Republic of Ireland job evidence in target role families,4,3
42,Teneo Ireland,https://www.teneo.com/careers/,employer,92,P1 — Focus,Harshit primary,Corporate / Services,Business Analyst; Data/BI Analyst; Operations/Transformation Analyst,Keep any employment type when role-relevant; exclude generic part-time work,"Exclude generic sales, retail, hospitality, customer service and frontline roles",68,"Solid transferable fit for business analysis, BI, transformation and operations roles; exact vacancy and referral will drive outcome.",visible,core_harshit,yes,strategic_unverified,Strategic target; Ireland relevance not yet proven by dashboard vacancy history,0,0
43,Aer Lingus,https://www.aerlingus.com/about-us/careers/,employer,90,P1 — Focus,Harshit primary,Finance / Risk,Risk/Compliance Analyst; Data/BI Analyst; Business Analyst; Operations Analyst,Keep any employment type when role-relevant; exclude generic part-time work,"Exclude generic sales, retail, hospitality, customer service and frontline roles",85,Analytics plus market-surveillance project helps; finance pedigree/domain depth is weaker than your business/implementation fit.,visible,core_harshit,yes,strategic_unverified,Strategic target; Ireland relevance not yet proven by dashboard vacancy history,0,0
44,Amazon,https://www.amazon.jobs/en/locations/dublin-ireland,employer,90,P4 — Exact-fit only,Low priority,Finance / Risk,Risk/Compliance Analyst; Data/BI Analyst; Business Analyst; Operations Analyst,Keep any employment type when role-relevant; exclude generic part-time work,"Exclude generic sales, retail, hospitality, customer service and frontline roles",59,"Strong analytics/implementation foundation, but brand-selective hiring and role competition make this a reach; referral + exact-role fit matters.",visible,core_harshit,yes,validated_live_relevant,Current Republic of Ireland job evidence in target role families,196,22
45,Google,https://www.google.com/about/careers/applications/jobs/results/?location=Ireland,employer,90,P4 — Exact-fit only,Low priority,Finance / Risk,Risk/Compliance Analyst; Data/BI Analyst; Business Analyst; Operations Analyst,Keep any employment type when role-relevant; exclude generic part-time work,"Exclude generic sales, retail, hospitality, customer service and frontline roles",59,"Strong analytics/implementation foundation, but brand-selective hiring and role competition make this a reach; referral + exact-role fit matters.",visible,core_harshit,yes,validated_live_relevant,Current Republic of Ireland job evidence in target role families,114,17
46,Kerry Group,https://jobs.kerry.com/search/?q=&locationsearch=Ireland,employer,90,P1 — Focus,Harshit primary,Finance / Risk,Risk/Compliance Analyst; Data/BI Analyst; Business Analyst; Operations Analyst,Keep any employment type when role-relevant; exclude generic part-time work,"Exclude generic sales, retail, hospitality, customer service and frontline roles",85,Analytics plus market-surveillance project helps; finance pedigree/domain depth is weaker than your business/implementation fit.,visible,core_harshit,yes,validated_live_relevant,Current Republic of Ireland job evidence in target role families,1,1
47,MongoDB,https://www.mongodb.com/careers/jobs?location=Dublin%2C%20Ireland,employer,90,P4 — Exact-fit only,Low priority,Finance / Risk,Risk/Compliance Analyst; Data/BI Analyst; Business Analyst; Operations Analyst,Keep any employment type when role-relevant; exclude generic part-time work,"Exclude generic sales, retail, hospitality, customer service and frontline roles",59,"Strong analytics/implementation foundation, but brand-selective hiring and role competition make this a reach; referral + exact-role fit matters.",visible,core_harshit,yes,validated_live_relevant,Current Republic of Ireland job evidence in target role families,70,12
48,Musgrave Group (SuperValu / Centra),https://www.musgravegroup.com/careers/,employer,90,P1 — Focus,Harshit primary,Finance / Risk,Risk/Compliance Analyst; Data/BI Analyst; Business Analyst; Operations Analyst,Keep any employment type when role-relevant; exclude generic part-time work,"Exclude generic sales, retail, hospitality, customer service and frontline roles",85,Analytics plus market-surveillance project helps; finance pedigree/domain depth is weaker than your business/implementation fit.,visible,core_harshit,yes,validated_live_relevant,Current Republic of Ireland job evidence in target role families,41,1
49,Northern Trust,https://northerntrust.wd1.myworkdayjobs.com/External_Careers,employer,90,P2 — Strong,Harshit primary,Finance / Risk,Risk/Compliance Analyst; Data/BI Analyst; Business Analyst; Operations Analyst,Keep any employment type when role-relevant; exclude generic part-time work,"Exclude generic sales, retail, hospitality, customer service and frontline roles",81,Analytics plus market-surveillance project helps; finance pedigree/domain depth is weaker than your business/implementation fit.,visible,core_harshit,yes,validated_live_relevant,Current Republic of Ireland job evidence in target role families,83,10
50,Ornua,https://www.ornua.com/careers/,employer,90,P1 — Focus,Harshit primary,Finance / Risk,Risk/Compliance Analyst; Data/BI Analyst; Business Analyst; Operations Analyst,Keep any employment type when role-relevant; exclude generic part-time work,"Exclude generic sales, retail, hospitality, customer service and frontline roles",85,Analytics plus market-surveillance project helps; finance pedigree/domain depth is weaker than your business/implementation fit.,visible,core_harshit,yes,strategic_unverified,Strategic target; Ireland relevance not yet proven by dashboard vacancy history,0,0
51,Ryanair,https://careers.ryanair.com/,employer,90,P1 — Focus,Harshit primary,Finance / Risk,Risk/Compliance Analyst; Data/BI Analyst; Business Analyst; Operations Analyst,Keep any employment type when role-relevant; exclude generic part-time work,"Exclude generic sales, retail, hospitality, customer service and frontline roles",85,Analytics plus market-surveillance project helps; finance pedigree/domain depth is weaker than your business/implementation fit.,visible,core_harshit,yes,validated_live_relevant,Current Republic of Ireland job evidence in target role families,16,2
52,Stripe,https://stripe.com/jobs,employer,90,P4 — Exact-fit only,Low priority,Finance / Risk,Risk/Compliance Analyst; Data/BI Analyst; Business Analyst; Operations Analyst,Keep any employment type when role-relevant; exclude generic part-time work,"Exclude generic sales, retail, hospitality, customer service and frontline roles",59,"Strong analytics/implementation foundation, but brand-selective hiring and role competition make this a reach; referral + exact-role fit matters.",visible,core_harshit,yes,validated_live_relevant,Current Republic of Ireland job evidence in target role families,51,12
53,Tesco Ireland,https://www.tesco-careers.com/search-jobs/?location=Ireland,employer,90,P1 — Focus,Harshit primary,Finance / Risk,Risk/Compliance Analyst; Data/BI Analyst; Business Analyst; Operations Analyst,Keep any employment type when role-relevant; exclude generic part-time work,"Exclude generic sales, retail, hospitality, customer service and frontline roles",85,Analytics plus market-surveillance project helps; finance pedigree/domain depth is weaker than your business/implementation fit.,visible,core_harshit,yes,strategic_unverified,Strategic target; Ireland relevance not yet proven by dashboard vacancy history,0,0
54,Bloomberg,https://www.bloomberg.com/careers/,employer,88,P2 — Strong,Harshit primary,Financial Data / Technology,Data Analyst; Financial Analyst; BI Analyst; Product Analyst,Keep any employment type when role-relevant; exclude generic part-time work,"Exclude generic sales, retail, hospitality, customer service and frontline roles",70,External Dublin analyst/technical employment evidence,visible,core_harshit,yes,added_external_ireland_role_evidence,External Dublin analyst/technical employment evidence,0,0
55,Boston Consulting Group (BCG),https://careers.bcg.com/locations/ireland,employer,88,P2 — Strong,Harshit primary,Strategy / Consulting,Business Analyst; Strategy; Transformation; Data & Analytics,Keep any employment type when role-relevant; exclude generic part-time work,"Exclude generic sales, retail, hospitality, customer service and frontline roles",70,Ireland consulting recruitment footprint,visible,core_harshit,yes,added_external_ireland_role_evidence,Ireland consulting recruitment footprint,0,0
56,Grant Thornton Ireland,https://iegt.wd3.myworkdayjobs.com/GTI_External_Careers_Experienced_Hires_ROI,employer,88,P2 — Strong,Harshit primary,Finance / Risk,Risk/Compliance Analyst; Data/BI Analyst; Business Analyst; Operations Analyst,Keep any employment type when role-relevant; exclude generic part-time work,"Exclude generic sales, retail, hospitality, customer service and frontline roles",81,Analytics plus market-surveillance project helps; finance pedigree/domain depth is weaker than your business/implementation fit.,visible,core_harshit,yes,validated_live_relevant,Current Republic of Ireland job evidence in target role families,54,9
57,A&L Goodbody,https://www.algoodbody.com/careers,employer,86,P2 — Strong,Harshit primary,Finance / Risk,Risk/Compliance Analyst; Data/BI Analyst; Business Analyst; Operations Analyst,Keep any employment type when role-relevant; exclude generic part-time work,"Exclude generic sales, retail, hospitality, customer service and frontline roles",81,Analytics plus market-surveillance project helps; finance pedigree/domain depth is weaker than your business/implementation fit.,visible,core_harshit,yes,validated_live_other,"Current Republic of Ireland employment evidence, but no target-role match in latest data",21,0
58,ABB,https://careers.abb/global/en,employer,86,P2 — Strong,Harshit primary,Finance / Risk,Risk/Compliance Analyst; Data/BI Analyst; Business Analyst; Operations Analyst,Keep any employment type when role-relevant; exclude generic part-time work,"Exclude generic sales, retail, hospitality, customer service and frontline roles",81,Analytics plus market-surveillance project helps; finance pedigree/domain depth is weaker than your business/implementation fit.,visible,core_harshit,yes,strategic_unverified,Strategic target; Ireland relevance not yet proven by dashboard vacancy history,0,0
59,AECOM,https://aecom.jobs/search-jobs/Ireland,employer,86,P2 — Strong,Harshit primary,Finance / Risk,Risk/Compliance Analyst; Data/BI Analyst; Business Analyst; Operations Analyst,Keep any employment type when role-relevant; exclude generic part-time work,"Exclude generic sales, retail, hospitality, customer service and frontline roles",81,Analytics plus market-surveillance project helps; finance pedigree/domain depth is weaker than your business/implementation fit.,visible,core_harshit,yes,validated_live_relevant,Current Republic of Ireland job evidence in target role families,31,2
60,Agilent Technologies,https://careers.agilent.com/,employer,86,P2 — Strong,Harshit primary,Finance / Risk,Risk/Compliance Analyst; Data/BI Analyst; Business Analyst; Operations Analyst,Keep any employment type when role-relevant; exclude generic part-time work,"Exclude generic sales, retail, hospitality, customer service and frontline roles",81,Analytics plus market-surveillance project helps; finance pedigree/domain depth is weaker than your business/implementation fit.,visible,core_harshit,yes,validated_live_other,"Current Republic of Ireland employment evidence, but no target-role match in latest data",1,0
61,AIB (Allied Irish Banks),https://jobs.aib.ie/,employer,86,P2 — Strong,Harshit primary,Finance / Risk,Risk/Compliance Analyst; Data/BI Analyst; Business Analyst; Operations Analyst,Keep any employment type when role-relevant; exclude generic part-time work,"Exclude generic sales, retail, hospitality, customer service and frontline roles",81,Analytics plus market-surveillance project helps; finance pedigree/domain depth is weaker than your business/implementation fit.,visible,core_harshit,yes,validated_live_relevant,Current Republic of Ireland job evidence in target role families,5,1
62,AIG,https://www.aig.com/careers,employer,86,P2 — Strong,Harshit primary,Finance / Risk,Risk/Compliance Analyst; Data/BI Analyst; Business Analyst; Operations Analyst,Keep any employment type when role-relevant; exclude generic part-time work,"Exclude generic sales, retail, hospitality, customer service and frontline roles",81,Analytics plus market-surveillance project helps; finance pedigree/domain depth is weaker than your business/implementation fit.,visible,core_harshit,yes,strategic_unverified,Strategic target; Ireland relevance not yet proven by dashboard vacancy history,0,0
63,AirNav Ireland,https://www.airnav.ie/careers,employer,86,P2 — Strong,Harshit primary,Finance / Risk,Risk/Compliance Analyst; Data/BI Analyst; Business Analyst; Operations Analyst,Keep any employment type when role-relevant; exclude generic part-time work,"Exclude generic sales, retail, hospitality, customer service and frontline roles",81,Analytics plus market-surveillance project helps; finance pedigree/domain depth is weaker than your business/implementation fit.,visible,core_harshit,yes,strategic_unverified,Strategic target; Ireland relevance not yet proven by dashboard vacancy history,0,0
64,Akamai,https://www.akamai.com/careers,employer,86,P2 — Strong,Harshit primary,Finance / Risk,Risk/Compliance Analyst; Data/BI Analyst; Business Analyst; Operations Analyst,Keep any employment type when role-relevant; exclude generic part-time work,"Exclude generic sales, retail, hospitality, customer service and frontline roles",81,Analytics plus market-surveillance project helps; finance pedigree/domain depth is weaker than your business/implementation fit.,visible,core_harshit,yes,strategic_unverified,Strategic target; Ireland relevance not yet proven by dashboard vacancy history,0,0
65,Alexion Pharmaceuticals,https://careers.astrazeneca.com/location/ireland-jobs/7684/2963597/2,employer,86,P2 — Strong,Harshit primary,Finance / Risk,Risk/Compliance Analyst; Data/BI Analyst; Business Analyst; Operations Analyst,Keep any employment type when role-relevant; exclude generic part-time work,"Exclude generic sales, retail, hospitality, customer service and frontline roles",81,Analytics plus market-surveillance project helps; finance pedigree/domain depth is weaker than your business/implementation fit.,visible,core_harshit,yes,strategic_unverified,Strategic target; Ireland relevance not yet proven by dashboard vacancy history,0,0
66,Alkermes,https://www.alkermes.com/careers,employer,86,P2 — Strong,Harshit primary,Finance / Risk,Risk/Compliance Analyst; Data/BI Analyst; Business Analyst; Operations Analyst,Keep any employment type when role-relevant; exclude generic part-time work,"Exclude generic sales, retail, hospitality, customer service and frontline roles",81,Analytics plus market-surveillance project helps; finance pedigree/domain depth is weaker than your business/implementation fit.,visible,core_harshit,yes,strategic_unverified,Strategic target; Ireland relevance not yet proven by dashboard vacancy history,0,0
67,Allianz Ireland,https://www.allianz.ie/about-allianz/careers.html,employer,86,P2 — Strong,Harshit primary,Finance / Risk,Risk/Compliance Analyst; Data/BI Analyst; Business Analyst; Operations Analyst,Keep any employment type when role-relevant; exclude generic part-time work,"Exclude generic sales, retail, hospitality, customer service and frontline roles",81,Analytics plus market-surveillance project helps; finance pedigree/domain depth is weaker than your business/implementation fit.,visible,core_harshit,yes,validated_live_other,"Current Republic of Ireland employment evidence, but no target-role match in latest data",5,0
68,Alter Domus,https://careers.alterdomus.com/,employer,86,P2 — Strong,Harshit primary,Finance / Risk,Risk/Compliance Analyst; Data/BI Analyst; Business Analyst; Operations Analyst,Keep any employment type when role-relevant; exclude generic part-time work,"Exclude generic sales, retail, hospitality, customer service and frontline roles",81,Analytics plus market-surveillance project helps; finance pedigree/domain depth is weaker than your business/implementation fit.,visible,core_harshit,yes,strategic_unverified,Strategic target; Ireland relevance not yet proven by dashboard vacancy history,0,0
69,AMCS Group,https://www.amcsgroup.com/careers/,employer,86,P2 — Strong,Harshit primary,Finance / Risk,Risk/Compliance Analyst; Data/BI Analyst; Business Analyst; Operations Analyst,Keep any employment type when role-relevant; exclude generic part-time work,"Exclude generic sales, retail, hospitality, customer service and frontline roles",81,Analytics plus market-surveillance project helps; finance pedigree/domain depth is weaker than your business/implementation fit.,visible,core_harshit,yes,strategic_unverified,Strategic target; Ireland relevance not yet proven by dashboard vacancy history,0,0
70,Amundi,https://about.amundi.com/Careers,employer,86,P2 — Strong,Harshit primary,Finance / Risk,Risk/Compliance Analyst; Data/BI Analyst; Business Analyst; Operations Analyst,Keep any employment type when role-relevant; exclude generic part-time work,"Exclude generic sales, retail, hospitality, customer service and frontline roles",81,Analytics plus market-surveillance project helps; finance pedigree/domain depth is weaker than your business/implementation fit.,visible,core_harshit,yes,strategic_unverified,Strategic target; Ireland relevance not yet proven by dashboard vacancy history,0,0
71,An Post,https://www.anpost.com/About/Careers,employer,86,P2 — Strong,Harshit primary,Finance / Risk,Risk/Compliance Analyst; Data/BI Analyst; Business Analyst; Operations Analyst,Keep any employment type when role-relevant; exclude generic part-time work,"Exclude generic sales, retail, hospitality, customer service and frontline roles",81,Analytics plus market-surveillance project helps; finance pedigree/domain depth is weaker than your business/implementation fit.,visible,core_harshit,yes,strategic_unverified,Strategic target; Ireland relevance not yet proven by dashboard vacancy history,0,0
72,Aon,https://aon.wd1.myworkdayjobs.com/AonCareers,employer,86,P2 — Strong,Harshit primary,Finance / Risk,Risk/Compliance Analyst; Data/BI Analyst; Business Analyst; Operations Analyst,Keep any employment type when role-relevant; exclude generic part-time work,"Exclude generic sales, retail, hospitality, customer service and frontline roles",81,Analytics plus market-surveillance project helps; finance pedigree/domain depth is weaker than your business/implementation fit.,visible,core_harshit,yes,validated_live_other,"Current Republic of Ireland employment evidence, but no target-role match in latest data",3,0
73,Apex Group,https://www.apexgroup.com/careers/,employer,86,P2 — Strong,Harshit primary,Finance / Risk,Risk/Compliance Analyst; Data/BI Analyst; Business Analyst; Operations Analyst,Keep any employment type when role-relevant; exclude generic part-time work,"Exclude generic sales, retail, hospitality, customer service and frontline roles",81,Analytics plus market-surveillance project helps; finance pedigree/domain depth is weaker than your business/implementation fit.,visible,core_harshit,yes,validated_live_other,"Current Republic of Ireland employment evidence, but no target-role match in latest data",6,0
74,Applied Materials,https://www.appliedmaterials.com/us/en/careers.html,employer,86,P2 — Strong,Harshit primary,Finance / Risk,Risk/Compliance Analyst; Data/BI Analyst; Business Analyst; Operations Analyst,Keep any employment type when role-relevant; exclude generic part-time work,"Exclude generic sales, retail, hospitality, customer service and frontline roles",81,Analytics plus market-surveillance project helps; finance pedigree/domain depth is weaker than your business/implementation fit.,visible,core_harshit,yes,validated_live_other,"Current Republic of Ireland employment evidence, but no target-role match in latest data",6,0
75,Aptiv,https://www.aptiv.com/en/jobs/working-here/global-locations/ireland,employer,86,P2 — Strong,Harshit primary,Finance / Risk,Risk/Compliance Analyst; Data/BI Analyst; Business Analyst; Operations Analyst,Keep any employment type when role-relevant; exclude generic part-time work,"Exclude generic sales, retail, hospitality, customer service and frontline roles",81,Analytics plus market-surveillance project helps; finance pedigree/domain depth is weaker than your business/implementation fit.,visible,core_harshit,yes,validated_live_relevant,Current Republic of Ireland job evidence in target role families,5,1
76,Arcadis,https://www.arcadis.com/en/careers,employer,86,P2 — Strong,Harshit primary,Finance / Risk,Risk/Compliance Analyst; Data/BI Analyst; Business Analyst; Operations Analyst,Keep any employment type when role-relevant; exclude generic part-time work,"Exclude generic sales, retail, hospitality, customer service and frontline roles",81,Analytics plus market-surveillance project helps; finance pedigree/domain depth is weaker than your business/implementation fit.,visible,core_harshit,yes,validated_live_other,"Current Republic of Ireland employment evidence, but no target-role match in latest data",9,0
77,Arista Networks,https://www.arista.com/en/careers,employer,86,P2 — Strong,Harshit primary,Finance / Risk,Risk/Compliance Analyst; Data/BI Analyst; Business Analyst; Operations Analyst,Keep any employment type when role-relevant; exclude generic part-time work,"Exclude generic sales, retail, hospitality, customer service and frontline roles",81,Analytics plus market-surveillance project helps; finance pedigree/domain depth is weaker than your business/implementation fit.,visible,core_harshit,yes,validated_live_other,"Current Republic of Ireland employment evidence, but no target-role match in latest data",14,0
78,Arthur Cox,https://www.arthurcox.com/careers/,employer,86,P2 — Strong,Harshit primary,Finance / Risk,Risk/Compliance Analyst; Data/BI Analyst; Business Analyst; Operations Analyst,Keep any employment type when role-relevant; exclude generic part-time work,"Exclude generic sales, retail, hospitality, customer service and frontline roles",81,Analytics plus market-surveillance project helps; finance pedigree/domain depth is weaker than your business/implementation fit.,visible,core_harshit,yes,validated_live_other,"Current Republic of Ireland employment evidence, but no target-role match in latest data",7,0
79,Arup,https://www.arup.com/careers,employer,86,P2 — Strong,Harshit primary,Finance / Risk,Risk/Compliance Analyst; Data/BI Analyst; Business Analyst; Operations Analyst,Keep any employment type when role-relevant; exclude generic part-time work,"Exclude generic sales, retail, hospitality, customer service and frontline roles",81,Analytics plus market-surveillance project helps; finance pedigree/domain depth is weaker than your business/implementation fit.,visible,core_harshit,yes,validated_live_relevant,Current Republic of Ireland job evidence in target role families,20,1
80,ARYZTA Ireland,https://www.aryzta.com/careers/,employer,86,P2 — Strong,Harshit primary,Finance / Risk,Risk/Compliance Analyst; Data/BI Analyst; Business Analyst; Operations Analyst,Keep any employment type when role-relevant; exclude generic part-time work,"Exclude generic sales, retail, hospitality, customer service and frontline roles",81,Analytics plus market-surveillance project helps; finance pedigree/domain depth is weaker than your business/implementation fit.,visible,core_harshit,yes,strategic_unverified,Strategic target; Ireland relevance not yet proven by dashboard vacancy history,0,0
81,Asana,https://asana.com/careers,employer,86,P2 — Strong,Harshit primary,Finance / Risk,Risk/Compliance Analyst; Data/BI Analyst; Business Analyst; Operations Analyst,Keep any employment type when role-relevant; exclude generic part-time work,"Exclude generic sales, retail, hospitality, customer service and frontline roles",81,Analytics plus market-surveillance project helps; finance pedigree/domain depth is weaker than your business/implementation fit.,visible,core_harshit,yes,validated_live_relevant,Current Republic of Ireland job evidence in target role families,7,2
82,ASL Aviation Holdings,https://www.aslaviationholdings.com/careers/,employer,86,P2 — Strong,Harshit primary,Finance / Risk,Risk/Compliance Analyst; Data/BI Analyst; Business Analyst; Operations Analyst,Keep any employment type when role-relevant; exclude generic part-time work,"Exclude generic sales, retail, hospitality, customer service and frontline roles",81,Analytics plus market-surveillance project helps; finance pedigree/domain depth is weaker than your business/implementation fit.,visible,core_harshit,yes,strategic_unverified,Strategic target; Ireland relevance not yet proven by dashboard vacancy history,0,0
83,ASML,https://www.asml.com/en/careers,employer,86,P2 — Strong,Harshit primary,Finance / Risk,Risk/Compliance Analyst; Data/BI Analyst; Business Analyst; Operations Analyst,Keep any employment type when role-relevant; exclude generic part-time work,"Exclude generic sales, retail, hospitality, customer service and frontline roles",81,Analytics plus market-surveillance project helps; finance pedigree/domain depth is weaker than your business/implementation fit.,visible,core_harshit,yes,strategic_unverified,Strategic target; Ireland relevance not yet proven by dashboard vacancy history,0,0
84,Astellas Pharma,https://www.astellas.com/en/careers,employer,86,P2 — Strong,Harshit primary,Finance / Risk,Risk/Compliance Analyst; Data/BI Analyst; Business Analyst; Operations Analyst,Keep any employment type when role-relevant; exclude generic part-time work,"Exclude generic sales, retail, hospitality, customer service and frontline roles",81,Analytics plus market-surveillance project helps; finance pedigree/domain depth is weaker than your business/implementation fit.,visible,core_harshit,yes,strategic_unverified,Strategic target; Ireland relevance not yet proven by dashboard vacancy history,0,0
85,AstraZeneca,https://careers.astrazeneca.com/search-jobs/Ireland,employer,86,P2 — Strong,Harshit primary,Finance / Risk,Risk/Compliance Analyst; Data/BI Analyst; Business Analyst; Operations Analyst,Keep any employment type when role-relevant; exclude generic part-time work,"Exclude generic sales, retail, hospitality, customer service and frontline roles",81,Analytics plus market-surveillance project helps; finance pedigree/domain depth is weaker than your business/implementation fit.,visible,core_harshit,yes,validated_live_other,"Current Republic of Ireland employment evidence, but no target-role match in latest data",6,0
86,AtkinsRéalis,https://careers.atkinsrealis.com/,employer,86,P2 — Strong,Harshit primary,Finance / Risk,Risk/Compliance Analyst; Data/BI Analyst; Business Analyst; Operations Analyst,Keep any employment type when role-relevant; exclude generic part-time work,"Exclude generic sales, retail, hospitality, customer service and frontline roles",81,Analytics plus market-surveillance project helps; finance pedigree/domain depth is weaker than your business/implementation fit.,visible,core_harshit,yes,strategic_unverified,Strategic target; Ireland relevance not yet proven by dashboard vacancy history,0,0
87,Autodesk,https://autodesk.wd1.myworkdayjobs.com/Ext,employer,86,P2 — Strong,Harshit primary,Finance / Risk,Risk/Compliance Analyst; Data/BI Analyst; Business Analyst; Operations Analyst,Keep any employment type when role-relevant; exclude generic part-time work,"Exclude generic sales, retail, hospitality, customer service and frontline roles",81,Analytics plus market-surveillance project helps; finance pedigree/domain depth is weaker than your business/implementation fit.,visible,core_harshit,yes,validated_live_other,"Current Republic of Ireland employment evidence, but no target-role match in latest data",9,0
88,Aviva Ireland,https://www.aviva.ie/about/careers/,employer,86,P2 — Strong,Harshit primary,Finance / Risk,Risk/Compliance Analyst; Data/BI Analyst; Business Analyst; Operations Analyst,Keep any employment type when role-relevant; exclude generic part-time work,"Exclude generic sales, retail, hospitality, customer service and frontline roles",81,Analytics plus market-surveillance project helps; finance pedigree/domain depth is weaker than your business/implementation fit.,visible,core_harshit,yes,strategic_unverified,Strategic target; Ireland relevance not yet proven by dashboard vacancy history,0,0
89,AXA Ireland,https://www.axa.ie/careers/,employer,86,P2 — Strong,Harshit primary,Finance / Risk,Risk/Compliance Analyst; Data/BI Analyst; Business Analyst; Operations Analyst,Keep any employment type when role-relevant; exclude generic part-time work,"Exclude generic sales, retail, hospitality, customer service and frontline roles",81,Analytics plus market-surveillance project helps; finance pedigree/domain depth is weaker than your business/implementation fit.,visible,core_harshit,yes,strategic_unverified,Strategic target; Ireland relevance not yet proven by dashboard vacancy history,0,0
90,AXA XL,https://axaxl.com/careers,employer,86,P2 — Strong,Harshit primary,Finance / Risk,Risk/Compliance Analyst; Data/BI Analyst; Business Analyst; Operations Analyst,Keep any employment type when role-relevant; exclude generic part-time work,"Exclude generic sales, retail, hospitality, customer service and frontline roles",81,Analytics plus market-surveillance project helps; finance pedigree/domain depth is weaker than your business/implementation fit.,visible,core_harshit,yes,strategic_unverified,Strategic target; Ireland relevance not yet proven by dashboard vacancy history,0,0
91,Baker Tilly Ireland,https://www.bakertilly.ie/careers/,employer,86,P2 — Strong,Harshit primary,Finance / Risk,Risk/Compliance Analyst; Data/BI Analyst; Business Analyst; Operations Analyst,Keep any employment type when role-relevant; exclude generic part-time work,"Exclude generic sales, retail, hospitality, customer service and frontline roles",81,Analytics plus market-surveillance project helps; finance pedigree/domain depth is weaker than your business/implementation fit.,visible,core_harshit,yes,validated_live_other,"Current Republic of Ireland employment evidence, but no target-role match in latest data",6,0
92,Bank of Ireland,https://www.bankofireland.com/about-bank-of-ireland/careers/,employer,86,P2 — Strong,Harshit primary,Finance / Risk,Risk/Compliance Analyst; Data/BI Analyst; Business Analyst; Operations Analyst,Keep any employment type when role-relevant; exclude generic part-time work,"Exclude generic sales, retail, hospitality, customer service and frontline roles",81,Analytics plus market-surveillance project helps; finance pedigree/domain depth is weaker than your business/implementation fit.,visible,core_harshit,yes,validated_live_other,"Current Republic of Ireland employment evidence, but no target-role match in latest data",2,0
93,Bausch + Lomb,https://bauschhealth.wd1.myworkdayjobs.com/BauschHealthCareers,employer,86,P2 — Strong,Harshit primary,Finance / Risk,Risk/Compliance Analyst; Data/BI Analyst; Business Analyst; Operations Analyst,Keep any employment type when role-relevant; exclude generic part-time work,"Exclude generic sales, retail, hospitality, customer service and frontline roles",81,Analytics plus market-surveillance project helps; finance pedigree/domain depth is weaker than your business/implementation fit.,visible,core_harshit,yes,validated_live_other,"Current Republic of Ireland employment evidence, but no target-role match in latest data",7,0
94,Baxter International,https://jobs.baxter.com/search-jobs/Ireland,employer,86,P2 — Strong,Harshit primary,Finance / Risk,Risk/Compliance Analyst; Data/BI Analyst; Business Analyst; Operations Analyst,Keep any employment type when role-relevant; exclude generic part-time work,"Exclude generic sales, retail, hospitality, customer service and frontline roles",81,Analytics plus market-surveillance project helps; finance pedigree/domain depth is weaker than your business/implementation fit.,visible,core_harshit,yes,strategic_unverified,Strategic target; Ireland relevance not yet proven by dashboard vacancy history,0,0
95,Bayer,https://career.bayer.com/en/search-jobs/Ireland,employer,86,P2 — Strong,Harshit primary,Finance / Risk,Risk/Compliance Analyst; Data/BI Analyst; Business Analyst; Operations Analyst,Keep any employment type when role-relevant; exclude generic part-time work,"Exclude generic sales, retail, hospitality, customer service and frontline roles",81,Analytics plus market-surveillance project helps; finance pedigree/domain depth is weaker than your business/implementation fit.,visible,core_harshit,yes,strategic_unverified,Strategic target; Ireland relevance not yet proven by dashboard vacancy history,0,0
96,BDO Ireland,https://www.bdo.ie/en-gb/careers,employer,86,P2 — Strong,Harshit primary,Finance / Risk,Risk/Compliance Analyst; Data/BI Analyst; Business Analyst; Operations Analyst,Keep any employment type when role-relevant; exclude generic part-time work,"Exclude generic sales, retail, hospitality, customer service and frontline roles",81,Analytics plus market-surveillance project helps; finance pedigree/domain depth is weaker than your business/implementation fit.,visible,core_harshit,yes,validated_live_other,"Current Republic of Ireland employment evidence, but no target-role match in latest data",9,0
97,Becton Dickinson (BD),https://bd.wd1.myworkdayjobs.com/BD_External,employer,86,P2 — Strong,Harshit primary,Finance / Risk,Risk/Compliance Analyst; Data/BI Analyst; Business Analyst; Operations Analyst,Keep any employment type when role-relevant; exclude generic part-time work,"Exclude generic sales, retail, hospitality, customer service and frontline roles",81,Analytics plus market-surveillance project helps; finance pedigree/domain depth is weaker than your business/implementation fit.,visible,core_harshit,yes,validated_live_other,"Current Republic of Ireland employment evidence, but no target-role match in latest data",9,0
98,BioMarin,https://www.biomarin.com/careers/jobs/,employer,86,P2 — Strong,Harshit primary,Finance / Risk,Risk/Compliance Analyst; Data/BI Analyst; Business Analyst; Operations Analyst,Keep any employment type when role-relevant; exclude generic part-time work,"Exclude generic sales, retail, hospitality, customer service and frontline roles",81,Analytics plus market-surveillance project helps; finance pedigree/domain depth is weaker than your business/implementation fit.,visible,core_harshit,yes,strategic_unverified,Strategic target; Ireland relevance not yet proven by dashboard vacancy history,0,0
99,Block,https://block.xyz/careers,employer,86,P2 — Strong,Harshit primary,Finance / Risk,Risk/Compliance Analyst; Data/BI Analyst; Business Analyst; Operations Analyst,Keep any employment type when role-relevant; exclude generic part-time work,"Exclude generic sales, retail, hospitality, customer service and frontline roles",81,Analytics plus market-surveillance project helps; finance pedigree/domain depth is weaker than your business/implementation fit.,visible,core_harshit,yes,strategic_unverified,Strategic target; Ireland relevance not yet proven by dashboard vacancy history,0,0
100,BNP Paribas Ireland,https://group.bnpparibas/en/careers,employer,86,P2 — Strong,Harshit primary,Finance / Risk,Risk/Compliance Analyst; Data/BI Analyst; Business Analyst; Operations Analyst,Keep any employment type when role-relevant; exclude generic part-time work,"Exclude generic sales, retail, hospitality, customer service and frontline roles",81,Analytics plus market-surveillance project helps; finance pedigree/domain depth is weaker than your business/implementation fit.,visible,core_harshit,yes,strategic_unverified,Strategic target; Ireland relevance not yet proven by dashboard vacancy history,0,0
101,Boehringer Ingelheim,https://www.boehringer-ingelheim.com/ie/careers,employer,86,P2 — Strong,Harshit primary,Finance / Risk,Risk/Compliance Analyst; Data/BI Analyst; Business Analyst; Operations Analyst,Keep any employment type when role-relevant; exclude generic part-time work,"Exclude generic sales, retail, hospitality, customer service and frontline roles",81,Analytics plus market-surveillance project helps; finance pedigree/domain depth is weaker than your business/implementation fit.,visible,core_harshit,yes,strategic_unverified,Strategic target; Ireland relevance not yet proven by dashboard vacancy history,0,0
102,Bord Gáis Energy,https://www.bordgaisenergy.ie/about-us/careers,employer,86,P2 — Strong,Harshit primary,Finance / Risk,Risk/Compliance Analyst; Data/BI Analyst; Business Analyst; Operations Analyst,Keep any employment type when role-relevant; exclude generic part-time work,"Exclude generic sales, retail, hospitality, customer service and frontline roles",81,Analytics plus market-surveillance project helps; finance pedigree/domain depth is weaker than your business/implementation fit.,visible,core_harshit,yes,strategic_unverified,Strategic target; Ireland relevance not yet proven by dashboard vacancy history,0,0
103,Bord na Móna,https://www.bordnamona.ie/careers/,employer,86,P2 — Strong,Harshit primary,Finance / Risk,Risk/Compliance Analyst; Data/BI Analyst; Business Analyst; Operations Analyst,Keep any employment type when role-relevant; exclude generic part-time work,"Exclude generic sales, retail, hospitality, customer service and frontline roles",81,Analytics plus market-surveillance project helps; finance pedigree/domain depth is weaker than your business/implementation fit.,visible,core_harshit,yes,strategic_unverified,Strategic target; Ireland relevance not yet proven by dashboard vacancy history,0,0
104,Bristol Myers Squibb,https://careers.bms.com/us/en/search-results?m=3&location=Ireland,employer,86,P2 — Strong,Harshit primary,Finance / Risk,Risk/Compliance Analyst; Data/BI Analyst; Business Analyst; Operations Analyst,Keep any employment type when role-relevant; exclude generic part-time work,"Exclude generic sales, retail, hospitality, customer service and frontline roles",81,Analytics plus market-surveillance project helps; finance pedigree/domain depth is weaker than your business/implementation fit.,visible,core_harshit,yes,strategic_unverified,Strategic target; Ireland relevance not yet proven by dashboard vacancy history,0,0
105,Broadcom,https://broadcom.wd1.myworkdayjobs.com/External_Career,employer,86,P2 — Strong,Harshit primary,Finance / Risk,Risk/Compliance Analyst; Data/BI Analyst; Business Analyst; Operations Analyst,Keep any employment type when role-relevant; exclude generic part-time work,"Exclude generic sales, retail, hospitality, customer service and frontline roles",81,Analytics plus market-surveillance project helps; finance pedigree/domain depth is weaker than your business/implementation fit.,visible,core_harshit,yes,strategic_unverified,Strategic target; Ireland relevance not yet proven by dashboard vacancy history,0,0
106,Brown Brothers Harriman,https://careers.bbh.com/,employer,86,P2 — Strong,Harshit primary,Finance / Risk,Risk/Compliance Analyst; Data/BI Analyst; Business Analyst; Operations Analyst,Keep any employment type when role-relevant; exclude generic part-time work,"Exclude generic sales, retail, hospitality, customer service and frontline roles",81,Analytics plus market-surveillance project helps; finance pedigree/domain depth is weaker than your business/implementation fit.,visible,core_harshit,yes,strategic_unverified,Strategic target; Ireland relevance not yet proven by dashboard vacancy history,0,0
107,BT Ireland,https://www.bt.com/careers,employer,86,P2 — Strong,Harshit primary,Finance / Risk,Risk/Compliance Analyst; Data/BI Analyst; Business Analyst; Operations Analyst,Keep any employment type when role-relevant; exclude generic part-time work,"Exclude generic sales, retail, hospitality, customer service and frontline roles",81,Analytics plus market-surveillance project helps; finance pedigree/domain depth is weaker than your business/implementation fit.,visible,core_harshit,yes,strategic_unverified,Strategic target; Ireland relevance not yet proven by dashboard vacancy history,0,0
108,Bus Éireann,https://careers.buseireann.ie/,employer,86,P2 — Strong,Harshit primary,Finance / Risk,Risk/Compliance Analyst; Data/BI Analyst; Business Analyst; Operations Analyst,Keep any employment type when role-relevant; exclude generic part-time work,"Exclude generic sales, retail, hospitality, customer service and frontline roles",81,Analytics plus market-surveillance project helps; finance pedigree/domain depth is weaker than your business/implementation fit.,visible,core_harshit,yes,strategic_unverified,Strategic target; Ireland relevance not yet proven by dashboard vacancy history,0,0
109,ByrneWallace,https://byrnewallace.com/careers/,employer,86,P2 — Strong,Harshit primary,Finance / Risk,Risk/Compliance Analyst; Data/BI Analyst; Business Analyst; Operations Analyst,Keep any employment type when role-relevant; exclude generic part-time work,"Exclude generic sales, retail, hospitality, customer service and frontline roles",81,Analytics plus market-surveillance project helps; finance pedigree/domain depth is weaker than your business/implementation fit.,visible,core_harshit,yes,strategic_unverified,Strategic target; Ireland relevance not yet proven by dashboard vacancy history,0,0
110,C&C Group,https://www.candcgroupplc.com/careers/,employer,86,P2 — Strong,Harshit primary,Finance / Risk,Risk/Compliance Analyst; Data/BI Analyst; Business Analyst; Operations Analyst,Keep any employment type when role-relevant; exclude generic part-time work,"Exclude generic sales, retail, hospitality, customer service and frontline roles",81,Analytics plus market-surveillance project helps; finance pedigree/domain depth is weaker than your business/implementation fit.,visible,core_harshit,yes,strategic_unverified,Strategic target; Ireland relevance not yet proven by dashboard vacancy history,0,0
111,CACEIS,https://www.caceis.com/careers,employer,86,P2 — Strong,Harshit primary,Finance / Risk,Risk/Compliance Analyst; Data/BI Analyst; Business Analyst; Operations Analyst,Keep any employment type when role-relevant; exclude generic part-time work,"Exclude generic sales, retail, hospitality, customer service and frontline roles",81,Analytics plus market-surveillance project helps; finance pedigree/domain depth is weaker than your business/implementation fit.,visible,core_harshit,yes,strategic_unverified,Strategic target; Ireland relevance not yet proven by dashboard vacancy history,0,0
112,Cadence Design Systems,https://cadence.wd1.myworkdayjobs.com/External_Careers,employer,86,P2 — Strong,Harshit primary,Finance / Risk,Risk/Compliance Analyst; Data/BI Analyst; Business Analyst; Operations Analyst,Keep any employment type when role-relevant; exclude generic part-time work,"Exclude generic sales, retail, hospitality, customer service and frontline roles",81,Analytics plus market-surveillance project helps; finance pedigree/domain depth is weaker than your business/implementation fit.,visible,core_harshit,yes,validated_live_other,"Current Republic of Ireland employment evidence, but no target-role match in latest data",9,0
113,Cairn Homes,https://www.cairnhomes.com/careers/,employer,86,P2 — Strong,Harshit primary,Finance / Risk,Risk/Compliance Analyst; Data/BI Analyst; Business Analyst; Operations Analyst,Keep any employment type when role-relevant; exclude generic part-time work,"Exclude generic sales, retail, hospitality, customer service and frontline roles",81,Analytics plus market-surveillance project helps; finance pedigree/domain depth is weaker than your business/implementation fit.,visible,core_harshit,yes,strategic_unverified,Strategic target; Ireland relevance not yet proven by dashboard vacancy history,0,0
114,Canto,https://www.canto.com/careers/,employer,86,P2 — Strong,Harshit primary,Finance / Risk,Risk/Compliance Analyst; Data/BI Analyst; Business Analyst; Operations Analyst,Keep any employment type when role-relevant; exclude generic part-time work,"Exclude generic sales, retail, hospitality, customer service and frontline roles",81,Analytics plus market-surveillance project helps; finance pedigree/domain depth is weaker than your business/implementation fit.,visible,core_harshit,yes,strategic_unverified,Strategic target; Ireland relevance not yet proven by dashboard vacancy history,0,0
115,Cantor Fitzgerald Ireland,https://cantorfitzgerald.ie/about-us/careers/,employer,86,P2 — Strong,Harshit primary,Finance / Risk,Risk/Compliance Analyst; Data/BI Analyst; Business Analyst; Operations Analyst,Keep any employment type when role-relevant; exclude generic part-time work,"Exclude generic sales, retail, hospitality, customer service and frontline roles",81,Analytics plus market-surveillance project helps; finance pedigree/domain depth is weaker than your business/implementation fit.,visible,core_harshit,yes,strategic_unverified,Strategic target; Ireland relevance not yet proven by dashboard vacancy history,0,0
116,Carne Group,https://www.carnegroup.com/careers/,employer,86,P2 — Strong,Harshit primary,Finance / Risk,Risk/Compliance Analyst; Data/BI Analyst; Business Analyst; Operations Analyst,Keep any employment type when role-relevant; exclude generic part-time work,"Exclude generic sales, retail, hospitality, customer service and frontline roles",81,Analytics plus market-surveillance project helps; finance pedigree/domain depth is weaker than your business/implementation fit.,visible,core_harshit,yes,strategic_unverified,Strategic target; Ireland relevance not yet proven by dashboard vacancy history,0,0
117,CarTrawler,https://www.cartrawler.com/careers/,employer,86,P2 — Strong,Harshit primary,Finance / Risk,Risk/Compliance Analyst; Data/BI Analyst; Business Analyst; Operations Analyst,Keep any employment type when role-relevant; exclude generic part-time work,"Exclude generic sales, retail, hospitality, customer service and frontline roles",81,Analytics plus market-surveillance project helps; finance pedigree/domain depth is weaker than your business/implementation fit.,visible,core_harshit,yes,validated_live_relevant,Current Republic of Ireland job evidence in target role families,9,1
118,Catalent,https://catalent.wd1.myworkdayjobs.com/External,employer,86,P2 — Strong,Harshit primary,Finance / Risk,Risk/Compliance Analyst; Data/BI Analyst; Business Analyst; Operations Analyst,Keep any employment type when role-relevant; exclude generic part-time work,"Exclude generic sales, retail, hospitality, customer service and frontline roles",81,Analytics plus market-surveillance project helps; finance pedigree/domain depth is weaker than your business/implementation fit.,visible,core_harshit,yes,strategic_unverified,Strategic target; Ireland relevance not yet proven by dashboard vacancy history,0,0
119,CBRE Ireland,https://www.cbre.ie/careers,employer,86,P2 — Strong,Harshit primary,Finance / Risk,Risk/Compliance Analyst; Data/BI Analyst; Business Analyst; Operations Analyst,Keep any employment type when role-relevant; exclude generic part-time work,"Exclude generic sales, retail, hospitality, customer service and frontline roles",81,Analytics plus market-surveillance project helps; finance pedigree/domain depth is weaker than your business/implementation fit.,visible,core_harshit,yes,strategic_unverified,Strategic target; Ireland relevance not yet proven by dashboard vacancy history,0,0
120,CDB Aviation,https://cdbaviation.aero/careers,employer,86,P2 — Strong,Harshit primary,Finance / Risk,Risk/Compliance Analyst; Data/BI Analyst; Business Analyst; Operations Analyst,Keep any employment type when role-relevant; exclude generic part-time work,"Exclude generic sales, retail, hospitality, customer service and frontline roles",81,Analytics plus market-surveillance project helps; finance pedigree/domain depth is weaker than your business/implementation fit.,visible,core_harshit,yes,strategic_unverified,Strategic target; Ireland relevance not yet proven by dashboard vacancy history,0,0
121,Central Bank of Ireland,https://www.centralbank.ie/careers,employer,86,P2 — Strong,Harshit primary,Finance / Risk,Risk/Compliance Analyst; Data/BI Analyst; Business Analyst; Operations Analyst,Keep any employment type when role-relevant; exclude generic part-time work,"Exclude generic sales, retail, hospitality, customer service and frontline roles",81,Analytics plus market-surveillance project helps; finance pedigree/domain depth is weaker than your business/implementation fit.,visible,core_harshit,yes,strategic_unverified,Strategic target; Ireland relevance not yet proven by dashboard vacancy history,0,0
122,CGI,https://cgi.com/en/careers,employer,86,P2 — Strong,Harshit primary,Finance / Risk,Risk/Compliance Analyst; Data/BI Analyst; Business Analyst; Operations Analyst,Keep any employment type when role-relevant; exclude generic part-time work,"Exclude generic sales, retail, hospitality, customer service and frontline roles",81,Analytics plus market-surveillance project helps; finance pedigree/domain depth is weaker than your business/implementation fit.,visible,core_harshit,yes,strategic_unverified,Strategic target; Ireland relevance not yet proven by dashboard vacancy history,0,0
123,Charles River Laboratories,https://jobs.criver.com/search-jobs/Ireland,employer,86,P2 — Strong,Harshit primary,Finance / Risk,Risk/Compliance Analyst; Data/BI Analyst; Business Analyst; Operations Analyst,Keep any employment type when role-relevant; exclude generic part-time work,"Exclude generic sales, retail, hospitality, customer service and frontline roles",81,Analytics plus market-surveillance project helps; finance pedigree/domain depth is weaker than your business/implementation fit.,visible,core_harshit,yes,strategic_unverified,Strategic target; Ireland relevance not yet proven by dashboard vacancy history,0,0
124,Check Point Software,https://www.checkpoint.com/careers/,employer,86,P2 — Strong,Harshit primary,Finance / Risk,Risk/Compliance Analyst; Data/BI Analyst; Business Analyst; Operations Analyst,Keep any employment type when role-relevant; exclude generic part-time work,"Exclude generic sales, retail, hospitality, customer service and frontline roles",81,Analytics plus market-surveillance project helps; finance pedigree/domain depth is weaker than your business/implementation fit.,visible,core_harshit,yes,strategic_unverified,Strategic target; Ireland relevance not yet proven by dashboard vacancy history,0,0
125,Chubb,https://careers.chubb.com/,employer,86,P2 — Strong,Harshit primary,Finance / Risk,Risk/Compliance Analyst; Data/BI Analyst; Business Analyst; Operations Analyst,Keep any employment type when role-relevant; exclude generic part-time work,"Exclude generic sales, retail, hospitality, customer service and frontline roles",81,Analytics plus market-surveillance project helps; finance pedigree/domain depth is weaker than your business/implementation fit.,visible,core_harshit,yes,strategic_unverified,Strategic target; Ireland relevance not yet proven by dashboard vacancy history,0,0
126,Citco,https://www.citco.com/careers,employer,86,P2 — Strong,Harshit primary,Finance / Risk,Risk/Compliance Analyst; Data/BI Analyst; Business Analyst; Operations Analyst,Keep any employment type when role-relevant; exclude generic part-time work,"Exclude generic sales, retail, hospitality, customer service and frontline roles",81,Analytics plus market-surveillance project helps; finance pedigree/domain depth is weaker than your business/implementation fit.,visible,core_harshit,yes,strategic_unverified,Strategic target; Ireland relevance not yet proven by dashboard vacancy history,0,0
127,Citrix,https://jobs.citrix.com/,employer,86,P2 — Strong,Harshit primary,Finance / Risk,Risk/Compliance Analyst; Data/BI Analyst; Business Analyst; Operations Analyst,Keep any employment type when role-relevant; exclude generic part-time work,"Exclude generic sales, retail, hospitality, customer service and frontline roles",81,Analytics plus market-surveillance project helps; finance pedigree/domain depth is weaker than your business/implementation fit.,visible,core_harshit,yes,strategic_unverified,Strategic target; Ireland relevance not yet proven by dashboard vacancy history,0,0
128,ClickUp,https://clickup.com/careers,employer,86,P2 — Strong,Harshit primary,Finance / Risk,Risk/Compliance Analyst; Data/BI Analyst; Business Analyst; Operations Analyst,Keep any employment type when role-relevant; exclude generic part-time work,"Exclude generic sales, retail, hospitality, customer service and frontline roles",81,Analytics plus market-surveillance project helps; finance pedigree/domain depth is weaker than your business/implementation fit.,visible,core_harshit,yes,validated_live_other,"Current Republic of Ireland employment evidence, but no target-role match in latest data",7,0
129,Cloudflare,https://www.cloudflare.com/careers/jobs/,employer,86,P2 — Strong,Harshit primary,Finance / Risk,Risk/Compliance Analyst; Data/BI Analyst; Business Analyst; Operations Analyst,Keep any employment type when role-relevant; exclude generic part-time work,"Exclude generic sales, retail, hospitality, customer service and frontline roles",81,Analytics plus market-surveillance project helps; finance pedigree/domain depth is weaker than your business/implementation fit.,visible,core_harshit,yes,strategic_unverified,Strategic target; Ireland relevance not yet proven by dashboard vacancy history,0,0
130,CluneTech,https://www.clunetech.com/careers/,employer,86,P2 — Strong,Harshit primary,Finance / Risk,Risk/Compliance Analyst; Data/BI Analyst; Business Analyst; Operations Analyst,Keep any employment type when role-relevant; exclude generic part-time work,"Exclude generic sales, retail, hospitality, customer service and frontline roles",81,Analytics plus market-surveillance project helps; finance pedigree/domain depth is weaker than your business/implementation fit.,visible,core_harshit,yes,strategic_unverified,Strategic target; Ireland relevance not yet proven by dashboard vacancy history,0,0
131,Coca-Cola HBC Ireland,https://ie.coca-colahellenic.com/en/careers,employer,86,P2 — Strong,Harshit primary,Finance / Risk,Risk/Compliance Analyst; Data/BI Analyst; Business Analyst; Operations Analyst,Keep any employment type when role-relevant; exclude generic part-time work,"Exclude generic sales, retail, hospitality, customer service and frontline roles",81,Analytics plus market-surveillance project helps; finance pedigree/domain depth is weaker than your business/implementation fit.,visible,core_harshit,yes,validated_live_other,"Current Republic of Ireland employment evidence, but no target-role match in latest data",2,0
132,Cohesity,https://www.cohesity.com/company/careers/,employer,86,P2 — Strong,Harshit primary,Finance / Risk,Risk/Compliance Analyst; Data/BI Analyst; Business Analyst; Operations Analyst,Keep any employment type when role-relevant; exclude generic part-time work,"Exclude generic sales, retail, hospitality, customer service and frontline roles",81,Analytics plus market-surveillance project helps; finance pedigree/domain depth is weaker than your business/implementation fit.,visible,core_harshit,yes,strategic_unverified,Strategic target; Ireland relevance not yet proven by dashboard vacancy history,0,0
133,Coillte,https://www.coillte.ie/about-us/careers/,employer,86,P2 — Strong,Harshit primary,Finance / Risk,Risk/Compliance Analyst; Data/BI Analyst; Business Analyst; Operations Analyst,Keep any employment type when role-relevant; exclude generic part-time work,"Exclude generic sales, retail, hospitality, customer service and frontline roles",81,Analytics plus market-surveillance project helps; finance pedigree/domain depth is weaker than your business/implementation fit.,visible,core_harshit,yes,strategic_unverified,Strategic target; Ireland relevance not yet proven by dashboard vacancy history,0,0
134,Coloplast,https://www.coloplast.com/about-us/careers/,employer,86,P2 — Strong,Harshit primary,Finance / Risk,Risk/Compliance Analyst; Data/BI Analyst; Business Analyst; Operations Analyst,Keep any employment type when role-relevant; exclude generic part-time work,"Exclude generic sales, retail, hospitality, customer service and frontline roles",81,Analytics plus market-surveillance project helps; finance pedigree/domain depth is weaker than your business/implementation fit.,visible,core_harshit,yes,strategic_unverified,Strategic target; Ireland relevance not yet proven by dashboard vacancy history,0,0
135,Concentrix (Ireland),https://www.concentrix.com/careers/,employer,86,P2 — Strong,Harshit primary,Finance / Risk,Risk/Compliance Analyst; Data/BI Analyst; Business Analyst; Operations Analyst,Keep any employment type when role-relevant; exclude generic part-time work,"Exclude generic sales, retail, hospitality, customer service and frontline roles",81,Analytics plus market-surveillance project helps; finance pedigree/domain depth is weaker than your business/implementation fit.,visible,core_harshit,yes,validated_live_other,"Current Republic of Ireland employment evidence, but no target-role match in latest data",8,0
136,Convatec,https://www.convatecgroup.com/careers/,employer,86,P2 — Strong,Harshit primary,Finance / Risk,Risk/Compliance Analyst; Data/BI Analyst; Business Analyst; Operations Analyst,Keep any employment type when role-relevant; exclude generic part-time work,"Exclude generic sales, retail, hospitality, customer service and frontline roles",81,Analytics plus market-surveillance project helps; finance pedigree/domain depth is weaker than your business/implementation fit.,visible,core_harshit,yes,strategic_unverified,Strategic target; Ireland relevance not yet proven by dashboard vacancy history,0,0
137,Cook Medical,https://www.cookmedical.eu/careers/,employer,86,P2 — Strong,Harshit primary,Finance / Risk,Risk/Compliance Analyst; Data/BI Analyst; Business Analyst; Operations Analyst,Keep any employment type when role-relevant; exclude generic part-time work,"Exclude generic sales, retail, hospitality, customer service and frontline roles",81,Analytics plus market-surveillance project helps; finance pedigree/domain depth is weaker than your business/implementation fit.,visible,core_harshit,yes,strategic_unverified,Strategic target; Ireland relevance not yet proven by dashboard vacancy history,0,0
138,CRH,https://www.crh.com/careers,employer,86,P2 — Strong,Harshit primary,Finance / Risk,Risk/Compliance Analyst; Data/BI Analyst; Business Analyst; Operations Analyst,Keep any employment type when role-relevant; exclude generic part-time work,"Exclude generic sales, retail, hospitality, customer service and frontline roles",81,Analytics plus market-surveillance project helps; finance pedigree/domain depth is weaker than your business/implementation fit.,visible,core_harshit,yes,strategic_unverified,Strategic target; Ireland relevance not yet proven by dashboard vacancy history,0,0
139,Cushman & Wakefield Ireland,https://www.cushmanwakefield.com/en/ireland/careers,employer,86,P2 — Strong,Harshit primary,Finance / Risk,Risk/Compliance Analyst; Data/BI Analyst; Business Analyst; Operations Analyst,Keep any employment type when role-relevant; exclude generic part-time work,"Exclude generic sales, retail, hospitality, customer service and frontline roles",81,Analytics plus market-surveillance project helps; finance pedigree/domain depth is weaker than your business/implementation fit.,visible,core_harshit,yes,strategic_unverified,Strategic target; Ireland relevance not yet proven by dashboard vacancy history,0,0
140,daa (Dublin Airport Authority),https://www.daa.ie/careers/,employer,86,P2 — Strong,Harshit primary,Finance / Risk,Risk/Compliance Analyst; Data/BI Analyst; Business Analyst; Operations Analyst,Keep any employment type when role-relevant; exclude generic part-time work,"Exclude generic sales, retail, hospitality, customer service and frontline roles",81,Analytics plus market-surveillance project helps; finance pedigree/domain depth is weaker than your business/implementation fit.,visible,core_harshit,yes,strategic_unverified,Strategic target; Ireland relevance not yet proven by dashboard vacancy history,0,0
141,DAE Capital,https://dubaiaerospace.com/careers,employer,86,P2 — Strong,Harshit primary,Finance / Risk,Risk/Compliance Analyst; Data/BI Analyst; Business Analyst; Operations Analyst,Keep any employment type when role-relevant; exclude generic part-time work,"Exclude generic sales, retail, hospitality, customer service and frontline roles",81,Analytics plus market-surveillance project helps; finance pedigree/domain depth is weaker than your business/implementation fit.,visible,core_harshit,yes,strategic_unverified,Strategic target; Ireland relevance not yet proven by dashboard vacancy history,0,0
142,Dalata Hotel Group,https://dalatahotelgroup.com/careers/,employer,86,P2 — Strong,Harshit primary,Finance / Risk,Risk/Compliance Analyst; Data/BI Analyst; Business Analyst; Operations Analyst,Keep any employment type when role-relevant; exclude generic part-time work,"Exclude generic sales, retail, hospitality, customer service and frontline roles",81,Analytics plus market-surveillance project helps; finance pedigree/domain depth is weaker than your business/implementation fit.,visible,core_harshit,yes,strategic_unverified,Strategic target; Ireland relevance not yet proven by dashboard vacancy history,0,0
143,Danaher Corporation,https://jobs.danaher.com/global/en/search-results?m=3&location=Ireland,employer,86,P2 — Strong,Harshit primary,Finance / Risk,Risk/Compliance Analyst; Data/BI Analyst; Business Analyst; Operations Analyst,Keep any employment type when role-relevant; exclude generic part-time work,"Exclude generic sales, retail, hospitality, customer service and frontline roles",81,Analytics plus market-surveillance project helps; finance pedigree/domain depth is weaker than your business/implementation fit.,visible,core_harshit,yes,validated_live_other,"Current Republic of Ireland employment evidence, but no target-role match in latest data",7,0
144,Datalex,https://datalex.com/careers,employer,86,P2 — Strong,Harshit primary,Finance / Risk,Risk/Compliance Analyst; Data/BI Analyst; Business Analyst; Operations Analyst,Keep any employment type when role-relevant; exclude generic part-time work,"Exclude generic sales, retail, hospitality, customer service and frontline roles",81,Analytics plus market-surveillance project helps; finance pedigree/domain depth is weaker than your business/implementation fit.,visible,core_harshit,yes,strategic_unverified,Strategic target; Ireland relevance not yet proven by dashboard vacancy history,0,0
145,Davy,https://www.davy.ie/working-at-davy/opportunities,employer,86,P2 — Strong,Harshit primary,Finance / Risk,Risk/Compliance Analyst; Data/BI Analyst; Business Analyst; Operations Analyst,Keep any employment type when role-relevant; exclude generic part-time work,"Exclude generic sales, retail, hospitality, customer service and frontline roles",81,Analytics plus market-surveillance project helps; finance pedigree/domain depth is weaker than your business/implementation fit.,visible,core_harshit,yes,strategic_unverified,Strategic target; Ireland relevance not yet proven by dashboard vacancy history,0,0
146,DCC plc,https://www.dcc.ie/careers,employer,86,P2 — Strong,Harshit primary,Finance / Risk,Risk/Compliance Analyst; Data/BI Analyst; Business Analyst; Operations Analyst,Keep any employment type when role-relevant; exclude generic part-time work,"Exclude generic sales, retail, hospitality, customer service and frontline roles",81,Analytics plus market-surveillance project helps; finance pedigree/domain depth is weaker than your business/implementation fit.,visible,core_harshit,yes,strategic_unverified,Strategic target; Ireland relevance not yet proven by dashboard vacancy history,0,0
147,DePuy Synthes,https://jobs.jnj.com/en/jobs/?search=Ireland,employer,86,P2 — Strong,Harshit primary,Finance / Risk,Risk/Compliance Analyst; Data/BI Analyst; Business Analyst; Operations Analyst,Keep any employment type when role-relevant; exclude generic part-time work,"Exclude generic sales, retail, hospitality, customer service and frontline roles",81,Analytics plus market-surveillance project helps; finance pedigree/domain depth is weaker than your business/implementation fit.,visible,core_harshit,yes,strategic_unverified,Strategic target; Ireland relevance not yet proven by dashboard vacancy history,0,0
148,Dexcom,https://www.dexcom.com/en-IE/careers,employer,86,P2 — Strong,Harshit primary,Finance / Risk,Risk/Compliance Analyst; Data/BI Analyst; Business Analyst; Operations Analyst,Keep any employment type when role-relevant; exclude generic part-time work,"Exclude generic sales, retail, hospitality, customer service and frontline roles",81,Analytics plus market-surveillance project helps; finance pedigree/domain depth is weaker than your business/implementation fit.,visible,core_harshit,yes,strategic_unverified,Strategic target; Ireland relevance not yet proven by dashboard vacancy history,0,0
149,DHL Ireland,https://www.dhl.com/ie-en/home/careers.html,employer,86,P2 — Strong,Harshit primary,Finance / Risk,Risk/Compliance Analyst; Data/BI Analyst; Business Analyst; Operations Analyst,Keep any employment type when role-relevant; exclude generic part-time work,"Exclude generic sales, retail, hospitality, customer service and frontline roles",81,Analytics plus market-surveillance project helps; finance pedigree/domain depth is weaker than your business/implementation fit.,visible,core_harshit,yes,validated_live_other,"Current Republic of Ireland employment evidence, but no target-role match in latest data",2,0
150,Diageo Ireland,https://diageo.wd3.myworkdayjobs.com/Diageo_Careers,employer,86,P2 — Strong,Harshit primary,Finance / Risk,Risk/Compliance Analyst; Data/BI Analyst; Business Analyst; Operations Analyst,Keep any employment type when role-relevant; exclude generic part-time work,"Exclude generic sales, retail, hospitality, customer service and frontline roles",81,Analytics plus market-surveillance project helps; finance pedigree/domain depth is weaker than your business/implementation fit.,visible,core_harshit,yes,validated_live_other,"Current Republic of Ireland employment evidence, but no target-role match in latest data",1,0
151,Dillon Eustace,https://www.dilloneustace.com/careers,employer,86,P2 — Strong,Harshit primary,Finance / Risk,Risk/Compliance Analyst; Data/BI Analyst; Business Analyst; Operations Analyst,Keep any employment type when role-relevant; exclude generic part-time work,"Exclude generic sales, retail, hospitality, customer service and frontline roles",81,Analytics plus market-surveillance project helps; finance pedigree/domain depth is weaker than your business/implementation fit.,visible,core_harshit,yes,validated_live_other,"Current Republic of Ireland employment evidence, but no target-role match in latest data",1,0
152,DNV,https://www.dnv.com/careers/,employer,86,P2 — Strong,Harshit primary,Finance / Risk,Risk/Compliance Analyst; Data/BI Analyst; Business Analyst; Operations Analyst,Keep any employment type when role-relevant; exclude generic part-time work,"Exclude generic sales, retail, hospitality, customer service and frontline roles",81,Analytics plus market-surveillance project helps; finance pedigree/domain depth is weaker than your business/implementation fit.,visible,core_harshit,yes,strategic_unverified,Strategic target; Ireland relevance not yet proven by dashboard vacancy history,0,0
153,DocuSign,https://www.docusign.com/company/careers/jobs?location=Dublin,employer,86,P2 — Strong,Harshit primary,Finance / Risk,Risk/Compliance Analyst; Data/BI Analyst; Business Analyst; Operations Analyst,Keep any employment type when role-relevant; exclude generic part-time work,"Exclude generic sales, retail, hospitality, customer service and frontline roles",81,Analytics plus market-surveillance project helps; finance pedigree/domain depth is weaker than your business/implementation fit.,visible,core_harshit,yes,strategic_unverified,Strategic target; Ireland relevance not yet proven by dashboard vacancy history,0,0
154,DPS Group (Arcadis),https://www.dpsgroupglobal.com/careers,employer,86,P2 — Strong,Harshit primary,Finance / Risk,Risk/Compliance Analyst; Data/BI Analyst; Business Analyst; Operations Analyst,Keep any employment type when role-relevant; exclude generic part-time work,"Exclude generic sales, retail, hospitality, customer service and frontline roles",81,Analytics plus market-surveillance project helps; finance pedigree/domain depth is weaker than your business/implementation fit.,visible,core_harshit,yes,strategic_unverified,Strategic target; Ireland relevance not yet proven by dashboard vacancy history,0,0
155,DraftKings,https://careers.draftkings.com,employer,86,P2 — Strong,Harshit primary,Finance / Risk,Risk/Compliance Analyst; Data/BI Analyst; Business Analyst; Operations Analyst,Keep any employment type when role-relevant; exclude generic part-time work,"Exclude generic sales, retail, hospitality, customer service and frontline roles",81,Analytics plus market-surveillance project helps; finance pedigree/domain depth is weaker than your business/implementation fit.,visible,core_harshit,yes,strategic_unverified,Strategic target; Ireland relevance not yet proven by dashboard vacancy history,0,0
156,DSV Ireland,https://www.dsv.com/en/careers,employer,86,P2 — Strong,Harshit primary,Finance / Risk,Risk/Compliance Analyst; Data/BI Analyst; Business Analyst; Operations Analyst,Keep any employment type when role-relevant; exclude generic part-time work,"Exclude generic sales, retail, hospitality, customer service and frontline roles",81,Analytics plus market-surveillance project helps; finance pedigree/domain depth is weaker than your business/implementation fit.,visible,core_harshit,yes,strategic_unverified,Strategic target; Ireland relevance not yet proven by dashboard vacancy history,0,0
157,Dublin Bus,https://www.dublinbus.ie/careers,employer,86,P2 — Strong,Harshit primary,Finance / Risk,Risk/Compliance Analyst; Data/BI Analyst; Business Analyst; Operations Analyst,Keep any employment type when role-relevant; exclude generic part-time work,"Exclude generic sales, retail, hospitality, customer service and frontline roles",81,Analytics plus market-surveillance project helps; finance pedigree/domain depth is weaker than your business/implementation fit.,visible,core_harshit,yes,strategic_unverified,Strategic target; Ireland relevance not yet proven by dashboard vacancy history,0,0
158,Dublin Port Company,https://www.dublinport.ie/careers/,employer,86,P2 — Strong,Harshit primary,Finance / Risk,Risk/Compliance Analyst; Data/BI Analyst; Business Analyst; Operations Analyst,Keep any employment type when role-relevant; exclude generic part-time work,"Exclude generic sales, retail, hospitality, customer service and frontline roles",81,Analytics plus market-surveillance project helps; finance pedigree/domain depth is weaker than your business/implementation fit.,visible,core_harshit,yes,strategic_unverified,Strategic target; Ireland relevance not yet proven by dashboard vacancy history,0,0
159,Dynatrace,https://www.dynatrace.com/careers/,employer,86,P2 — Strong,Harshit primary,Finance / Risk,Risk/Compliance Analyst; Data/BI Analyst; Business Analyst; Operations Analyst,Keep any employment type when role-relevant; exclude generic part-time work,"Exclude generic sales, retail, hospitality, customer service and frontline roles",81,Analytics plus market-surveillance project helps; finance pedigree/domain depth is weaker than your business/implementation fit.,visible,core_harshit,yes,strategic_unverified,Strategic target; Ireland relevance not yet proven by dashboard vacancy history,0,0
160,Eaton,https://eaton.wd5.myworkdayjobs.com/Eaton,employer,86,P2 — Strong,Harshit primary,Finance / Risk,Risk/Compliance Analyst; Data/BI Analyst; Business Analyst; Operations Analyst,Keep any employment type when role-relevant; exclude generic part-time work,"Exclude generic sales, retail, hospitality, customer service and frontline roles",81,Analytics plus market-surveillance project helps; finance pedigree/domain depth is weaker than your business/implementation fit.,visible,core_harshit,yes,strategic_unverified,Strategic target; Ireland relevance not yet proven by dashboard vacancy history,0,0
161,eBay,https://jobs.ebayinc.com/,employer,86,P2 — Strong,Harshit primary,Finance / Risk,Risk/Compliance Analyst; Data/BI Analyst; Business Analyst; Operations Analyst,Keep any employment type when role-relevant; exclude generic part-time work,"Exclude generic sales, retail, hospitality, customer service and frontline roles",81,Analytics plus market-surveillance project helps; finance pedigree/domain depth is weaker than your business/implementation fit.,visible,core_harshit,yes,strategic_unverified,Strategic target; Ireland relevance not yet proven by dashboard vacancy history,0,0
162,Edwards Lifesciences,https://edwards.wd1.myworkdayjobs.com/EdwardsCareers,employer,86,P2 — Strong,Harshit primary,Finance / Risk,Risk/Compliance Analyst; Data/BI Analyst; Business Analyst; Operations Analyst,Keep any employment type when role-relevant; exclude generic part-time work,"Exclude generic sales, retail, hospitality, customer service and frontline roles",81,Analytics plus market-surveillance project helps; finance pedigree/domain depth is weaker than your business/implementation fit.,visible,core_harshit,yes,strategic_unverified,Strategic target; Ireland relevance not yet proven by dashboard vacancy history,0,0
163,Eir,https://www.eir.ie/careers/,employer,86,P2 — Strong,Harshit primary,Finance / Risk,Risk/Compliance Analyst; Data/BI Analyst; Business Analyst; Operations Analyst,Keep any employment type when role-relevant; exclude generic part-time work,"Exclude generic sales, retail, hospitality, customer service and frontline roles",81,Analytics plus market-surveillance project helps; finance pedigree/domain depth is weaker than your business/implementation fit.,visible,core_harshit,yes,strategic_unverified,Strategic target; Ireland relevance not yet proven by dashboard vacancy history,0,0
164,EirGrid,https://www.eirgrid.ie/careers,employer,86,P2 — Strong,Harshit primary,Finance / Risk,Risk/Compliance Analyst; Data/BI Analyst; Business Analyst; Operations Analyst,Keep any employment type when role-relevant; exclude generic part-time work,"Exclude generic sales, retail, hospitality, customer service and frontline roles",81,Analytics plus market-surveillance project helps; finance pedigree/domain depth is weaker than your business/implementation fit.,visible,core_harshit,yes,strategic_unverified,Strategic target; Ireland relevance not yet proven by dashboard vacancy history,0,0
165,Elavon,https://usbank.wd1.myworkdayjobs.com/Elavon_Careers,employer,86,P2 — Strong,Harshit primary,Finance / Risk,Risk/Compliance Analyst; Data/BI Analyst; Business Analyst; Operations Analyst,Keep any employment type when role-relevant; exclude generic part-time work,"Exclude generic sales, retail, hospitality, customer service and frontline roles",81,Analytics plus market-surveillance project helps; finance pedigree/domain depth is weaker than your business/implementation fit.,visible,core_harshit,yes,validated_live_other,"Current Republic of Ireland employment evidence, but no target-role match in latest data",2,0
166,Eli Lilly,https://be.gatekeeper.lilly.com/careers/search-jobs?location=Ireland,employer,86,P2 — Strong,Harshit primary,Finance / Risk,Risk/Compliance Analyst; Data/BI Analyst; Business Analyst; Operations Analyst,Keep any employment type when role-relevant; exclude generic part-time work,"Exclude generic sales, retail, hospitality, customer service and frontline roles",81,Analytics plus market-surveillance project helps; finance pedigree/domain depth is weaker than your business/implementation fit.,visible,core_harshit,yes,strategic_unverified,Strategic target; Ireland relevance not yet proven by dashboard vacancy history,0,0
167,Emerald Airlines,https://www.emeraldairlines.com/careers,employer,86,P2 — Strong,Harshit primary,Finance / Risk,Risk/Compliance Analyst; Data/BI Analyst; Business Analyst; Operations Analyst,Keep any employment type when role-relevant; exclude generic part-time work,"Exclude generic sales, retail, hospitality, customer service and frontline roles",81,Analytics plus market-surveillance project helps; finance pedigree/domain depth is weaker than your business/implementation fit.,visible,core_harshit,yes,strategic_unverified,Strategic target; Ireland relevance not yet proven by dashboard vacancy history,0,0
168,Emerson,https://www.emerson.com/en-us/careers,employer,86,P2 — Strong,Harshit primary,Finance / Risk,Risk/Compliance Analyst; Data/BI Analyst; Business Analyst; Operations Analyst,Keep any employment type when role-relevant; exclude generic part-time work,"Exclude generic sales, retail, hospitality, customer service and frontline roles",81,Analytics plus market-surveillance project helps; finance pedigree/domain depth is weaker than your business/implementation fit.,visible,core_harshit,yes,strategic_unverified,Strategic target; Ireland relevance not yet proven by dashboard vacancy history,0,0
169,Energia Group,https://www.energiagroup.com/careers,employer,86,P2 — Strong,Harshit primary,Finance / Risk,Risk/Compliance Analyst; Data/BI Analyst; Business Analyst; Operations Analyst,Keep any employment type when role-relevant; exclude generic part-time work,"Exclude generic sales, retail, hospitality, customer service and frontline roles",81,Analytics plus market-surveillance project helps; finance pedigree/domain depth is weaker than your business/implementation fit.,visible,core_harshit,yes,strategic_unverified,Strategic target; Ireland relevance not yet proven by dashboard vacancy history,0,0
170,Enterprise Ireland,https://www.enterprise-ireland.com/en/About-Us/Careers/,employer,86,P2 — Strong,Harshit primary,Finance / Risk,Risk/Compliance Analyst; Data/BI Analyst; Business Analyst; Operations Analyst,Keep any employment type when role-relevant; exclude generic part-time work,"Exclude generic sales, retail, hospitality, customer service and frontline roles",81,Analytics plus market-surveillance project helps; finance pedigree/domain depth is weaker than your business/implementation fit.,visible,core_harshit,yes,strategic_unverified,Strategic target; Ireland relevance not yet proven by dashboard vacancy history,0,0
171,Ergo,https://ergo.ie/careers,employer,86,P2 — Strong,Harshit primary,Finance / Risk,Risk/Compliance Analyst; Data/BI Analyst; Business Analyst; Operations Analyst,Keep any employment type when role-relevant; exclude generic part-time work,"Exclude generic sales, retail, hospitality, customer service and frontline roles",81,Analytics plus market-surveillance project helps; finance pedigree/domain depth is weaker than your business/implementation fit.,visible,core_harshit,yes,strategic_unverified,Strategic target; Ireland relevance not yet proven by dashboard vacancy history,0,0
172,ESB,https://careers.esb.ie/,employer,86,P2 — Strong,Harshit primary,Finance / Risk,Risk/Compliance Analyst; Data/BI Analyst; Business Analyst; Operations Analyst,Keep any employment type when role-relevant; exclude generic part-time work,"Exclude generic sales, retail, hospitality, customer service and frontline roles",81,Analytics plus market-surveillance project helps; finance pedigree/domain depth is weaker than your business/implementation fit.,visible,core_harshit,yes,strategic_unverified,Strategic target; Ireland relevance not yet proven by dashboard vacancy history,0,0
173,ESW,https://esw.com/careers/,employer,86,P2 — Strong,Harshit primary,Finance / Risk,Risk/Compliance Analyst; Data/BI Analyst; Business Analyst; Operations Analyst,Keep any employment type when role-relevant; exclude generic part-time work,"Exclude generic sales, retail, hospitality, customer service and frontline roles",81,Analytics plus market-surveillance project helps; finance pedigree/domain depth is weaker than your business/implementation fit.,visible,core_harshit,yes,strategic_unverified,Strategic target; Ireland relevance not yet proven by dashboard vacancy history,0,0
174,Etsy,https://careers.etsy.com/global/en,employer,86,P2 — Strong,Harshit primary,Finance / Risk,Risk/Compliance Analyst; Data/BI Analyst; Business Analyst; Operations Analyst,Keep any employment type when role-relevant; exclude generic part-time work,"Exclude generic sales, retail, hospitality, customer service and frontline roles",81,Analytics plus market-surveillance project helps; finance pedigree/domain depth is weaker than your business/implementation fit.,visible,core_harshit,yes,strategic_unverified,Strategic target; Ireland relevance not yet proven by dashboard vacancy history,0,0
175,Eurofins Scientific,https://careers.eurofins.com/ie/,employer,86,P2 — Strong,Harshit primary,Finance / Risk,Risk/Compliance Analyst; Data/BI Analyst; Business Analyst; Operations Analyst,Keep any employment type when role-relevant; exclude generic part-time work,"Exclude generic sales, retail, hospitality, customer service and frontline roles",81,Analytics plus market-surveillance project helps; finance pedigree/domain depth is weaker than your business/implementation fit.,visible,core_harshit,yes,validated_live_other,"Current Republic of Ireland employment evidence, but no target-role match in latest data",11,0
176,Eversheds Sutherland Ireland,https://www.eversheds-sutherland.com/en/ireland/careers,employer,86,P2 — Strong,Harshit primary,Finance / Risk,Risk/Compliance Analyst; Data/BI Analyst; Business Analyst; Operations Analyst,Keep any employment type when role-relevant; exclude generic part-time work,"Exclude generic sales, retail, hospitality, customer service and frontline roles",81,Analytics plus market-surveillance project helps; finance pedigree/domain depth is weaker than your business/implementation fit.,visible,core_harshit,yes,strategic_unverified,Strategic target; Ireland relevance not yet proven by dashboard vacancy history,0,0
177,Expleo,https://careers.expleo.com/,employer,86,P2 — Strong,Harshit primary,Finance / Risk,Risk/Compliance Analyst; Data/BI Analyst; Business Analyst; Operations Analyst,Keep any employment type when role-relevant; exclude generic part-time work,"Exclude generic sales, retail, hospitality, customer service and frontline roles",81,Analytics plus market-surveillance project helps; finance pedigree/domain depth is weaker than your business/implementation fit.,visible,core_harshit,yes,strategic_unverified,Strategic target; Ireland relevance not yet proven by dashboard vacancy history,0,0
178,Exyte,https://www.exyte.net/Careers,employer,86,P2 — Strong,Harshit primary,Finance / Risk,Risk/Compliance Analyst; Data/BI Analyst; Business Analyst; Operations Analyst,Keep any employment type when role-relevant; exclude generic part-time work,"Exclude generic sales, retail, hospitality, customer service and frontline roles",81,Analytics plus market-surveillance project helps; finance pedigree/domain depth is weaker than your business/implementation fit.,visible,core_harshit,yes,strategic_unverified,Strategic target; Ireland relevance not yet proven by dashboard vacancy history,0,0
179,FactSet,https://careers.factset.com/,employer,86,P2 — Strong,Harshit primary,Finance / Risk,Risk/Compliance Analyst; Data/BI Analyst; Business Analyst; Operations Analyst,Keep any employment type when role-relevant; exclude generic part-time work,"Exclude generic sales, retail, hospitality, customer service and frontline roles",81,Analytics plus market-surveillance project helps; finance pedigree/domain depth is weaker than your business/implementation fit.,visible,core_harshit,yes,strategic_unverified,Strategic target; Ireland relevance not yet proven by dashboard vacancy history,0,0
180,Fastway Couriers Ireland,https://www.fastway.ie/careers/,employer,86,P2 — Strong,Harshit primary,Finance / Risk,Risk/Compliance Analyst; Data/BI Analyst; Business Analyst; Operations Analyst,Keep any employment type when role-relevant; exclude generic part-time work,"Exclude generic sales, retail, hospitality, customer service and frontline roles",81,Analytics plus market-surveillance project helps; finance pedigree/domain depth is weaker than your business/implementation fit.,visible,core_harshit,yes,strategic_unverified,Strategic target; Ireland relevance not yet proven by dashboard vacancy history,0,0
181,FBD Insurance,https://www.fbd.ie/about/careers/,employer,86,P2 — Strong,Harshit primary,Finance / Risk,Risk/Compliance Analyst; Data/BI Analyst; Business Analyst; Operations Analyst,Keep any employment type when role-relevant; exclude generic part-time work,"Exclude generic sales, retail, hospitality, customer service and frontline roles",81,Analytics plus market-surveillance project helps; finance pedigree/domain depth is weaker than your business/implementation fit.,visible,core_harshit,yes,strategic_unverified,Strategic target; Ireland relevance not yet proven by dashboard vacancy history,0,0
182,FedEx Express Ireland,https://careers.fedex.com/fedex/,employer,86,P2 — Strong,Harshit primary,Finance / Risk,Risk/Compliance Analyst; Data/BI Analyst; Business Analyst; Operations Analyst,Keep any employment type when role-relevant; exclude generic part-time work,"Exclude generic sales, retail, hospitality, customer service and frontline roles",81,Analytics plus market-surveillance project helps; finance pedigree/domain depth is weaker than your business/implementation fit.,visible,core_harshit,yes,strategic_unverified,Strategic target; Ireland relevance not yet proven by dashboard vacancy history,0,0
183,Fenergo,https://www.fenergo.com/careers,employer,86,P2 — Strong,Harshit primary,Finance / Risk,Risk/Compliance Analyst; Data/BI Analyst; Business Analyst; Operations Analyst,Keep any employment type when role-relevant; exclude generic part-time work,"Exclude generic sales, retail, hospitality, customer service and frontline roles",81,Analytics plus market-surveillance project helps; finance pedigree/domain depth is weaker than your business/implementation fit.,visible,core_harshit,yes,strategic_unverified,Strategic target; Ireland relevance not yet proven by dashboard vacancy history,0,0
184,FINEOS,https://www.fineos.com/careers/,employer,86,P2 — Strong,Harshit primary,Finance / Risk,Risk/Compliance Analyst; Data/BI Analyst; Business Analyst; Operations Analyst,Keep any employment type when role-relevant; exclude generic part-time work,"Exclude generic sales, retail, hospitality, customer service and frontline roles",81,Analytics plus market-surveillance project helps; finance pedigree/domain depth is weaker than your business/implementation fit.,visible,core_harshit,yes,strategic_unverified,Strategic target; Ireland relevance not yet proven by dashboard vacancy history,0,0
185,Fiserv,https://www.careers.fiserv.com/search-jobs/Ireland,employer,86,P2 — Strong,Harshit primary,Finance / Risk,Risk/Compliance Analyst; Data/BI Analyst; Business Analyst; Operations Analyst,Keep any employment type when role-relevant; exclude generic part-time work,"Exclude generic sales, retail, hospitality, customer service and frontline roles",81,Analytics plus market-surveillance project helps; finance pedigree/domain depth is weaker than your business/implementation fit.,visible,core_harshit,yes,validated_live_other,"Current Republic of Ireland employment evidence, but no target-role match in latest data",20,0
186,Fitch Ratings,https://www.fitchratings.com/careers,employer,86,P2 — Strong,Harshit primary,Finance / Risk,Risk/Compliance Analyst; Data/BI Analyst; Business Analyst; Operations Analyst,Keep any employment type when role-relevant; exclude generic part-time work,"Exclude generic sales, retail, hospitality, customer service and frontline roles",81,Analytics plus market-surveillance project helps; finance pedigree/domain depth is weaker than your business/implementation fit.,visible,core_harshit,yes,strategic_unverified,Strategic target; Ireland relevance not yet proven by dashboard vacancy history,0,0
187,Flipdish,https://www.flipdish.com/ie/careers,employer,86,P2 — Strong,Harshit primary,Finance / Risk,Risk/Compliance Analyst; Data/BI Analyst; Business Analyst; Operations Analyst,Keep any employment type when role-relevant; exclude generic part-time work,"Exclude generic sales, retail, hospitality, customer service and frontline roles",81,Analytics plus market-surveillance project helps; finance pedigree/domain depth is weaker than your business/implementation fit.,visible,core_harshit,yes,validated_live_other,"Current Republic of Ireland employment evidence, but no target-role match in latest data",1,0
188,Flutter Entertainment,https://flutter.com/careers/,employer,86,P2 — Strong,Harshit primary,Finance / Risk,Risk/Compliance Analyst; Data/BI Analyst; Business Analyst; Operations Analyst,Keep any employment type when role-relevant; exclude generic part-time work,"Exclude generic sales, retail, hospitality, customer service and frontline roles",81,Analytics plus market-surveillance project helps; finance pedigree/domain depth is weaker than your business/implementation fit.,visible,core_harshit,yes,strategic_unverified,Strategic target; Ireland relevance not yet proven by dashboard vacancy history,0,0
189,Fortinet,https://jobs.fortinet.com/,employer,86,P2 — Strong,Harshit primary,Finance / Risk,Risk/Compliance Analyst; Data/BI Analyst; Business Analyst; Operations Analyst,Keep any employment type when role-relevant; exclude generic part-time work,"Exclude generic sales, retail, hospitality, customer service and frontline roles",81,Analytics plus market-surveillance project helps; finance pedigree/domain depth is weaker than your business/implementation fit.,visible,core_harshit,yes,strategic_unverified,Strategic target; Ireland relevance not yet proven by dashboard vacancy history,0,0
190,Forvis Mazars Ireland,https://www.mazars.ie/Home/Join-us/Our-job-offers,employer,86,P2 — Strong,Harshit primary,Finance / Risk,Risk/Compliance Analyst; Data/BI Analyst; Business Analyst; Operations Analyst,Keep any employment type when role-relevant; exclude generic part-time work,"Exclude generic sales, retail, hospitality, customer service and frontline roles",81,Analytics plus market-surveillance project helps; finance pedigree/domain depth is weaker than your business/implementation fit.,visible,core_harshit,yes,strategic_unverified,Strategic target; Ireland relevance not yet proven by dashboard vacancy history,0,0
191,Franklin Templeton,https://careers.franklintempleton.com/,employer,86,P2 — Strong,Harshit primary,Finance / Risk,Risk/Compliance Analyst; Data/BI Analyst; Business Analyst; Operations Analyst,Keep any employment type when role-relevant; exclude generic part-time work,"Exclude generic sales, retail, hospitality, customer service and frontline roles",81,Analytics plus market-surveillance project helps; finance pedigree/domain depth is weaker than your business/implementation fit.,visible,core_harshit,yes,strategic_unverified,Strategic target; Ireland relevance not yet proven by dashboard vacancy history,0,0
192,Freudenberg Medical,https://careers.freudenberg.com/,employer,86,P2 — Strong,Harshit primary,Finance / Risk,Risk/Compliance Analyst; Data/BI Analyst; Business Analyst; Operations Analyst,Keep any employment type when role-relevant; exclude generic part-time work,"Exclude generic sales, retail, hospitality, customer service and frontline roles",81,Analytics plus market-surveillance project helps; finance pedigree/domain depth is weaker than your business/implementation fit.,visible,core_harshit,yes,strategic_unverified,Strategic target; Ireland relevance not yet proven by dashboard vacancy history,0,0
193,FTI Consulting,https://www.fticonsulting.com/careers,employer,86,P2 — Strong,Harshit primary,Finance / Risk,Risk/Compliance Analyst; Data/BI Analyst; Business Analyst; Operations Analyst,Keep any employment type when role-relevant; exclude generic part-time work,"Exclude generic sales, retail, hospitality, customer service and frontline roles",81,Analytics plus market-surveillance project helps; finance pedigree/domain depth is weaker than your business/implementation fit.,visible,core_harshit,yes,strategic_unverified,Strategic target; Ireland relevance not yet proven by dashboard vacancy history,0,0
194,Fáilte Ireland,https://www.failteireland.ie/About-Us/Careers.aspx,employer,86,P2 — Strong,Harshit primary,Finance / Risk,Risk/Compliance Analyst; Data/BI Analyst; Business Analyst; Operations Analyst,Keep any employment type when role-relevant; exclude generic part-time work,"Exclude generic sales, retail, hospitality, customer service and frontline roles",81,Analytics plus market-surveillance project helps; finance pedigree/domain depth is weaker than your business/implementation fit.,visible,core_harshit,yes,strategic_unverified,Strategic target; Ireland relevance not yet proven by dashboard vacancy history,0,0
195,Gartner,https://jobs.gartner.com/locations/dublin/,employer,86,P2 — Strong,Harshit primary,Finance / Risk,Risk/Compliance Analyst; Data/BI Analyst; Business Analyst; Operations Analyst,Keep any employment type when role-relevant; exclude generic part-time work,"Exclude generic sales, retail, hospitality, customer service and frontline roles",81,Analytics plus market-surveillance project helps; finance pedigree/domain depth is weaker than your business/implementation fit.,visible,core_harshit,yes,strategic_unverified,Strategic target; Ireland relevance not yet proven by dashboard vacancy history,0,0
196,Gas Networks Ireland,https://www.gasnetworks.ie/about-us/careers/,employer,86,P2 — Strong,Harshit primary,Finance / Risk,Risk/Compliance Analyst; Data/BI Analyst; Business Analyst; Operations Analyst,Keep any employment type when role-relevant; exclude generic part-time work,"Exclude generic sales, retail, hospitality, customer service and frontline roles",81,Analytics plus market-surveillance project helps; finance pedigree/domain depth is weaker than your business/implementation fit.,visible,core_harshit,yes,strategic_unverified,Strategic target; Ireland relevance not yet proven by dashboard vacancy history,0,0
197,GE HealthCare,https://careers.gehealthcare.com/,employer,86,P2 — Strong,Harshit primary,Finance / Risk,Risk/Compliance Analyst; Data/BI Analyst; Business Analyst; Operations Analyst,Keep any employment type when role-relevant; exclude generic part-time work,"Exclude generic sales, retail, hospitality, customer service and frontline roles",81,Analytics plus market-surveillance project helps; finance pedigree/domain depth is weaker than your business/implementation fit.,visible,core_harshit,yes,validated_live_other,"Current Republic of Ireland employment evidence, but no target-role match in latest data",9,0
198,Gemini,https://www.gemini.com/careers,employer,86,P2 — Strong,Harshit primary,Finance / Risk,Risk/Compliance Analyst; Data/BI Analyst; Business Analyst; Operations Analyst,Keep any employment type when role-relevant; exclude generic part-time work,"Exclude generic sales, retail, hospitality, customer service and frontline roles",81,Analytics plus market-surveillance project helps; finance pedigree/domain depth is weaker than your business/implementation fit.,visible,core_harshit,yes,strategic_unverified,Strategic target; Ireland relevance not yet proven by dashboard vacancy history,0,0
199,Genesys,https://genesys.wd1.myworkdayjobs.com/Genesys,employer,86,P2 — Strong,Harshit primary,Finance / Risk,Risk/Compliance Analyst; Data/BI Analyst; Business Analyst; Operations Analyst,Keep any employment type when role-relevant; exclude generic part-time work,"Exclude generic sales, retail, hospitality, customer service and frontline roles",81,Analytics plus market-surveillance project helps; finance pedigree/domain depth is weaker than your business/implementation fit.,visible,core_harshit,yes,validated_live_relevant,Current Republic of Ireland job evidence in target role families,7,1
200,Gilead Sciences,https://gilead.wd1.myworkdayjobs.com/gileadcareers,employer,86,P2 — Strong,Harshit primary,Finance / Risk,Risk/Compliance Analyst; Data/BI Analyst; Business Analyst; Operations Analyst,Keep any employment type when role-relevant; exclude generic part-time work,"Exclude generic sales, retail, hospitality, customer service and frontline roles",81,Analytics plus market-surveillance project helps; finance pedigree/domain depth is weaker than your business/implementation fit.,visible,core_harshit,yes,validated_live_relevant,Current Republic of Ireland job evidence in target role families,16,1
201,Glanbia,https://glanbia.com/careers,employer,86,P2 — Strong,Harshit primary,Finance / Risk,Risk/Compliance Analyst; Data/BI Analyst; Business Analyst; Operations Analyst,Keep any employment type when role-relevant; exclude generic part-time work,"Exclude generic sales, retail, hospitality, customer service and frontline roles",81,Analytics plus market-surveillance project helps; finance pedigree/domain depth is weaker than your business/implementation fit.,visible,core_harshit,yes,strategic_unverified,Strategic target; Ireland relevance not yet proven by dashboard vacancy history,0,0
202,Glanbia / Tirlán,https://www.tirlan.com/careers,employer,86,P2 — Strong,Harshit primary,Finance / Risk,Risk/Compliance Analyst; Data/BI Analyst; Business Analyst; Operations Analyst,Keep any employment type when role-relevant; exclude generic part-time work,"Exclude generic sales, retail, hospitality, customer service and frontline roles",81,Analytics plus market-surveillance project helps; finance pedigree/domain depth is weaker than your business/implementation fit.,visible,core_harshit,yes,strategic_unverified,Strategic target; Ireland relevance not yet proven by dashboard vacancy history,0,0
203,GlaxoSmithKline (GSK),https://jobs.gsk.com/search-jobs/Ireland,employer,86,P2 — Strong,Harshit primary,Finance / Risk,Risk/Compliance Analyst; Data/BI Analyst; Business Analyst; Operations Analyst,Keep any employment type when role-relevant; exclude generic part-time work,"Exclude generic sales, retail, hospitality, customer service and frontline roles",81,Analytics plus market-surveillance project helps; finance pedigree/domain depth is weaker than your business/implementation fit.,visible,core_harshit,yes,strategic_unverified,Strategic target; Ireland relevance not yet proven by dashboard vacancy history,0,0
204,Glen Dimplex,https://www.glendimplex.com/careers,employer,86,P2 — Strong,Harshit primary,Finance / Risk,Risk/Compliance Analyst; Data/BI Analyst; Business Analyst; Operations Analyst,Keep any employment type when role-relevant; exclude generic part-time work,"Exclude generic sales, retail, hospitality, customer service and frontline roles",81,Analytics plus market-surveillance project helps; finance pedigree/domain depth is weaker than your business/implementation fit.,visible,core_harshit,yes,strategic_unverified,Strategic target; Ireland relevance not yet proven by dashboard vacancy history,0,0
205,Glenveagh Properties,https://glenveagh.ie/careers,employer,86,P2 — Strong,Harshit primary,Finance / Risk,Risk/Compliance Analyst; Data/BI Analyst; Business Analyst; Operations Analyst,Keep any employment type when role-relevant; exclude generic part-time work,"Exclude generic sales, retail, hospitality, customer service and frontline roles",81,Analytics plus market-surveillance project helps; finance pedigree/domain depth is weaker than your business/implementation fit.,visible,core_harshit,yes,strategic_unverified,Strategic target; Ireland relevance not yet proven by dashboard vacancy history,0,0
206,Global Payments,https://jobs.globalpayments.com/,employer,86,P2 — Strong,Harshit primary,Finance / Risk,Risk/Compliance Analyst; Data/BI Analyst; Business Analyst; Operations Analyst,Keep any employment type when role-relevant; exclude generic part-time work,"Exclude generic sales, retail, hospitality, customer service and frontline roles",81,Analytics plus market-surveillance project helps; finance pedigree/domain depth is weaker than your business/implementation fit.,visible,core_harshit,yes,strategic_unverified,Strategic target; Ireland relevance not yet proven by dashboard vacancy history,0,0
207,Goodbody,https://www.goodbody.ie/careers,employer,86,P2 — Strong,Harshit primary,Finance / Risk,Risk/Compliance Analyst; Data/BI Analyst; Business Analyst; Operations Analyst,Keep any employment type when role-relevant; exclude generic part-time work,"Exclude generic sales, retail, hospitality, customer service and frontline roles",81,Analytics plus market-surveillance project helps; finance pedigree/domain depth is weaker than your business/implementation fit.,visible,core_harshit,yes,strategic_unverified,Strategic target; Ireland relevance not yet proven by dashboard vacancy history,0,0
208,Greencore,https://www.greencore.com/careers/,employer,86,P2 — Strong,Harshit primary,Finance / Risk,Risk/Compliance Analyst; Data/BI Analyst; Business Analyst; Operations Analyst,Keep any employment type when role-relevant; exclude generic part-time work,"Exclude generic sales, retail, hospitality, customer service and frontline roles",81,Analytics plus market-surveillance project helps; finance pedigree/domain depth is weaker than your business/implementation fit.,visible,core_harshit,yes,strategic_unverified,Strategic target; Ireland relevance not yet proven by dashboard vacancy history,0,0
209,Guidewire,https://www.guidewire.com/about/careers,employer,86,P2 — Strong,Harshit primary,Finance / Risk,Risk/Compliance Analyst; Data/BI Analyst; Business Analyst; Operations Analyst,Keep any employment type when role-relevant; exclude generic part-time work,"Exclude generic sales, retail, hospitality, customer service and frontline roles",81,Analytics plus market-surveillance project helps; finance pedigree/domain depth is weaker than your business/implementation fit.,visible,core_harshit,yes,strategic_unverified,Strategic target; Ireland relevance not yet proven by dashboard vacancy history,0,0
210,Haleon,https://careers.haleon.com/careers/*/ireland_ireland?domain=haleon.com,employer,86,P2 — Strong,Harshit primary,Finance / Risk,Risk/Compliance Analyst; Data/BI Analyst; Business Analyst; Operations Analyst,Keep any employment type when role-relevant; exclude generic part-time work,"Exclude generic sales, retail, hospitality, customer service and frontline roles",81,Analytics plus market-surveillance project helps; finance pedigree/domain depth is weaker than your business/implementation fit.,visible,core_harshit,yes,strategic_unverified,Strategic target; Ireland relevance not yet proven by dashboard vacancy history,0,0
211,Heineken Ireland,https://www.heinekenireland.ie/careers/,employer,86,P2 — Strong,Harshit primary,Finance / Risk,Risk/Compliance Analyst; Data/BI Analyst; Business Analyst; Operations Analyst,Keep any employment type when role-relevant; exclude generic part-time work,"Exclude generic sales, retail, hospitality, customer service and frontline roles",81,Analytics plus market-surveillance project helps; finance pedigree/domain depth is weaker than your business/implementation fit.,visible,core_harshit,yes,strategic_unverified,Strategic target; Ireland relevance not yet proven by dashboard vacancy history,0,0
212,Hewlett Packard Enterprise (HPE),https://careers.hpe.com/us/en/search-results?m=3&location=Ireland,employer,86,P2 — Strong,Harshit primary,Finance / Risk,Risk/Compliance Analyst; Data/BI Analyst; Business Analyst; Operations Analyst,Keep any employment type when role-relevant; exclude generic part-time work,"Exclude generic sales, retail, hospitality, customer service and frontline roles",81,Analytics plus market-surveillance project helps; finance pedigree/domain depth is weaker than your business/implementation fit.,visible,core_harshit,yes,strategic_unverified,Strategic target; Ireland relevance not yet proven by dashboard vacancy history,0,0
213,HIQA,https://www.hiqa.ie/about-us/careers,employer,86,P2 — Strong,Harshit primary,Finance / Risk,Risk/Compliance Analyst; Data/BI Analyst; Business Analyst; Operations Analyst,Keep any employment type when role-relevant; exclude generic part-time work,"Exclude generic sales, retail, hospitality, customer service and frontline roles",81,Analytics plus market-surveillance project helps; finance pedigree/domain depth is weaker than your business/implementation fit.,visible,core_harshit,yes,strategic_unverified,Strategic target; Ireland relevance not yet proven by dashboard vacancy history,0,0
214,Hollister Incorporated,https://www.hollister.com/en/careers,employer,86,P2 — Strong,Harshit primary,Finance / Risk,Risk/Compliance Analyst; Data/BI Analyst; Business Analyst; Operations Analyst,Keep any employment type when role-relevant; exclude generic part-time work,"Exclude generic sales, retail, hospitality, customer service and frontline roles",81,Analytics plus market-surveillance project helps; finance pedigree/domain depth is weaker than your business/implementation fit.,visible,core_harshit,yes,strategic_unverified,Strategic target; Ireland relevance not yet proven by dashboard vacancy history,0,0
215,Honeywell,https://ibqbjb.fa.ocs.oraclecloud.com/hcmUI/CandidateExperience/en/sites/Honeywell/jobs,employer,86,P2 — Strong,Harshit primary,Finance / Risk,Risk/Compliance Analyst; Data/BI Analyst; Business Analyst; Operations Analyst,Keep any employment type when role-relevant; exclude generic part-time work,"Exclude generic sales, retail, hospitality, customer service and frontline roles",81,Analytics plus market-surveillance project helps; finance pedigree/domain depth is weaker than your business/implementation fit.,visible,core_harshit,yes,validated_live_other,"Current Republic of Ireland employment evidence, but no target-role match in latest data",4,0
216,Hostelworld,https://careers.hostelworldgroup.com/,employer,86,P2 — Strong,Harshit primary,Finance / Risk,Risk/Compliance Analyst; Data/BI Analyst; Business Analyst; Operations Analyst,Keep any employment type when role-relevant; exclude generic part-time work,"Exclude generic sales, retail, hospitality, customer service and frontline roles",81,Analytics plus market-surveillance project helps; finance pedigree/domain depth is weaker than your business/implementation fit.,visible,core_harshit,yes,strategic_unverified,Strategic target; Ireland relevance not yet proven by dashboard vacancy history,0,0
217,HP (Hewlett-Packard),https://jobs.hp.com/search-jobs/Ireland,employer,86,P2 — Strong,Harshit primary,Finance / Risk,Risk/Compliance Analyst; Data/BI Analyst; Business Analyst; Operations Analyst,Keep any employment type when role-relevant; exclude generic part-time work,"Exclude generic sales, retail, hospitality, customer service and frontline roles",81,Analytics plus market-surveillance project helps; finance pedigree/domain depth is weaker than your business/implementation fit.,visible,core_harshit,yes,strategic_unverified,Strategic target; Ireland relevance not yet proven by dashboard vacancy history,0,0
218,HSBC Ireland,https://www.about.hsbc.ie/careers,employer,86,P2 — Strong,Harshit primary,Finance / Risk,Risk/Compliance Analyst; Data/BI Analyst; Business Analyst; Operations Analyst,Keep any employment type when role-relevant; exclude generic part-time work,"Exclude generic sales, retail, hospitality, customer service and frontline roles",81,Analytics plus market-surveillance project helps; finance pedigree/domain depth is weaker than your business/implementation fit.,visible,core_harshit,yes,strategic_unverified,Strategic target; Ireland relevance not yet proven by dashboard vacancy history,0,0
219,HSE (Health Service Executive),https://about.hse.ie/jobs/job-search/,employer,86,P2 — Strong,Harshit primary,Finance / Risk,Risk/Compliance Analyst; Data/BI Analyst; Business Analyst; Operations Analyst,Keep any employment type when role-relevant; exclude generic part-time work,"Exclude generic sales, retail, hospitality, customer service and frontline roles",81,Analytics plus market-surveillance project helps; finance pedigree/domain depth is weaker than your business/implementation fit.,visible,core_harshit,yes,strategic_unverified,Strategic target; Ireland relevance not yet proven by dashboard vacancy history,0,0
220,Huawei Ireland,https://career.huawei.com/,employer,86,P2 — Strong,Harshit primary,Finance / Risk,Risk/Compliance Analyst; Data/BI Analyst; Business Analyst; Operations Analyst,Keep any employment type when role-relevant; exclude generic part-time work,"Exclude generic sales, retail, hospitality, customer service and frontline roles",81,Analytics plus market-surveillance project helps; finance pedigree/domain depth is weaker than your business/implementation fit.,visible,core_harshit,yes,validated_live_other,"Current Republic of Ireland employment evidence, but no target-role match in latest data",14,0
221,ICON plc,https://careers.iconplc.com/search-jobs/Ireland,employer,86,P2 — Strong,Harshit primary,Finance / Risk,Risk/Compliance Analyst; Data/BI Analyst; Business Analyst; Operations Analyst,Keep any employment type when role-relevant; exclude generic part-time work,"Exclude generic sales, retail, hospitality, customer service and frontline roles",81,Analytics plus market-surveillance project helps; finance pedigree/domain depth is weaker than your business/implementation fit.,visible,core_harshit,yes,strategic_unverified,Strategic target; Ireland relevance not yet proven by dashboard vacancy history,0,0
222,IDA Ireland,https://www.idaireland.com/about-ida-ireland/careers,employer,86,P2 — Strong,Harshit primary,Finance / Risk,Risk/Compliance Analyst; Data/BI Analyst; Business Analyst; Operations Analyst,Keep any employment type when role-relevant; exclude generic part-time work,"Exclude generic sales, retail, hospitality, customer service and frontline roles",81,Analytics plus market-surveillance project helps; finance pedigree/domain depth is weaker than your business/implementation fit.,visible,core_harshit,yes,strategic_unverified,Strategic target; Ireland relevance not yet proven by dashboard vacancy history,0,0
223,Illumina,https://illumina.wd1.myworkdayjobs.com/illumina-careers,employer,86,P2 — Strong,Harshit primary,Finance / Risk,Risk/Compliance Analyst; Data/BI Analyst; Business Analyst; Operations Analyst,Keep any employment type when role-relevant; exclude generic part-time work,"Exclude generic sales, retail, hospitality, customer service and frontline roles",81,Analytics plus market-surveillance project helps; finance pedigree/domain depth is weaker than your business/implementation fit.,visible,core_harshit,yes,strategic_unverified,Strategic target; Ireland relevance not yet proven by dashboard vacancy history,0,0
224,Indeed,https://www.indeed.jobs/,employer,86,P2 — Strong,Harshit primary,Finance / Risk,Risk/Compliance Analyst; Data/BI Analyst; Business Analyst; Operations Analyst,Keep any employment type when role-relevant; exclude generic part-time work,"Exclude generic sales, retail, hospitality, customer service and frontline roles",81,Analytics plus market-surveillance project helps; finance pedigree/domain depth is weaker than your business/implementation fit.,visible,core_harshit,yes,strategic_unverified,Strategic target; Ireland relevance not yet proven by dashboard vacancy history,0,0
225,Infineon Technologies,https://www.infineon.com/cms/en/careers/,employer,86,P2 — Strong,Harshit primary,Finance / Risk,Risk/Compliance Analyst; Data/BI Analyst; Business Analyst; Operations Analyst,Keep any employment type when role-relevant; exclude generic part-time work,"Exclude generic sales, retail, hospitality, customer service and frontline roles",81,Analytics plus market-surveillance project helps; finance pedigree/domain depth is weaker than your business/implementation fit.,visible,core_harshit,yes,strategic_unverified,Strategic target; Ireland relevance not yet proven by dashboard vacancy history,0,0
226,Insulet Corporation,https://www.insulet.com/careers,employer,86,P2 — Strong,Harshit primary,Finance / Risk,Risk/Compliance Analyst; Data/BI Analyst; Business Analyst; Operations Analyst,Keep any employment type when role-relevant; exclude generic part-time work,"Exclude generic sales, retail, hospitality, customer service and frontline roles",81,Analytics plus market-surveillance project helps; finance pedigree/domain depth is weaker than your business/implementation fit.,visible,core_harshit,yes,strategic_unverified,Strategic target; Ireland relevance not yet proven by dashboard vacancy history,0,0
227,Integer Holdings,https://integer.net/careers/,employer,86,P2 — Strong,Harshit primary,Finance / Risk,Risk/Compliance Analyst; Data/BI Analyst; Business Analyst; Operations Analyst,Keep any employment type when role-relevant; exclude generic part-time work,"Exclude generic sales, retail, hospitality, customer service and frontline roles",81,Analytics plus market-surveillance project helps; finance pedigree/domain depth is weaker than your business/implementation fit.,visible,core_harshit,yes,strategic_unverified,Strategic target; Ireland relevance not yet proven by dashboard vacancy history,0,0
228,Integra LifeSciences,https://www.integralife.com/careers,employer,86,P2 — Strong,Harshit primary,Finance / Risk,Risk/Compliance Analyst; Data/BI Analyst; Business Analyst; Operations Analyst,Keep any employment type when role-relevant; exclude generic part-time work,"Exclude generic sales, retail, hospitality, customer service and frontline roles",81,Analytics plus market-surveillance project helps; finance pedigree/domain depth is weaker than your business/implementation fit.,visible,core_harshit,yes,strategic_unverified,Strategic target; Ireland relevance not yet proven by dashboard vacancy history,0,0
229,Intercom,https://www.intercom.com/careers,employer,86,P2 — Strong,Harshit primary,Finance / Risk,Risk/Compliance Analyst; Data/BI Analyst; Business Analyst; Operations Analyst,Keep any employment type when role-relevant; exclude generic part-time work,"Exclude generic sales, retail, hospitality, customer service and frontline roles",81,Analytics plus market-surveillance project helps; finance pedigree/domain depth is weaker than your business/implementation fit.,visible,core_harshit,yes,validated_live_relevant,Current Republic of Ireland job evidence in target role families,44,6
230,Invesco,https://careers.invesco.com/,employer,86,P2 — Strong,Harshit primary,Finance / Risk,Risk/Compliance Analyst; Data/BI Analyst; Business Analyst; Operations Analyst,Keep any employment type when role-relevant; exclude generic part-time work,"Exclude generic sales, retail, hospitality, customer service and frontline roles",81,Analytics plus market-surveillance project helps; finance pedigree/domain depth is weaker than your business/implementation fit.,visible,core_harshit,yes,strategic_unverified,Strategic target; Ireland relevance not yet proven by dashboard vacancy history,0,0
231,IQ-EQ,https://iqeq.com/careers/,employer,86,P2 — Strong,Harshit primary,Finance / Risk,Risk/Compliance Analyst; Data/BI Analyst; Business Analyst; Operations Analyst,Keep any employment type when role-relevant; exclude generic part-time work,"Exclude generic sales, retail, hospitality, customer service and frontline roles",81,Analytics plus market-surveillance project helps; finance pedigree/domain depth is weaker than your business/implementation fit.,visible,core_harshit,yes,strategic_unverified,Strategic target; Ireland relevance not yet proven by dashboard vacancy history,0,0
232,IQVIA,https://jobs.iqvia.com/search-jobs/Ireland,employer,86,P2 — Strong,Harshit primary,Finance / Risk,Risk/Compliance Analyst; Data/BI Analyst; Business Analyst; Operations Analyst,Keep any employment type when role-relevant; exclude generic part-time work,"Exclude generic sales, retail, hospitality, customer service and frontline roles",81,Analytics plus market-surveillance project helps; finance pedigree/domain depth is weaker than your business/implementation fit.,visible,core_harshit,yes,strategic_unverified,Strategic target; Ireland relevance not yet proven by dashboard vacancy history,0,0
233,Irish Aviation Authority,https://www.iaa.ie/careers,employer,86,P2 — Strong,Harshit primary,Finance / Risk,Risk/Compliance Analyst; Data/BI Analyst; Business Analyst; Operations Analyst,Keep any employment type when role-relevant; exclude generic part-time work,"Exclude generic sales, retail, hospitality, customer service and frontline roles",81,Analytics plus market-surveillance project helps; finance pedigree/domain depth is weaker than your business/implementation fit.,visible,core_harshit,yes,strategic_unverified,Strategic target; Ireland relevance not yet proven by dashboard vacancy history,0,0
234,Irish Distillers (Pernod Ricard),https://www.irishdistillers.ie/careers/,employer,86,P2 — Strong,Harshit primary,Finance / Risk,Risk/Compliance Analyst; Data/BI Analyst; Business Analyst; Operations Analyst,Keep any employment type when role-relevant; exclude generic part-time work,"Exclude generic sales, retail, hospitality, customer service and frontline roles",81,Analytics plus market-surveillance project helps; finance pedigree/domain depth is weaker than your business/implementation fit.,visible,core_harshit,yes,strategic_unverified,Strategic target; Ireland relevance not yet proven by dashboard vacancy history,0,0
235,Irish Ferries,https://www.irishferries.com/uk-en/careers/,employer,86,P2 — Strong,Harshit primary,Finance / Risk,Risk/Compliance Analyst; Data/BI Analyst; Business Analyst; Operations Analyst,Keep any employment type when role-relevant; exclude generic part-time work,"Exclude generic sales, retail, hospitality, customer service and frontline roles",81,Analytics plus market-surveillance project helps; finance pedigree/domain depth is weaker than your business/implementation fit.,visible,core_harshit,yes,strategic_unverified,Strategic target; Ireland relevance not yet proven by dashboard vacancy history,0,0
236,Irish Life,https://www.irishlife.ie/about-us/careers,employer,86,P2 — Strong,Harshit primary,Finance / Risk,Risk/Compliance Analyst; Data/BI Analyst; Business Analyst; Operations Analyst,Keep any employment type when role-relevant; exclude generic part-time work,"Exclude generic sales, retail, hospitality, customer service and frontline roles",81,Analytics plus market-surveillance project helps; finance pedigree/domain depth is weaker than your business/implementation fit.,visible,core_harshit,yes,validated_live_other,"Current Republic of Ireland employment evidence, but no target-role match in latest data",4,0
237,Irish Rail (Iarnród Éireann),https://www.irishrail.ie/en-ie/about-us/careers,employer,86,P2 — Strong,Harshit primary,Finance / Risk,Risk/Compliance Analyst; Data/BI Analyst; Business Analyst; Operations Analyst,Keep any employment type when role-relevant; exclude generic part-time work,"Exclude generic sales, retail, hospitality, customer service and frontline roles",81,Analytics plus market-surveillance project helps; finance pedigree/domain depth is weaker than your business/implementation fit.,visible,core_harshit,yes,strategic_unverified,Strategic target; Ireland relevance not yet proven by dashboard vacancy history,0,0
238,Jabil,https://careers.jabil.com/,employer,86,P2 — Strong,Harshit primary,Finance / Risk,Risk/Compliance Analyst; Data/BI Analyst; Business Analyst; Operations Analyst,Keep any employment type when role-relevant; exclude generic part-time work,"Exclude generic sales, retail, hospitality, customer service and frontline roles",81,Analytics plus market-surveillance project helps; finance pedigree/domain depth is weaker than your business/implementation fit.,visible,core_harshit,yes,strategic_unverified,Strategic target; Ireland relevance not yet proven by dashboard vacancy history,0,0
239,Jacobs,https://www.jacobs.com/careers,employer,86,P2 — Strong,Harshit primary,Finance / Risk,Risk/Compliance Analyst; Data/BI Analyst; Business Analyst; Operations Analyst,Keep any employment type when role-relevant; exclude generic part-time work,"Exclude generic sales, retail, hospitality, customer service and frontline roles",81,Analytics plus market-surveillance project helps; finance pedigree/domain depth is weaker than your business/implementation fit.,visible,core_harshit,yes,validated_live_other,"Current Republic of Ireland employment evidence, but no target-role match in latest data",10,0
240,Jamf,https://www.jamf.com/careers/,employer,86,P2 — Strong,Harshit primary,Finance / Risk,Risk/Compliance Analyst; Data/BI Analyst; Business Analyst; Operations Analyst,Keep any employment type when role-relevant; exclude generic part-time work,"Exclude generic sales, retail, hospitality, customer service and frontline roles",81,Analytics plus market-surveillance project helps; finance pedigree/domain depth is weaker than your business/implementation fit.,visible,core_harshit,yes,strategic_unverified,Strategic target; Ireland relevance not yet proven by dashboard vacancy history,0,0
241,Jazz Pharmaceuticals,https://jazzpharma.wd5.myworkdayjobs.com/Jazz_Careers,employer,86,P2 — Strong,Harshit primary,Finance / Risk,Risk/Compliance Analyst; Data/BI Analyst; Business Analyst; Operations Analyst,Keep any employment type when role-relevant; exclude generic part-time work,"Exclude generic sales, retail, hospitality, customer service and frontline roles",81,Analytics plus market-surveillance project helps; finance pedigree/domain depth is weaker than your business/implementation fit.,visible,core_harshit,yes,strategic_unverified,Strategic target; Ireland relevance not yet proven by dashboard vacancy history,0,0
242,John Sisk & Son (Sisk Group),https://www.johnsiskandson.com/careers,employer,86,P2 — Strong,Harshit primary,Finance / Risk,Risk/Compliance Analyst; Data/BI Analyst; Business Analyst; Operations Analyst,Keep any employment type when role-relevant; exclude generic part-time work,"Exclude generic sales, retail, hospitality, customer service and frontline roles",81,Analytics plus market-surveillance project helps; finance pedigree/domain depth is weaker than your business/implementation fit.,visible,core_harshit,yes,strategic_unverified,Strategic target; Ireland relevance not yet proven by dashboard vacancy history,0,0
243,Johnson Controls,https://jobs.johnsoncontrols.com/,employer,86,P2 — Strong,Harshit primary,Finance / Risk,Risk/Compliance Analyst; Data/BI Analyst; Business Analyst; Operations Analyst,Keep any employment type when role-relevant; exclude generic part-time work,"Exclude generic sales, retail, hospitality, customer service and frontline roles",81,Analytics plus market-surveillance project helps; finance pedigree/domain depth is weaker than your business/implementation fit.,visible,core_harshit,yes,validated_live_other,"Current Republic of Ireland employment evidence, but no target-role match in latest data",20,0
244,Keelings,https://www.keelings.com/careers/,employer,86,P2 — Strong,Harshit primary,Finance / Risk,Risk/Compliance Analyst; Data/BI Analyst; Business Analyst; Operations Analyst,Keep any employment type when role-relevant; exclude generic part-time work,"Exclude generic sales, retail, hospitality, customer service and frontline roles",81,Analytics plus market-surveillance project helps; finance pedigree/domain depth is weaker than your business/implementation fit.,visible,core_harshit,yes,strategic_unverified,Strategic target; Ireland relevance not yet proven by dashboard vacancy history,0,0
245,Keysight Technologies,https://about.keysight.com/en/careers/,employer,86,P2 — Strong,Harshit primary,Finance / Risk,Risk/Compliance Analyst; Data/BI Analyst; Business Analyst; Operations Analyst,Keep any employment type when role-relevant; exclude generic part-time work,"Exclude generic sales, retail, hospitality, customer service and frontline roles",81,Analytics plus market-surveillance project helps; finance pedigree/domain depth is weaker than your business/implementation fit.,visible,core_harshit,yes,strategic_unverified,Strategic target; Ireland relevance not yet proven by dashboard vacancy history,0,0
246,Keywords Studios,https://www.keywordsstudios.com/en/careers/,employer,86,P2 — Strong,Harshit primary,Finance / Risk,Risk/Compliance Analyst; Data/BI Analyst; Business Analyst; Operations Analyst,Keep any employment type when role-relevant; exclude generic part-time work,"Exclude generic sales, retail, hospitality, customer service and frontline roles",81,Analytics plus market-surveillance project helps; finance pedigree/domain depth is weaker than your business/implementation fit.,visible,core_harshit,yes,strategic_unverified,Strategic target; Ireland relevance not yet proven by dashboard vacancy history,0,0
247,Kingspan Group,https://www.kingspan.com/group/careers,employer,86,P2 — Strong,Harshit primary,Finance / Risk,Risk/Compliance Analyst; Data/BI Analyst; Business Analyst; Operations Analyst,Keep any employment type when role-relevant; exclude generic part-time work,"Exclude generic sales, retail, hospitality, customer service and frontline roles",81,Analytics plus market-surveillance project helps; finance pedigree/domain depth is weaker than your business/implementation fit.,visible,core_harshit,yes,strategic_unverified,Strategic target; Ireland relevance not yet proven by dashboard vacancy history,0,0
248,Kirby Group Engineering,https://kirbygroup.com/careers/,employer,86,P2 — Strong,Harshit primary,Finance / Risk,Risk/Compliance Analyst; Data/BI Analyst; Business Analyst; Operations Analyst,Keep any employment type when role-relevant; exclude generic part-time work,"Exclude generic sales, retail, hospitality, customer service and frontline roles",81,Analytics plus market-surveillance project helps; finance pedigree/domain depth is weaker than your business/implementation fit.,visible,core_harshit,yes,strategic_unverified,Strategic target; Ireland relevance not yet proven by dashboard vacancy history,0,0
249,Kuehne+Nagel Ireland,https://jobs.kuehne-nagel.com/global/en/search-results?m=3&location=Ireland,employer,86,P2 — Strong,Harshit primary,Finance / Risk,Risk/Compliance Analyst; Data/BI Analyst; Business Analyst; Operations Analyst,Keep any employment type when role-relevant; exclude generic part-time work,"Exclude generic sales, retail, hospitality, customer service and frontline roles",81,Analytics plus market-surveillance project helps; finance pedigree/domain depth is weaker than your business/implementation fit.,visible,core_harshit,yes,validated_live_other,"Current Republic of Ireland employment evidence, but no target-role match in latest data",6,0
250,Labcorp,https://careers.labcorp.com/global/en,employer,86,P2 — Strong,Harshit primary,Finance / Risk,Risk/Compliance Analyst; Data/BI Analyst; Business Analyst; Operations Analyst,Keep any employment type when role-relevant; exclude generic part-time work,"Exclude generic sales, retail, hospitality, customer service and frontline roles",81,Analytics plus market-surveillance project helps; finance pedigree/domain depth is weaker than your business/implementation fit.,visible,core_harshit,yes,strategic_unverified,Strategic target; Ireland relevance not yet proven by dashboard vacancy history,0,0
251,Lam Research,https://www.lamresearch.com/careers/,employer,86,P2 — Strong,Harshit primary,Finance / Risk,Risk/Compliance Analyst; Data/BI Analyst; Business Analyst; Operations Analyst,Keep any employment type when role-relevant; exclude generic part-time work,"Exclude generic sales, retail, hospitality, customer service and frontline roles",81,Analytics plus market-surveillance project helps; finance pedigree/domain depth is weaker than your business/implementation fit.,visible,core_harshit,yes,strategic_unverified,Strategic target; Ireland relevance not yet proven by dashboard vacancy history,0,0
252,Laya Healthcare,https://www.layahealthcare.ie/aboutus/careers/,employer,86,P2 — Strong,Harshit primary,Finance / Risk,Risk/Compliance Analyst; Data/BI Analyst; Business Analyst; Operations Analyst,Keep any employment type when role-relevant; exclude generic part-time work,"Exclude generic sales, retail, hospitality, customer service and frontline roles",81,Analytics plus market-surveillance project helps; finance pedigree/domain depth is weaker than your business/implementation fit.,visible,core_harshit,yes,validated_live_relevant,Current Republic of Ireland job evidence in target role families,8,1
253,LearnUpon,https://www.learnupon.com/careers/,employer,86,P2 — Strong,Harshit primary,Finance / Risk,Risk/Compliance Analyst; Data/BI Analyst; Business Analyst; Operations Analyst,Keep any employment type when role-relevant; exclude generic part-time work,"Exclude generic sales, retail, hospitality, customer service and frontline roles",81,Analytics plus market-surveillance project helps; finance pedigree/domain depth is weaker than your business/implementation fit.,visible,core_harshit,yes,validated_live_relevant,Current Republic of Ireland job evidence in target role families,8,2
254,Linesight,https://www.linesight.com/careers/,employer,86,P2 — Strong,Harshit primary,Finance / Risk,Risk/Compliance Analyst; Data/BI Analyst; Business Analyst; Operations Analyst,Keep any employment type when role-relevant; exclude generic part-time work,"Exclude generic sales, retail, hospitality, customer service and frontline roles",81,Analytics plus market-surveillance project helps; finance pedigree/domain depth is weaker than your business/implementation fit.,visible,core_harshit,yes,strategic_unverified,Strategic target; Ireland relevance not yet proven by dashboard vacancy history,0,0
255,LK Shields,https://www.lkshields.ie/careers,employer,86,P2 — Strong,Harshit primary,Finance / Risk,Risk/Compliance Analyst; Data/BI Analyst; Business Analyst; Operations Analyst,Keep any employment type when role-relevant; exclude generic part-time work,"Exclude generic sales, retail, hospitality, customer service and frontline roles",81,Analytics plus market-surveillance project helps; finance pedigree/domain depth is weaker than your business/implementation fit.,visible,core_harshit,yes,strategic_unverified,Strategic target; Ireland relevance not yet proven by dashboard vacancy history,0,0
256,Logitech,https://www.logitech.com/en-us/careers,employer,86,P2 — Strong,Harshit primary,Finance / Risk,Risk/Compliance Analyst; Data/BI Analyst; Business Analyst; Operations Analyst,Keep any employment type when role-relevant; exclude generic part-time work,"Exclude generic sales, retail, hospitality, customer service and frontline roles",81,Analytics plus market-surveillance project helps; finance pedigree/domain depth is weaker than your business/implementation fit.,visible,core_harshit,yes,strategic_unverified,Strategic target; Ireland relevance not yet proven by dashboard vacancy history,0,0
257,Macquarie Group,https://www.macquarie.com/au/en/careers.html,employer,86,P2 — Strong,Harshit primary,Finance / Risk,Risk/Compliance Analyst; Data/BI Analyst; Business Analyst; Operations Analyst,Keep any employment type when role-relevant; exclude generic part-time work,"Exclude generic sales, retail, hospitality, customer service and frontline roles",81,Analytics plus market-surveillance project helps; finance pedigree/domain depth is weaker than your business/implementation fit.,visible,core_harshit,yes,strategic_unverified,Strategic target; Ireland relevance not yet proven by dashboard vacancy history,0,0
258,Maples Group Ireland,https://maples.com/careers,employer,86,P2 — Strong,Harshit primary,Finance / Risk,Risk/Compliance Analyst; Data/BI Analyst; Business Analyst; Operations Analyst,Keep any employment type when role-relevant; exclude generic part-time work,"Exclude generic sales, retail, hospitality, customer service and frontline roles",81,Analytics plus market-surveillance project helps; finance pedigree/domain depth is weaker than your business/implementation fit.,visible,core_harshit,yes,strategic_unverified,Strategic target; Ireland relevance not yet proven by dashboard vacancy history,0,0
259,Mars Ireland,https://careers.mars.com/,employer,86,P2 — Strong,Harshit primary,Finance / Risk,Risk/Compliance Analyst; Data/BI Analyst; Business Analyst; Operations Analyst,Keep any employment type when role-relevant; exclude generic part-time work,"Exclude generic sales, retail, hospitality, customer service and frontline roles",81,Analytics plus market-surveillance project helps; finance pedigree/domain depth is weaker than your business/implementation fit.,visible,core_harshit,yes,strategic_unverified,Strategic target; Ireland relevance not yet proven by dashboard vacancy history,0,0
260,Marsh McLennan,https://mmc.wd1.myworkdayjobs.com/MMC,employer,86,P2 — Strong,Harshit primary,Finance / Risk,Risk/Compliance Analyst; Data/BI Analyst; Business Analyst; Operations Analyst,Keep any employment type when role-relevant; exclude generic part-time work,"Exclude generic sales, retail, hospitality, customer service and frontline roles",81,Analytics plus market-surveillance project helps; finance pedigree/domain depth is weaker than your business/implementation fit.,visible,core_harshit,yes,strategic_unverified,Strategic target; Ireland relevance not yet proven by dashboard vacancy history,0,0
261,Marvell Technology,https://www.marvell.com/company/careers.html,employer,86,P2 — Strong,Harshit primary,Finance / Risk,Risk/Compliance Analyst; Data/BI Analyst; Business Analyst; Operations Analyst,Keep any employment type when role-relevant; exclude generic part-time work,"Exclude generic sales, retail, hospitality, customer service and frontline roles",81,Analytics plus market-surveillance project helps; finance pedigree/domain depth is weaker than your business/implementation fit.,visible,core_harshit,yes,strategic_unverified,Strategic target; Ireland relevance not yet proven by dashboard vacancy history,0,0
262,Mason Hayes & Curran,https://www.mhc.ie/careers,employer,86,P2 — Strong,Harshit primary,Finance / Risk,Risk/Compliance Analyst; Data/BI Analyst; Business Analyst; Operations Analyst,Keep any employment type when role-relevant; exclude generic part-time work,"Exclude generic sales, retail, hospitality, customer service and frontline roles",81,Analytics plus market-surveillance project helps; finance pedigree/domain depth is weaker than your business/implementation fit.,visible,core_harshit,yes,strategic_unverified,Strategic target; Ireland relevance not yet proven by dashboard vacancy history,0,0
263,Mastercard,https://mastercard.wd1.myworkdayjobs.com/CorporateCareers,employer,86,P3 — Selective,Secondary / exact-fit,Finance / Risk,Risk/Compliance Analyst; Data/BI Analyst; Business Analyst; Operations Analyst,Keep any employment type when role-relevant; exclude generic part-time work,"Exclude generic sales, retail, hospitality, customer service and frontline roles",70,Analytics plus market-surveillance project helps; finance pedigree/domain depth is weaker than your business/implementation fit.,visible,core_harshit,yes,validated_live_relevant,Current Republic of Ireland job evidence in target role families,66,8
264,Matheson,https://www.matheson.com/careers,employer,86,P2 — Strong,Harshit primary,Finance / Risk,Risk/Compliance Analyst; Data/BI Analyst; Business Analyst; Operations Analyst,Keep any employment type when role-relevant; exclude generic part-time work,"Exclude generic sales, retail, hospitality, customer service and frontline roles",81,Analytics plus market-surveillance project helps; finance pedigree/domain depth is weaker than your business/implementation fit.,visible,core_harshit,yes,strategic_unverified,Strategic target; Ireland relevance not yet proven by dashboard vacancy history,0,0
265,McCann FitzGerald,https://www.mccannfitzgerald.com/careers,employer,86,P2 — Strong,Harshit primary,Finance / Risk,Risk/Compliance Analyst; Data/BI Analyst; Business Analyst; Operations Analyst,Keep any employment type when role-relevant; exclude generic part-time work,"Exclude generic sales, retail, hospitality, customer service and frontline roles",81,Analytics plus market-surveillance project helps; finance pedigree/domain depth is weaker than your business/implementation fit.,visible,core_harshit,yes,strategic_unverified,Strategic target; Ireland relevance not yet proven by dashboard vacancy history,0,0
266,Mediahuis Ireland,https://www.mediahuis.ie/careers/,employer,86,P2 — Strong,Harshit primary,Finance / Risk,Risk/Compliance Analyst; Data/BI Analyst; Business Analyst; Operations Analyst,Keep any employment type when role-relevant; exclude generic part-time work,"Exclude generic sales, retail, hospitality, customer service and frontline roles",81,Analytics plus market-surveillance project helps; finance pedigree/domain depth is weaker than your business/implementation fit.,visible,core_harshit,yes,strategic_unverified,Strategic target; Ireland relevance not yet proven by dashboard vacancy history,0,0
267,Mediolanum International Funds,https://www.mifl.ie/careers/open-positions,employer,86,P2 — Strong,Harshit primary,Finance / Risk,Risk/Compliance Analyst; Data/BI Analyst; Business Analyst; Operations Analyst,Keep any employment type when role-relevant; exclude generic part-time work,"Exclude generic sales, retail, hospitality, customer service and frontline roles",81,Analytics plus market-surveillance project helps; finance pedigree/domain depth is weaker than your business/implementation fit.,visible,core_harshit,yes,strategic_unverified,Strategic target; Ireland relevance not yet proven by dashboard vacancy history,0,0
268,Medpace,https://www.medpace.com/careers/,employer,86,P2 — Strong,Harshit primary,Finance / Risk,Risk/Compliance Analyst; Data/BI Analyst; Business Analyst; Operations Analyst,Keep any employment type when role-relevant; exclude generic part-time work,"Exclude generic sales, retail, hospitality, customer service and frontline roles",81,Analytics plus market-surveillance project helps; finance pedigree/domain depth is weaker than your business/implementation fit.,visible,core_harshit,yes,strategic_unverified,Strategic target; Ireland relevance not yet proven by dashboard vacancy history,0,0
269,Mercer,https://mmc.wd1.myworkdayjobs.com/MMC,employer,86,P2 — Strong,Harshit primary,Finance / Risk,Risk/Compliance Analyst; Data/BI Analyst; Business Analyst; Operations Analyst,Keep any employment type when role-relevant; exclude generic part-time work,"Exclude generic sales, retail, hospitality, customer service and frontline roles",81,Analytics plus market-surveillance project helps; finance pedigree/domain depth is weaker than your business/implementation fit.,visible,core_harshit,yes,validated_live_relevant,Current Republic of Ireland job evidence in target role families,28,6
270,Merck Group,https://jobs.vibrantm.com/merck/go/Jobs-in-Ireland/8330701/,employer,86,P2 — Strong,Harshit primary,Finance / Risk,Risk/Compliance Analyst; Data/BI Analyst; Business Analyst; Operations Analyst,Keep any employment type when role-relevant; exclude generic part-time work,"Exclude generic sales, retail, hospitality, customer service and frontline roles",81,Analytics plus market-surveillance project helps; finance pedigree/domain depth is weaker than your business/implementation fit.,visible,core_harshit,yes,strategic_unverified,Strategic target; Ireland relevance not yet proven by dashboard vacancy history,0,0
271,Mercury Engineering,https://www.mercuryeng.com/careers/,employer,86,P2 — Strong,Harshit primary,Finance / Risk,Risk/Compliance Analyst; Data/BI Analyst; Business Analyst; Operations Analyst,Keep any employment type when role-relevant; exclude generic part-time work,"Exclude generic sales, retail, hospitality, customer service and frontline roles",81,Analytics plus market-surveillance project helps; finance pedigree/domain depth is weaker than your business/implementation fit.,visible,core_harshit,yes,strategic_unverified,Strategic target; Ireland relevance not yet proven by dashboard vacancy history,0,0
272,Merit Medical,https://www.merit.com/careers/,employer,86,P2 — Strong,Harshit primary,Finance / Risk,Risk/Compliance Analyst; Data/BI Analyst; Business Analyst; Operations Analyst,Keep any employment type when role-relevant; exclude generic part-time work,"Exclude generic sales, retail, hospitality, customer service and frontline roles",81,Analytics plus market-surveillance project helps; finance pedigree/domain depth is weaker than your business/implementation fit.,visible,core_harshit,yes,validated_live_other,"Current Republic of Ireland employment evidence, but no target-role match in latest data",9,0
273,Microchip Technology,https://careers.microchip.com/,employer,86,P2 — Strong,Harshit primary,Finance / Risk,Risk/Compliance Analyst; Data/BI Analyst; Business Analyst; Operations Analyst,Keep any employment type when role-relevant; exclude generic part-time work,"Exclude generic sales, retail, hospitality, customer service and frontline roles",81,Analytics plus market-surveillance project helps; finance pedigree/domain depth is weaker than your business/implementation fit.,visible,core_harshit,yes,strategic_unverified,Strategic target; Ireland relevance not yet proven by dashboard vacancy history,0,0
274,Monzo,https://monzo.com/careers,employer,86,P2 — Strong,Harshit primary,Finance / Risk,Risk/Compliance Analyst; Data/BI Analyst; Business Analyst; Operations Analyst,Keep any employment type when role-relevant; exclude generic part-time work,"Exclude generic sales, retail, hospitality, customer service and frontline roles",81,Analytics plus market-surveillance project helps; finance pedigree/domain depth is weaker than your business/implementation fit.,visible,core_harshit,yes,strategic_unverified,Strategic target; Ireland relevance not yet proven by dashboard vacancy history,0,0
275,Moody's,https://careers.moodys.com/,employer,86,P2 — Strong,Harshit primary,Finance / Risk,Risk/Compliance Analyst; Data/BI Analyst; Business Analyst; Operations Analyst,Keep any employment type when role-relevant; exclude generic part-time work,"Exclude generic sales, retail, hospitality, customer service and frontline roles",81,Analytics plus market-surveillance project helps; finance pedigree/domain depth is weaker than your business/implementation fit.,visible,core_harshit,yes,strategic_unverified,Strategic target; Ireland relevance not yet proven by dashboard vacancy history,0,0
276,Morningstar,https://www.morningstar.com/careers,employer,86,P2 — Strong,Harshit primary,Finance / Risk,Risk/Compliance Analyst; Data/BI Analyst; Business Analyst; Operations Analyst,Keep any employment type when role-relevant; exclude generic part-time work,"Exclude generic sales, retail, hospitality, customer service and frontline roles",81,Analytics plus market-surveillance project helps; finance pedigree/domain depth is weaker than your business/implementation fit.,visible,core_harshit,yes,strategic_unverified,Strategic target; Ireland relevance not yet proven by dashboard vacancy history,0,0
277,Mott MacDonald,https://www.mottmac.com/careers,employer,86,P2 — Strong,Harshit primary,Finance / Risk,Risk/Compliance Analyst; Data/BI Analyst; Business Analyst; Operations Analyst,Keep any employment type when role-relevant; exclude generic part-time work,"Exclude generic sales, retail, hospitality, customer service and frontline roles",81,Analytics plus market-surveillance project helps; finance pedigree/domain depth is weaker than your business/implementation fit.,visible,core_harshit,yes,strategic_unverified,Strategic target; Ireland relevance not yet proven by dashboard vacancy history,0,0
278,MSCI,https://www.msci.com/careers,employer,86,P2 — Strong,Harshit primary,Finance / Risk,Risk/Compliance Analyst; Data/BI Analyst; Business Analyst; Operations Analyst,Keep any employment type when role-relevant; exclude generic part-time work,"Exclude generic sales, retail, hospitality, customer service and frontline roles",81,Analytics plus market-surveillance project helps; finance pedigree/domain depth is weaker than your business/implementation fit.,visible,core_harshit,yes,strategic_unverified,Strategic target; Ireland relevance not yet proven by dashboard vacancy history,0,0
279,MSD,https://jobs.msd.com/ireland,employer,86,P2 — Strong,Harshit primary,Finance / Risk,Risk/Compliance Analyst; Data/BI Analyst; Business Analyst; Operations Analyst,Keep any employment type when role-relevant; exclude generic part-time work,"Exclude generic sales, retail, hospitality, customer service and frontline roles",81,Analytics plus market-surveillance project helps; finance pedigree/domain depth is weaker than your business/implementation fit.,visible,core_harshit,yes,strategic_unverified,Strategic target; Ireland relevance not yet proven by dashboard vacancy history,0,0
280,MSD (Merck Sharp & Dohme),https://msd.wd5.myworkdayjobs.com/SearchJobs,employer,86,P2 — Strong,Harshit primary,Finance / Risk,Risk/Compliance Analyst; Data/BI Analyst; Business Analyst; Operations Analyst,Keep any employment type when role-relevant; exclude generic part-time work,"Exclude generic sales, retail, hospitality, customer service and frontline roles",81,Analytics plus market-surveillance project helps; finance pedigree/domain depth is weaker than your business/implementation fit.,visible,core_harshit,yes,validated_live_other,"Current Republic of Ireland employment evidence, but no target-role match in latest data",2,0
281,MUFG Investor Services,https://www.mufg-investorservices.com/careers/,employer,86,P2 — Strong,Harshit primary,Finance / Risk,Risk/Compliance Analyst; Data/BI Analyst; Business Analyst; Operations Analyst,Keep any employment type when role-relevant; exclude generic part-time work,"Exclude generic sales, retail, hospitality, customer service and frontline roles",81,Analytics plus market-surveillance project helps; finance pedigree/domain depth is weaker than your business/implementation fit.,visible,core_harshit,yes,strategic_unverified,Strategic target; Ireland relevance not yet proven by dashboard vacancy history,0,0
282,Nestlé Ireland,https://www.nestlejobs.com/,employer,86,P2 — Strong,Harshit primary,Finance / Risk,Risk/Compliance Analyst; Data/BI Analyst; Business Analyst; Operations Analyst,Keep any employment type when role-relevant; exclude generic part-time work,"Exclude generic sales, retail, hospitality, customer service and frontline roles",81,Analytics plus market-surveillance project helps; finance pedigree/domain depth is weaker than your business/implementation fit.,visible,core_harshit,yes,strategic_unverified,Strategic target; Ireland relevance not yet proven by dashboard vacancy history,0,0
283,NetApp,https://www.netapp.com/company/careers/,employer,86,P2 — Strong,Harshit primary,Finance / Risk,Risk/Compliance Analyst; Data/BI Analyst; Business Analyst; Operations Analyst,Keep any employment type when role-relevant; exclude generic part-time work,"Exclude generic sales, retail, hospitality, customer service and frontline roles",81,Analytics plus market-surveillance project helps; finance pedigree/domain depth is weaker than your business/implementation fit.,visible,core_harshit,yes,validated_live_other,"Current Republic of Ireland employment evidence, but no target-role match in latest data",12,0
284,Nokia,https://www.nokia.com/careers/,employer,86,P2 — Strong,Harshit primary,Finance / Risk,Risk/Compliance Analyst; Data/BI Analyst; Business Analyst; Operations Analyst,Keep any employment type when role-relevant; exclude generic part-time work,"Exclude generic sales, retail, hospitality, customer service and frontline roles",81,Analytics plus market-surveillance project helps; finance pedigree/domain depth is weaker than your business/implementation fit.,visible,core_harshit,yes,strategic_unverified,Strategic target; Ireland relevance not yet proven by dashboard vacancy history,0,0
285,Nordic Aviation Capital,https://nordicaviationcapital.com/careers,employer,86,P2 — Strong,Harshit primary,Finance / Risk,Risk/Compliance Analyst; Data/BI Analyst; Business Analyst; Operations Analyst,Keep any employment type when role-relevant; exclude generic part-time work,"Exclude generic sales, retail, hospitality, customer service and frontline roles",81,Analytics plus market-surveillance project helps; finance pedigree/domain depth is weaker than your business/implementation fit.,visible,core_harshit,yes,strategic_unverified,Strategic target; Ireland relevance not yet proven by dashboard vacancy history,0,0
286,Notion,https://www.notion.so/careers,employer,86,P2 — Strong,Harshit primary,Finance / Risk,Risk/Compliance Analyst; Data/BI Analyst; Business Analyst; Operations Analyst,Keep any employment type when role-relevant; exclude generic part-time work,"Exclude generic sales, retail, hospitality, customer service and frontline roles",81,Analytics plus market-surveillance project helps; finance pedigree/domain depth is weaker than your business/implementation fit.,visible,core_harshit,yes,validated_live_relevant,Current Republic of Ireland job evidence in target role families,18,1
287,Novartis,https://www.novartis.com/careers/career-search?country%5B0%5D=IE,employer,86,P2 — Strong,Harshit primary,Finance / Risk,Risk/Compliance Analyst; Data/BI Analyst; Business Analyst; Operations Analyst,Keep any employment type when role-relevant; exclude generic part-time work,"Exclude generic sales, retail, hospitality, customer service and frontline roles",81,Analytics plus market-surveillance project helps; finance pedigree/domain depth is weaker than your business/implementation fit.,visible,core_harshit,yes,strategic_unverified,Strategic target; Ireland relevance not yet proven by dashboard vacancy history,0,0
288,NTMA,https://www.ntma.ie/about-the-ntma/careers/current-opportunities,employer,86,P2 — Strong,Harshit primary,Finance / Risk,Risk/Compliance Analyst; Data/BI Analyst; Business Analyst; Operations Analyst,Keep any employment type when role-relevant; exclude generic part-time work,"Exclude generic sales, retail, hospitality, customer service and frontline roles",81,Analytics plus market-surveillance project helps; finance pedigree/domain depth is weaker than your business/implementation fit.,visible,core_harshit,yes,strategic_unverified,Strategic target; Ireland relevance not yet proven by dashboard vacancy history,0,0
289,Nutanix,https://www.nutanix.com/careers,employer,86,P2 — Strong,Harshit primary,Finance / Risk,Risk/Compliance Analyst; Data/BI Analyst; Business Analyst; Operations Analyst,Keep any employment type when role-relevant; exclude generic part-time work,"Exclude generic sales, retail, hospitality, customer service and frontline roles",81,Analytics plus market-surveillance project helps; finance pedigree/domain depth is weaker than your business/implementation fit.,visible,core_harshit,yes,strategic_unverified,Strategic target; Ireland relevance not yet proven by dashboard vacancy history,0,0
290,NVIDIA,https://nvidia.wd5.myworkdayjobs.com/NVIDIAExternalCareerSite,employer,86,P2 — Strong,Harshit primary,Finance / Risk,Risk/Compliance Analyst; Data/BI Analyst; Business Analyst; Operations Analyst,Keep any employment type when role-relevant; exclude generic part-time work,"Exclude generic sales, retail, hospitality, customer service and frontline roles",81,Analytics plus market-surveillance project helps; finance pedigree/domain depth is weaker than your business/implementation fit.,visible,core_harshit,yes,strategic_unverified,Strategic target; Ireland relevance not yet proven by dashboard vacancy history,0,0
291,NXP Semiconductors,https://nxp.wd3.myworkdayjobs.com/careers,employer,86,P2 — Strong,Harshit primary,Finance / Risk,Risk/Compliance Analyst; Data/BI Analyst; Business Analyst; Operations Analyst,Keep any employment type when role-relevant; exclude generic part-time work,"Exclude generic sales, retail, hospitality, customer service and frontline roles",81,Analytics plus market-surveillance project helps; finance pedigree/domain depth is weaker than your business/implementation fit.,visible,core_harshit,yes,strategic_unverified,Strategic target; Ireland relevance not yet proven by dashboard vacancy history,0,0
292,OFX,https://www.ofx.com/en-ie/careers/,employer,86,P2 — Strong,Harshit primary,Finance / Risk,Risk/Compliance Analyst; Data/BI Analyst; Business Analyst; Operations Analyst,Keep any employment type when role-relevant; exclude generic part-time work,"Exclude generic sales, retail, hospitality, customer service and frontline roles",81,Analytics plus market-surveillance project helps; finance pedigree/domain depth is weaker than your business/implementation fit.,visible,core_harshit,yes,strategic_unverified,Strategic target; Ireland relevance not yet proven by dashboard vacancy history,0,0
293,Okta,https://www.okta.com/careers/,employer,86,P2 — Strong,Harshit primary,Finance / Risk,Risk/Compliance Analyst; Data/BI Analyst; Business Analyst; Operations Analyst,Keep any employment type when role-relevant; exclude generic part-time work,"Exclude generic sales, retail, hospitality, customer service and frontline roles",81,Analytics plus market-surveillance project helps; finance pedigree/domain depth is weaker than your business/implementation fit.,visible,core_harshit,yes,validated_live_other,"Current Republic of Ireland employment evidence, but no target-role match in latest data",10,0
294,Optum,https://www.optum.ie/careers.html,employer,86,P2 — Strong,Harshit primary,Finance / Risk,Risk/Compliance Analyst; Data/BI Analyst; Business Analyst; Operations Analyst,Keep any employment type when role-relevant; exclude generic part-time work,"Exclude generic sales, retail, hospitality, customer service and frontline roles",81,Analytics plus market-surveillance project helps; finance pedigree/domain depth is weaker than your business/implementation fit.,visible,core_harshit,yes,strategic_unverified,Strategic target; Ireland relevance not yet proven by dashboard vacancy history,0,0
295,PA Consulting,https://www.paconsulting.com/careers,employer,86,P2 — Strong,Harshit primary,Finance / Risk,Risk/Compliance Analyst; Data/BI Analyst; Business Analyst; Operations Analyst,Keep any employment type when role-relevant; exclude generic part-time work,"Exclude generic sales, retail, hospitality, customer service and frontline roles",81,Analytics plus market-surveillance project helps; finance pedigree/domain depth is weaker than your business/implementation fit.,visible,core_harshit,yes,strategic_unverified,Strategic target; Ireland relevance not yet proven by dashboard vacancy history,0,0
296,Palo Alto Networks,https://jobs.paloaltonetworks.com/en/jobs/,employer,86,P2 — Strong,Harshit primary,Finance / Risk,Risk/Compliance Analyst; Data/BI Analyst; Business Analyst; Operations Analyst,Keep any employment type when role-relevant; exclude generic part-time work,"Exclude generic sales, retail, hospitality, customer service and frontline roles",81,Analytics plus market-surveillance project helps; finance pedigree/domain depth is weaker than your business/implementation fit.,visible,core_harshit,yes,strategic_unverified,Strategic target; Ireland relevance not yet proven by dashboard vacancy history,0,0
297,PayPal,https://paypal.wd1.myworkdayjobs.com/jobs,employer,86,P2 — Strong,Harshit primary,Finance / Risk,Risk/Compliance Analyst; Data/BI Analyst; Business Analyst; Operations Analyst,Keep any employment type when role-relevant; exclude generic part-time work,"Exclude generic sales, retail, hospitality, customer service and frontline roles",81,Analytics plus market-surveillance project helps; finance pedigree/domain depth is weaker than your business/implementation fit.,visible,core_harshit,yes,validated_live_other,"Current Republic of Ireland employment evidence, but no target-role match in latest data",1,0
298,Payrails,https://www.payrails.com/careers,employer,86,P2 — Strong,Harshit primary,Finance / Risk,Risk/Compliance Analyst; Data/BI Analyst; Business Analyst; Operations Analyst,Keep any employment type when role-relevant; exclude generic part-time work,"Exclude generic sales, retail, hospitality, customer service and frontline roles",81,Analytics plus market-surveillance project helps; finance pedigree/domain depth is weaker than your business/implementation fit.,visible,core_harshit,yes,strategic_unverified,Strategic target; Ireland relevance not yet proven by dashboard vacancy history,0,0
299,Perrigo,https://careers.perrigo.com/,employer,86,P2 — Strong,Harshit primary,Finance / Risk,Risk/Compliance Analyst; Data/BI Analyst; Business Analyst; Operations Analyst,Keep any employment type when role-relevant; exclude generic part-time work,"Exclude generic sales, retail, hospitality, customer service and frontline roles",81,Analytics plus market-surveillance project helps; finance pedigree/domain depth is weaker than your business/implementation fit.,visible,core_harshit,yes,strategic_unverified,Strategic target; Ireland relevance not yet proven by dashboard vacancy history,0,0
300,Personio,https://www.personio.com/about-personio/careers/locations/dublin/,employer,86,P2 — Strong,Harshit primary,Finance / Risk,Risk/Compliance Analyst; Data/BI Analyst; Business Analyst; Operations Analyst,Keep any employment type when role-relevant; exclude generic part-time work,"Exclude generic sales, retail, hospitality, customer service and frontline roles",81,Analytics plus market-surveillance project helps; finance pedigree/domain depth is weaker than your business/implementation fit.,visible,core_harshit,yes,strategic_unverified,Strategic target; Ireland relevance not yet proven by dashboard vacancy history,0,0
301,Philip Lee,https://www.philiplee.ie/careers/,employer,86,P2 — Strong,Harshit primary,Finance / Risk,Risk/Compliance Analyst; Data/BI Analyst; Business Analyst; Operations Analyst,Keep any employment type when role-relevant; exclude generic part-time work,"Exclude generic sales, retail, hospitality, customer service and frontline roles",81,Analytics plus market-surveillance project helps; finance pedigree/domain depth is weaker than your business/implementation fit.,visible,core_harshit,yes,strategic_unverified,Strategic target; Ireland relevance not yet proven by dashboard vacancy history,0,0
302,PIMCO,https://careers.pimco.com/,employer,86,P2 — Strong,Harshit primary,Finance / Risk,Risk/Compliance Analyst; Data/BI Analyst; Business Analyst; Operations Analyst,Keep any employment type when role-relevant; exclude generic part-time work,"Exclude generic sales, retail, hospitality, customer service and frontline roles",81,Analytics plus market-surveillance project helps; finance pedigree/domain depth is weaker than your business/implementation fit.,visible,core_harshit,yes,validated_live_other,"Current Republic of Ireland employment evidence, but no target-role match in latest data",3,0
303,Ping Identity,https://www.pingidentity.com/en/company/careers.html,employer,86,P2 — Strong,Harshit primary,Finance / Risk,Risk/Compliance Analyst; Data/BI Analyst; Business Analyst; Operations Analyst,Keep any employment type when role-relevant; exclude generic part-time work,"Exclude generic sales, retail, hospitality, customer service and frontline roles",81,Analytics plus market-surveillance project helps; finance pedigree/domain depth is weaker than your business/implementation fit.,visible,core_harshit,yes,strategic_unverified,Strategic target; Ireland relevance not yet proven by dashboard vacancy history,0,0
304,PM Group,https://www.pmgroup-global.com/careers/,employer,86,P2 — Strong,Harshit primary,Finance / Risk,Risk/Compliance Analyst; Data/BI Analyst; Business Analyst; Operations Analyst,Keep any employment type when role-relevant; exclude generic part-time work,"Exclude generic sales, retail, hospitality, customer service and frontline roles",81,Analytics plus market-surveillance project helps; finance pedigree/domain depth is weaker than your business/implementation fit.,visible,core_harshit,yes,strategic_unverified,Strategic target; Ireland relevance not yet proven by dashboard vacancy history,0,0
305,Port of Cork Company,https://www.portofcork.ie/careers/,employer,86,P2 — Strong,Harshit primary,Finance / Risk,Risk/Compliance Analyst; Data/BI Analyst; Business Analyst; Operations Analyst,Keep any employment type when role-relevant; exclude generic part-time work,"Exclude generic sales, retail, hospitality, customer service and frontline roles",81,Analytics plus market-surveillance project helps; finance pedigree/domain depth is weaker than your business/implementation fit.,visible,core_harshit,yes,strategic_unverified,Strategic target; Ireland relevance not yet proven by dashboard vacancy history,0,0
306,Proofpoint,https://www.proofpoint.com/us/company/careers,employer,86,P2 — Strong,Harshit primary,Finance / Risk,Risk/Compliance Analyst; Data/BI Analyst; Business Analyst; Operations Analyst,Keep any employment type when role-relevant; exclude generic part-time work,"Exclude generic sales, retail, hospitality, customer service and frontline roles",81,Analytics plus market-surveillance project helps; finance pedigree/domain depth is weaker than your business/implementation fit.,visible,core_harshit,yes,strategic_unverified,Strategic target; Ireland relevance not yet proven by dashboard vacancy history,0,0
307,Protiviti,https://www.protiviti.com/us-en/careers,employer,86,P2 — Strong,Harshit primary,Finance / Risk,Risk/Compliance Analyst; Data/BI Analyst; Business Analyst; Operations Analyst,Keep any employment type when role-relevant; exclude generic part-time work,"Exclude generic sales, retail, hospitality, customer service and frontline roles",81,Analytics plus market-surveillance project helps; finance pedigree/domain depth is weaker than your business/implementation fit.,visible,core_harshit,yes,strategic_unverified,Strategic target; Ireland relevance not yet proven by dashboard vacancy history,0,0
308,PTSB (Permanent TSB),https://www.ptsb.ie/about-us/careers/,employer,86,P2 — Strong,Harshit primary,Finance / Risk,Risk/Compliance Analyst; Data/BI Analyst; Business Analyst; Operations Analyst,Keep any employment type when role-relevant; exclude generic part-time work,"Exclude generic sales, retail, hospitality, customer service and frontline roles",81,Analytics plus market-surveillance project helps; finance pedigree/domain depth is weaker than your business/implementation fit.,visible,core_harshit,yes,strategic_unverified,Strategic target; Ireland relevance not yet proven by dashboard vacancy history,0,0
309,Public Jobs / Civil Service,https://publicjobs.ie,employer,86,P2 — Strong,Harshit primary,Finance / Risk,Risk/Compliance Analyst; Data/BI Analyst; Business Analyst; Operations Analyst,Keep any employment type when role-relevant; exclude generic part-time work,"Exclude generic sales, retail, hospitality, customer service and frontline roles",81,Analytics plus market-surveillance project helps; finance pedigree/domain depth is weaker than your business/implementation fit.,visible,core_harshit,yes,validated_live_other,"Current Republic of Ireland employment evidence, but no target-role match in latest data",24,0
310,Pure Storage,https://www.purestorage.com/company/careers.html,employer,86,P2 — Strong,Harshit primary,Enterprise Data Infrastructure,Solutions Architect; Data Platform; Technical Consultant,Keep any employment type when role-relevant; exclude generic part-time work,"Exclude generic sales, retail, hospitality, customer service and frontline roles",55,External Dublin Field Solutions Architect evidence,visible,core_harshit,yes,added_external_ireland_role_evidence,External Dublin Field Solutions Architect evidence,0,0
311,Qashio,https://www.qashio.com/careers,employer,86,P2 — Strong,Harshit primary,Finance / Risk,Risk/Compliance Analyst; Data/BI Analyst; Business Analyst; Operations Analyst,Keep any employment type when role-relevant; exclude generic part-time work,"Exclude generic sales, retail, hospitality, customer service and frontline roles",81,Analytics plus market-surveillance project helps; finance pedigree/domain depth is weaker than your business/implementation fit.,visible,core_harshit,yes,strategic_unverified,Strategic target; Ireland relevance not yet proven by dashboard vacancy history,0,0
312,QIAGEN,https://www.qiagen.com/us/about-us/careers,employer,86,P2 — Strong,Harshit primary,Finance / Risk,Risk/Compliance Analyst; Data/BI Analyst; Business Analyst; Operations Analyst,Keep any employment type when role-relevant; exclude generic part-time work,"Exclude generic sales, retail, hospitality, customer service and frontline roles",81,Analytics plus market-surveillance project helps; finance pedigree/domain depth is weaker than your business/implementation fit.,visible,core_harshit,yes,strategic_unverified,Strategic target; Ireland relevance not yet proven by dashboard vacancy history,0,0
313,Qorvo,https://www.qorvo.com/careers,employer,86,P2 — Strong,Harshit primary,Finance / Risk,Risk/Compliance Analyst; Data/BI Analyst; Business Analyst; Operations Analyst,Keep any employment type when role-relevant; exclude generic part-time work,"Exclude generic sales, retail, hospitality, customer service and frontline roles",81,Analytics plus market-surveillance project helps; finance pedigree/domain depth is weaker than your business/implementation fit.,visible,core_harshit,yes,strategic_unverified,Strategic target; Ireland relevance not yet proven by dashboard vacancy history,0,0
314,Qualcomm,https://www.qualcomm.com/company/careers,employer,86,P2 — Strong,Harshit primary,Finance / Risk,Risk/Compliance Analyst; Data/BI Analyst; Business Analyst; Operations Analyst,Keep any employment type when role-relevant; exclude generic part-time work,"Exclude generic sales, retail, hospitality, customer service and frontline roles",81,Analytics plus market-surveillance project helps; finance pedigree/domain depth is weaker than your business/implementation fit.,visible,core_harshit,yes,strategic_unverified,Strategic target; Ireland relevance not yet proven by dashboard vacancy history,0,0
315,Qualtrics,https://www.qualtrics.com/careers/us/en/search-results?keywords=Dublin,employer,86,P2 — Strong,Harshit primary,Finance / Risk,Risk/Compliance Analyst; Data/BI Analyst; Business Analyst; Operations Analyst,Keep any employment type when role-relevant; exclude generic part-time work,"Exclude generic sales, retail, hospitality, customer service and frontline roles",81,Analytics plus market-surveillance project helps; finance pedigree/domain depth is weaker than your business/implementation fit.,visible,core_harshit,yes,validated_live_other,"Current Republic of Ireland employment evidence, but no target-role match in latest data",2,0
316,Quantexa,https://www.quantexa.com/careers/,employer,86,P2 — Strong,Harshit primary,Finance / Risk,Risk/Compliance Analyst; Data/BI Analyst; Business Analyst; Operations Analyst,Keep any employment type when role-relevant; exclude generic part-time work,"Exclude generic sales, retail, hospitality, customer service and frontline roles",81,Analytics plus market-surveillance project helps; finance pedigree/domain depth is weaker than your business/implementation fit.,visible,core_harshit,yes,strategic_unverified,Strategic target; Ireland relevance not yet proven by dashboard vacancy history,0,0
317,Rapid7,https://www.rapid7.com/careers/jobs/,employer,86,P2 — Strong,Harshit primary,Finance / Risk,Risk/Compliance Analyst; Data/BI Analyst; Business Analyst; Operations Analyst,Keep any employment type when role-relevant; exclude generic part-time work,"Exclude generic sales, retail, hospitality, customer service and frontline roles",81,Analytics plus market-surveillance project helps; finance pedigree/domain depth is weaker than your business/implementation fit.,visible,core_harshit,yes,strategic_unverified,Strategic target; Ireland relevance not yet proven by dashboard vacancy history,0,0
318,Reddit,https://www.redditinc.com/careers,employer,86,P2 — Strong,Harshit primary,Finance / Risk,Risk/Compliance Analyst; Data/BI Analyst; Business Analyst; Operations Analyst,Keep any employment type when role-relevant; exclude generic part-time work,"Exclude generic sales, retail, hospitality, customer service and frontline roles",81,Analytics plus market-surveillance project helps; finance pedigree/domain depth is weaker than your business/implementation fit.,visible,core_harshit,yes,validated_live_other,"Current Republic of Ireland employment evidence, but no target-role match in latest data",2,0
319,Refinitiv (LSEG),https://www.lseg.com/en/careers,employer,86,P2 — Strong,Harshit primary,Finance / Risk,Risk/Compliance Analyst; Data/BI Analyst; Business Analyst; Operations Analyst,Keep any employment type when role-relevant; exclude generic part-time work,"Exclude generic sales, retail, hospitality, customer service and frontline roles",81,Analytics plus market-surveillance project helps; finance pedigree/domain depth is weaker than your business/implementation fit.,visible,core_harshit,yes,strategic_unverified,Strategic target; Ireland relevance not yet proven by dashboard vacancy history,0,0
320,Regeneron,https://careers.regeneron.com/en/jobs/?location=Ireland,employer,86,P2 — Strong,Harshit primary,Finance / Risk,Risk/Compliance Analyst; Data/BI Analyst; Business Analyst; Operations Analyst,Keep any employment type when role-relevant; exclude generic part-time work,"Exclude generic sales, retail, hospitality, customer service and frontline roles",81,Analytics plus market-surveillance project helps; finance pedigree/domain depth is weaker than your business/implementation fit.,visible,core_harshit,yes,strategic_unverified,Strategic target; Ireland relevance not yet proven by dashboard vacancy history,0,0
321,Renesas Electronics,https://www.renesas.com/us/en/about/careers,employer,86,P2 — Strong,Harshit primary,Finance / Risk,Risk/Compliance Analyst; Data/BI Analyst; Business Analyst; Operations Analyst,Keep any employment type when role-relevant; exclude generic part-time work,"Exclude generic sales, retail, hospitality, customer service and frontline roles",81,Analytics plus market-surveillance project helps; finance pedigree/domain depth is weaker than your business/implementation fit.,visible,core_harshit,yes,strategic_unverified,Strategic target; Ireland relevance not yet proven by dashboard vacancy history,0,0
322,Research Ireland,https://www.researchireland.ie/,employer,86,P2 — Strong,Harshit primary,Finance / Risk,Risk/Compliance Analyst; Data/BI Analyst; Business Analyst; Operations Analyst,Keep any employment type when role-relevant; exclude generic part-time work,"Exclude generic sales, retail, hospitality, customer service and frontline roles",81,Analytics plus market-surveillance project helps; finance pedigree/domain depth is weaker than your business/implementation fit.,visible,core_harshit,yes,strategic_unverified,Strategic target; Ireland relevance not yet proven by dashboard vacancy history,0,0
323,ResMed,https://resmed.wd1.myworkdayjobs.com/ResMed_External_Careers,employer,86,P2 — Strong,Harshit primary,Finance / Risk,Risk/Compliance Analyst; Data/BI Analyst; Business Analyst; Operations Analyst,Keep any employment type when role-relevant; exclude generic part-time work,"Exclude generic sales, retail, hospitality, customer service and frontline roles",81,Analytics plus market-surveillance project helps; finance pedigree/domain depth is weaker than your business/implementation fit.,visible,core_harshit,yes,strategic_unverified,Strategic target; Ireland relevance not yet proven by dashboard vacancy history,0,0
324,Revenue,https://www.revenue.ie/en/corporate/information-about-revenue/careers/index.aspx,employer,86,P2 — Strong,Harshit primary,Finance / Risk,Risk/Compliance Analyst; Data/BI Analyst; Business Analyst; Operations Analyst,Keep any employment type when role-relevant; exclude generic part-time work,"Exclude generic sales, retail, hospitality, customer service and frontline roles",81,Analytics plus market-surveillance project helps; finance pedigree/domain depth is weaker than your business/implementation fit.,visible,core_harshit,yes,validated_live_other,"Current Republic of Ireland employment evidence, but no target-role match in latest data",2,0
325,Revvity (PerkinElmer),https://jobs.revvity.com/,employer,86,P2 — Strong,Harshit primary,Finance / Risk,Risk/Compliance Analyst; Data/BI Analyst; Business Analyst; Operations Analyst,Keep any employment type when role-relevant; exclude generic part-time work,"Exclude generic sales, retail, hospitality, customer service and frontline roles",81,Analytics plus market-surveillance project helps; finance pedigree/domain depth is weaker than your business/implementation fit.,visible,core_harshit,yes,strategic_unverified,Strategic target; Ireland relevance not yet proven by dashboard vacancy history,0,0
326,Riot Games,https://www.riotgames.com/en/work-with-us/offices/dublin,employer,86,P2 — Strong,Harshit primary,Finance / Risk,Risk/Compliance Analyst; Data/BI Analyst; Business Analyst; Operations Analyst,Keep any employment type when role-relevant; exclude generic part-time work,"Exclude generic sales, retail, hospitality, customer service and frontline roles",81,Analytics plus market-surveillance project helps; finance pedigree/domain depth is weaker than your business/implementation fit.,visible,core_harshit,yes,strategic_unverified,Strategic target; Ireland relevance not yet proven by dashboard vacancy history,0,0
327,Rippling,https://www.rippling.com/careers,employer,86,P2 — Strong,Harshit primary,Finance / Risk,Risk/Compliance Analyst; Data/BI Analyst; Business Analyst; Operations Analyst,Keep any employment type when role-relevant; exclude generic part-time work,"Exclude generic sales, retail, hospitality, customer service and frontline roles",81,Analytics plus market-surveillance project helps; finance pedigree/domain depth is weaker than your business/implementation fit.,visible,core_harshit,yes,strategic_unverified,Strategic target; Ireland relevance not yet proven by dashboard vacancy history,0,0
328,Roche,https://www.roche.com/careers/jobs?country=Ireland,employer,86,P2 — Strong,Harshit primary,Finance / Risk,Risk/Compliance Analyst; Data/BI Analyst; Business Analyst; Operations Analyst,Keep any employment type when role-relevant; exclude generic part-time work,"Exclude generic sales, retail, hospitality, customer service and frontline roles",81,Analytics plus market-surveillance project helps; finance pedigree/domain depth is weaker than your business/implementation fit.,visible,core_harshit,yes,strategic_unverified,Strategic target; Ireland relevance not yet proven by dashboard vacancy history,0,0
329,Rockwell Automation,https://rockwellautomation.wd1.myworkdayjobs.com/External_Rockwell_Automation,employer,86,P2 — Strong,Harshit primary,Finance / Risk,Risk/Compliance Analyst; Data/BI Analyst; Business Analyst; Operations Analyst,Keep any employment type when role-relevant; exclude generic part-time work,"Exclude generic sales, retail, hospitality, customer service and frontline roles",81,Analytics plus market-surveillance project helps; finance pedigree/domain depth is weaker than your business/implementation fit.,visible,core_harshit,yes,strategic_unverified,Strategic target; Ireland relevance not yet proven by dashboard vacancy history,0,0
330,RSA Insurance Ireland,https://www.rsagroup.ie/careers/,employer,86,P2 — Strong,Harshit primary,Finance / Risk,Risk/Compliance Analyst; Data/BI Analyst; Business Analyst; Operations Analyst,Keep any employment type when role-relevant; exclude generic part-time work,"Exclude generic sales, retail, hospitality, customer service and frontline roles",81,Analytics plus market-surveillance project helps; finance pedigree/domain depth is weaker than your business/implementation fit.,visible,core_harshit,yes,strategic_unverified,Strategic target; Ireland relevance not yet proven by dashboard vacancy history,0,0
331,RTÉ (Raidió Teilifís Éireann),https://about.rte.ie/working-with-rte/vacancies/,employer,86,P2 — Strong,Harshit primary,Finance / Risk,Risk/Compliance Analyst; Data/BI Analyst; Business Analyst; Operations Analyst,Keep any employment type when role-relevant; exclude generic part-time work,"Exclude generic sales, retail, hospitality, customer service and frontline roles",81,Analytics plus market-surveillance project helps; finance pedigree/domain depth is weaker than your business/implementation fit.,visible,core_harshit,yes,strategic_unverified,Strategic target; Ireland relevance not yet proven by dashboard vacancy history,0,0
332,Rubrik,https://www.rubrik.com/company/careers,employer,86,P2 — Strong,Harshit primary,Finance / Risk,Risk/Compliance Analyst; Data/BI Analyst; Business Analyst; Operations Analyst,Keep any employment type when role-relevant; exclude generic part-time work,"Exclude generic sales, retail, hospitality, customer service and frontline roles",81,Analytics plus market-surveillance project helps; finance pedigree/domain depth is weaker than your business/implementation fit.,visible,core_harshit,yes,strategic_unverified,Strategic target; Ireland relevance not yet proven by dashboard vacancy history,0,0
333,S&P Global,https://www.spglobal.com/en/careers/overview,employer,86,P2 — Strong,Harshit primary,Finance / Risk,Risk/Compliance Analyst; Data/BI Analyst; Business Analyst; Operations Analyst,Keep any employment type when role-relevant; exclude generic part-time work,"Exclude generic sales, retail, hospitality, customer service and frontline roles",81,Analytics plus market-surveillance project helps; finance pedigree/domain depth is weaker than your business/implementation fit.,visible,core_harshit,yes,validated_live_other,"Current Republic of Ireland employment evidence, but no target-role match in latest data",2,0
334,Sage,https://sage.com/en-ie/company/careers,employer,86,P2 — Strong,Harshit primary,Finance / Risk,Risk/Compliance Analyst; Data/BI Analyst; Business Analyst; Operations Analyst,Keep any employment type when role-relevant; exclude generic part-time work,"Exclude generic sales, retail, hospitality, customer service and frontline roles",81,Analytics plus market-surveillance project helps; finance pedigree/domain depth is weaker than your business/implementation fit.,visible,core_harshit,yes,strategic_unverified,Strategic target; Ireland relevance not yet proven by dashboard vacancy history,0,0
335,Sanofi,https://sanofi.wd3.myworkdayjobs.com/SanofiCareers,employer,86,P2 — Strong,Harshit primary,Finance / Risk,Risk/Compliance Analyst; Data/BI Analyst; Business Analyst; Operations Analyst,Keep any employment type when role-relevant; exclude generic part-time work,"Exclude generic sales, retail, hospitality, customer service and frontline roles",81,Analytics plus market-surveillance project helps; finance pedigree/domain depth is weaker than your business/implementation fit.,visible,core_harshit,yes,validated_live_other,"Current Republic of Ireland employment evidence, but no target-role match in latest data",13,0
336,Savills Ireland,https://careers.savills.ie/,employer,86,P2 — Strong,Harshit primary,Finance / Risk,Risk/Compliance Analyst; Data/BI Analyst; Business Analyst; Operations Analyst,Keep any employment type when role-relevant; exclude generic part-time work,"Exclude generic sales, retail, hospitality, customer service and frontline roles",81,Analytics plus market-surveillance project helps; finance pedigree/domain depth is weaker than your business/implementation fit.,visible,core_harshit,yes,strategic_unverified,Strategic target; Ireland relevance not yet proven by dashboard vacancy history,0,0
337,Schneider Electric,https://www.se.com/ww/en/about-us/careers/overview.jsp,employer,86,P2 — Strong,Harshit primary,Finance / Risk,Risk/Compliance Analyst; Data/BI Analyst; Business Analyst; Operations Analyst,Keep any employment type when role-relevant; exclude generic part-time work,"Exclude generic sales, retail, hospitality, customer service and frontline roles",81,Analytics plus market-surveillance project helps; finance pedigree/domain depth is weaker than your business/implementation fit.,visible,core_harshit,yes,validated_live_other,"Current Republic of Ireland employment evidence, but no target-role match in latest data",3,0
338,Seagate,https://www.seagate.com/careers/,employer,86,P2 — Strong,Harshit primary,Finance / Risk,Risk/Compliance Analyst; Data/BI Analyst; Business Analyst; Operations Analyst,Keep any employment type when role-relevant; exclude generic part-time work,"Exclude generic sales, retail, hospitality, customer service and frontline roles",81,Analytics plus market-surveillance project helps; finance pedigree/domain depth is weaker than your business/implementation fit.,visible,core_harshit,yes,strategic_unverified,Strategic target; Ireland relevance not yet proven by dashboard vacancy history,0,0
339,Shannon Airport Group,https://www.shannonairport.ie/about-us/careers/,employer,86,P2 — Strong,Harshit primary,Finance / Risk,Risk/Compliance Analyst; Data/BI Analyst; Business Analyst; Operations Analyst,Keep any employment type when role-relevant; exclude generic part-time work,"Exclude generic sales, retail, hospitality, customer service and frontline roles",81,Analytics plus market-surveillance project helps; finance pedigree/domain depth is weaker than your business/implementation fit.,visible,core_harshit,yes,strategic_unverified,Strategic target; Ireland relevance not yet proven by dashboard vacancy history,0,0
340,Sky Ireland,https://careers.sky.com/job-search/?location=Ireland,employer,86,P2 — Strong,Harshit primary,Finance / Risk,Risk/Compliance Analyst; Data/BI Analyst; Business Analyst; Operations Analyst,Keep any employment type when role-relevant; exclude generic part-time work,"Exclude generic sales, retail, hospitality, customer service and frontline roles",81,Analytics plus market-surveillance project helps; finance pedigree/domain depth is weaker than your business/implementation fit.,visible,core_harshit,yes,strategic_unverified,Strategic target; Ireland relevance not yet proven by dashboard vacancy history,0,0
341,Slalom,https://www.slalom.com/en/careers,employer,86,P2 — Strong,Harshit primary,Finance / Risk,Risk/Compliance Analyst; Data/BI Analyst; Business Analyst; Operations Analyst,Keep any employment type when role-relevant; exclude generic part-time work,"Exclude generic sales, retail, hospitality, customer service and frontline roles",81,Analytics plus market-surveillance project helps; finance pedigree/domain depth is weaker than your business/implementation fit.,visible,core_harshit,yes,strategic_unverified,Strategic target; Ireland relevance not yet proven by dashboard vacancy history,0,0
342,Smartling,https://www.smartling.com/careers/,employer,86,P2 — Strong,Harshit primary,Finance / Risk,Risk/Compliance Analyst; Data/BI Analyst; Business Analyst; Operations Analyst,Keep any employment type when role-relevant; exclude generic part-time work,"Exclude generic sales, retail, hospitality, customer service and frontline roles",81,Analytics plus market-surveillance project helps; finance pedigree/domain depth is weaker than your business/implementation fit.,visible,core_harshit,yes,strategic_unverified,Strategic target; Ireland relevance not yet proven by dashboard vacancy history,0,0
343,Smith & Nephew,https://www.smith-nephew.com/en-gb/careers,employer,86,P2 — Strong,Harshit primary,Finance / Risk,Risk/Compliance Analyst; Data/BI Analyst; Business Analyst; Operations Analyst,Keep any employment type when role-relevant; exclude generic part-time work,"Exclude generic sales, retail, hospitality, customer service and frontline roles",81,Analytics plus market-surveillance project helps; finance pedigree/domain depth is weaker than your business/implementation fit.,visible,core_harshit,yes,strategic_unverified,Strategic target; Ireland relevance not yet proven by dashboard vacancy history,0,0
344,Smurfit Westrock,https://www.smurfitwestrock.com/careers,employer,86,P2 — Strong,Harshit primary,Finance / Risk,Risk/Compliance Analyst; Data/BI Analyst; Business Analyst; Operations Analyst,Keep any employment type when role-relevant; exclude generic part-time work,"Exclude generic sales, retail, hospitality, customer service and frontline roles",81,Analytics plus market-surveillance project helps; finance pedigree/domain depth is weaker than your business/implementation fit.,visible,core_harshit,yes,strategic_unverified,Strategic target; Ireland relevance not yet proven by dashboard vacancy history,0,0
345,Societe Generale,https://careers.societegenerale.com/,employer,86,P2 — Strong,Harshit primary,Finance / Risk,Risk/Compliance Analyst; Data/BI Analyst; Business Analyst; Operations Analyst,Keep any employment type when role-relevant; exclude generic part-time work,"Exclude generic sales, retail, hospitality, customer service and frontline roles",81,Analytics plus market-surveillance project helps; finance pedigree/domain depth is weaker than your business/implementation fit.,visible,core_harshit,yes,strategic_unverified,Strategic target; Ireland relevance not yet proven by dashboard vacancy history,0,0
346,Sophos,https://www.sophos.com/en-us/company/careers,employer,86,P2 — Strong,Harshit primary,Finance / Risk,Risk/Compliance Analyst; Data/BI Analyst; Business Analyst; Operations Analyst,Keep any employment type when role-relevant; exclude generic part-time work,"Exclude generic sales, retail, hospitality, customer service and frontline roles",81,Analytics plus market-surveillance project helps; finance pedigree/domain depth is weaker than your business/implementation fit.,visible,core_harshit,yes,strategic_unverified,Strategic target; Ireland relevance not yet proven by dashboard vacancy history,0,0
347,Splunk,https://www.splunk.com/en_us/careers.html,employer,86,P2 — Strong,Harshit primary,Finance / Risk,Risk/Compliance Analyst; Data/BI Analyst; Business Analyst; Operations Analyst,Keep any employment type when role-relevant; exclude generic part-time work,"Exclude generic sales, retail, hospitality, customer service and frontline roles",81,Analytics plus market-surveillance project helps; finance pedigree/domain depth is weaker than your business/implementation fit.,visible,core_harshit,yes,strategic_unverified,Strategic target; Ireland relevance not yet proven by dashboard vacancy history,0,0
348,Squarespace,https://www.squarespace.com/careers/jobs,employer,86,P2 — Strong,Harshit primary,Finance / Risk,Risk/Compliance Analyst; Data/BI Analyst; Business Analyst; Operations Analyst,Keep any employment type when role-relevant; exclude generic part-time work,"Exclude generic sales, retail, hospitality, customer service and frontline roles",81,Analytics plus market-surveillance project helps; finance pedigree/domain depth is weaker than your business/implementation fit.,visible,core_harshit,yes,validated_live_other,"Current Republic of Ireland employment evidence, but no target-role match in latest data",6,0
349,SSE Airtricity / SSE,https://careers.sse.com/search-jobs/Ireland,employer,86,P2 — Strong,Harshit primary,Finance / Risk,Risk/Compliance Analyst; Data/BI Analyst; Business Analyst; Operations Analyst,Keep any employment type when role-relevant; exclude generic part-time work,"Exclude generic sales, retail, hospitality, customer service and frontline roles",81,Analytics plus market-surveillance project helps; finance pedigree/domain depth is weaker than your business/implementation fit.,visible,core_harshit,yes,strategic_unverified,Strategic target; Ireland relevance not yet proven by dashboard vacancy history,0,0
350,Stantec,https://www.stantec.com/en/careers,employer,86,P2 — Strong,Harshit primary,Finance / Risk,Risk/Compliance Analyst; Data/BI Analyst; Business Analyst; Operations Analyst,Keep any employment type when role-relevant; exclude generic part-time work,"Exclude generic sales, retail, hospitality, customer service and frontline roles",81,Analytics plus market-surveillance project helps; finance pedigree/domain depth is weaker than your business/implementation fit.,visible,core_harshit,yes,strategic_unverified,Strategic target; Ireland relevance not yet proven by dashboard vacancy history,0,0
351,Stena Line Ireland,https://www.stenaline.com/careers/,employer,86,P2 — Strong,Harshit primary,Finance / Risk,Risk/Compliance Analyst; Data/BI Analyst; Business Analyst; Operations Analyst,Keep any employment type when role-relevant; exclude generic part-time work,"Exclude generic sales, retail, hospitality, customer service and frontline roles",81,Analytics plus market-surveillance project helps; finance pedigree/domain depth is weaker than your business/implementation fit.,visible,core_harshit,yes,strategic_unverified,Strategic target; Ireland relevance not yet proven by dashboard vacancy history,0,0
352,STMicroelectronics,https://www.st.com/content/st_com/en/about/careers.html,employer,86,P2 — Strong,Harshit primary,Finance / Risk,Risk/Compliance Analyst; Data/BI Analyst; Business Analyst; Operations Analyst,Keep any employment type when role-relevant; exclude generic part-time work,"Exclude generic sales, retail, hospitality, customer service and frontline roles",81,Analytics plus market-surveillance project helps; finance pedigree/domain depth is weaker than your business/implementation fit.,visible,core_harshit,yes,strategic_unverified,Strategic target; Ireland relevance not yet proven by dashboard vacancy history,0,0
353,Stryker,https://careers.stryker.com/en-US/search?keywords=&location=Ireland,employer,86,P2 — Strong,Harshit primary,Finance / Risk,Risk/Compliance Analyst; Data/BI Analyst; Business Analyst; Operations Analyst,Keep any employment type when role-relevant; exclude generic part-time work,"Exclude generic sales, retail, hospitality, customer service and frontline roles",81,Analytics plus market-surveillance project helps; finance pedigree/domain depth is weaker than your business/implementation fit.,visible,core_harshit,yes,strategic_unverified,Strategic target; Ireland relevance not yet proven by dashboard vacancy history,0,0
354,SumUp,https://www.sumup.com/careers/,employer,86,P2 — Strong,Harshit primary,Finance / Risk,Risk/Compliance Analyst; Data/BI Analyst; Business Analyst; Operations Analyst,Keep any employment type when role-relevant; exclude generic part-time work,"Exclude generic sales, retail, hospitality, customer service and frontline roles",81,Analytics plus market-surveillance project helps; finance pedigree/domain depth is weaker than your business/implementation fit.,visible,core_harshit,yes,strategic_unverified,Strategic target; Ireland relevance not yet proven by dashboard vacancy history,0,0
355,Sun Life Ireland,https://www.sunlife.ie/en/careers/,employer,86,P2 — Strong,Harshit primary,Finance / Risk,Risk/Compliance Analyst; Data/BI Analyst; Business Analyst; Operations Analyst,Keep any employment type when role-relevant; exclude generic part-time work,"Exclude generic sales, retail, hospitality, customer service and frontline roles",81,Analytics plus market-surveillance project helps; finance pedigree/domain depth is weaker than your business/implementation fit.,visible,core_harshit,yes,strategic_unverified,Strategic target; Ireland relevance not yet proven by dashboard vacancy history,0,0
356,Supply Wisdom,https://www.supplywisdom.com/careers,employer,86,P2 — Strong,Harshit primary,Finance / Risk,Risk/Compliance Analyst; Data/BI Analyst; Business Analyst; Operations Analyst,Keep any employment type when role-relevant; exclude generic part-time work,"Exclude generic sales, retail, hospitality, customer service and frontline roles",81,Analytics plus market-surveillance project helps; finance pedigree/domain depth is weaker than your business/implementation fit.,visible,core_harshit,yes,strategic_unverified,Strategic target; Ireland relevance not yet proven by dashboard vacancy history,0,0
357,Susquehanna International Group (SIG),https://sig.com/careers/jobs/?location=dublin,employer,86,P2 — Strong,Harshit primary,Finance / Risk,Risk/Compliance Analyst; Data/BI Analyst; Business Analyst; Operations Analyst,Keep any employment type when role-relevant; exclude generic part-time work,"Exclude generic sales, retail, hospitality, customer service and frontline roles",81,Analytics plus market-surveillance project helps; finance pedigree/domain depth is weaker than your business/implementation fit.,visible,core_harshit,yes,validated_live_relevant,Current Republic of Ireland job evidence in target role families,10,2
358,Syneos Health,https://www.syneoshealth.com/careers,employer,86,P2 — Strong,Harshit primary,Finance / Risk,Risk/Compliance Analyst; Data/BI Analyst; Business Analyst; Operations Analyst,Keep any employment type when role-relevant; exclude generic part-time work,"Exclude generic sales, retail, hospitality, customer service and frontline roles",81,Analytics plus market-surveillance project helps; finance pedigree/domain depth is weaker than your business/implementation fit.,visible,core_harshit,yes,strategic_unverified,Strategic target; Ireland relevance not yet proven by dashboard vacancy history,0,0
359,Synopsys,https://careers.synopsys.com/search-jobs,employer,86,P2 — Strong,Harshit primary,Finance / Risk,Risk/Compliance Analyst; Data/BI Analyst; Business Analyst; Operations Analyst,Keep any employment type when role-relevant; exclude generic part-time work,"Exclude generic sales, retail, hospitality, customer service and frontline roles",81,Analytics plus market-surveillance project helps; finance pedigree/domain depth is weaker than your business/implementation fit.,visible,core_harshit,yes,strategic_unverified,Strategic target; Ireland relevance not yet proven by dashboard vacancy history,0,0
360,Takeda,https://takeda.wd3.myworkdayjobs.com/External,employer,86,P2 — Strong,Harshit primary,Finance / Risk,Risk/Compliance Analyst; Data/BI Analyst; Business Analyst; Operations Analyst,Keep any employment type when role-relevant; exclude generic part-time work,"Exclude generic sales, retail, hospitality, customer service and frontline roles",81,Analytics plus market-surveillance project helps; finance pedigree/domain depth is weaker than your business/implementation fit.,visible,core_harshit,yes,strategic_unverified,Strategic target; Ireland relevance not yet proven by dashboard vacancy history,0,0
361,Taxback International,https://www.taxbackinternational.com/careers/,employer,86,P2 — Strong,Harshit primary,Finance / Risk,Risk/Compliance Analyst; Data/BI Analyst; Business Analyst; Operations Analyst,Keep any employment type when role-relevant; exclude generic part-time work,"Exclude generic sales, retail, hospitality, customer service and frontline roles",81,Analytics plus market-surveillance project helps; finance pedigree/domain depth is weaker than your business/implementation fit.,visible,core_harshit,yes,strategic_unverified,Strategic target; Ireland relevance not yet proven by dashboard vacancy history,0,0
362,Teagasc,https://www.teagasc.ie/about/opportunities/careers/,employer,86,P2 — Strong,Harshit primary,Finance / Risk,Risk/Compliance Analyst; Data/BI Analyst; Business Analyst; Operations Analyst,Keep any employment type when role-relevant; exclude generic part-time work,"Exclude generic sales, retail, hospitality, customer service and frontline roles",81,Analytics plus market-surveillance project helps; finance pedigree/domain depth is weaker than your business/implementation fit.,visible,core_harshit,yes,strategic_unverified,Strategic target; Ireland relevance not yet proven by dashboard vacancy history,0,0
363,Teamwork.com,https://www.teamwork.com/careers/,employer,86,P2 — Strong,Harshit primary,Finance / Risk,Risk/Compliance Analyst; Data/BI Analyst; Business Analyst; Operations Analyst,Keep any employment type when role-relevant; exclude generic part-time work,"Exclude generic sales, retail, hospitality, customer service and frontline roles",81,Analytics plus market-surveillance project helps; finance pedigree/domain depth is weaker than your business/implementation fit.,visible,core_harshit,yes,strategic_unverified,Strategic target; Ireland relevance not yet proven by dashboard vacancy history,0,0
364,Tech Mahindra,https://careers.techmahindra.com/,employer,86,P2 — Strong,Harshit primary,Finance / Risk,Risk/Compliance Analyst; Data/BI Analyst; Business Analyst; Operations Analyst,Keep any employment type when role-relevant; exclude generic part-time work,"Exclude generic sales, retail, hospitality, customer service and frontline roles",81,Analytics plus market-surveillance project helps; finance pedigree/domain depth is weaker than your business/implementation fit.,visible,core_harshit,yes,strategic_unverified,Strategic target; Ireland relevance not yet proven by dashboard vacancy history,0,0
365,Teleflex,https://teleflex.wd1.myworkdayjobs.com/TeleflexCareers,employer,86,P2 — Strong,Harshit primary,Finance / Risk,Risk/Compliance Analyst; Data/BI Analyst; Business Analyst; Operations Analyst,Keep any employment type when role-relevant; exclude generic part-time work,"Exclude generic sales, retail, hospitality, customer service and frontline roles",81,Analytics plus market-surveillance project helps; finance pedigree/domain depth is weaker than your business/implementation fit.,visible,core_harshit,yes,strategic_unverified,Strategic target; Ireland relevance not yet proven by dashboard vacancy history,0,0
366,Teleperformance (Ireland),https://www.teleperformance.com/en-us/careers/,employer,86,P2 — Strong,Harshit primary,Finance / Risk,Risk/Compliance Analyst; Data/BI Analyst; Business Analyst; Operations Analyst,Keep any employment type when role-relevant; exclude generic part-time work,"Exclude generic sales, retail, hospitality, customer service and frontline roles",81,Analytics plus market-surveillance project helps; finance pedigree/domain depth is weaker than your business/implementation fit.,visible,core_harshit,yes,strategic_unverified,Strategic target; Ireland relevance not yet proven by dashboard vacancy history,0,0
367,Tenable,https://www.tenable.com/careers,employer,86,P2 — Strong,Harshit primary,Finance / Risk,Risk/Compliance Analyst; Data/BI Analyst; Business Analyst; Operations Analyst,Keep any employment type when role-relevant; exclude generic part-time work,"Exclude generic sales, retail, hospitality, customer service and frontline roles",81,Analytics plus market-surveillance project helps; finance pedigree/domain depth is weaker than your business/implementation fit.,visible,core_harshit,yes,validated_live_other,"Current Republic of Ireland employment evidence, but no target-role match in latest data",4,0
368,Terumo,https://www.terumo.com/careers,employer,86,P2 — Strong,Harshit primary,Finance / Risk,Risk/Compliance Analyst; Data/BI Analyst; Business Analyst; Operations Analyst,Keep any employment type when role-relevant; exclude generic part-time work,"Exclude generic sales, retail, hospitality, customer service and frontline roles",81,Analytics plus market-surveillance project helps; finance pedigree/domain depth is weaker than your business/implementation fit.,visible,core_harshit,yes,strategic_unverified,Strategic target; Ireland relevance not yet proven by dashboard vacancy history,0,0
369,Tetra Tech,https://www.tetratech.com/careers,employer,86,P2 — Strong,Harshit primary,Finance / Risk,Risk/Compliance Analyst; Data/BI Analyst; Business Analyst; Operations Analyst,Keep any employment type when role-relevant; exclude generic part-time work,"Exclude generic sales, retail, hospitality, customer service and frontline roles",81,Analytics plus market-surveillance project helps; finance pedigree/domain depth is weaker than your business/implementation fit.,visible,core_harshit,yes,strategic_unverified,Strategic target; Ireland relevance not yet proven by dashboard vacancy history,0,0
370,Teva Pharmaceuticals,https://teva.wd1.myworkdayjobs.com/Teva_Careers,employer,86,P2 — Strong,Harshit primary,Finance / Risk,Risk/Compliance Analyst; Data/BI Analyst; Business Analyst; Operations Analyst,Keep any employment type when role-relevant; exclude generic part-time work,"Exclude generic sales, retail, hospitality, customer service and frontline roles",81,Analytics plus market-surveillance project helps; finance pedigree/domain depth is weaker than your business/implementation fit.,visible,core_harshit,yes,strategic_unverified,Strategic target; Ireland relevance not yet proven by dashboard vacancy history,0,0
371,Texas Instruments,https://careers.ti.com/,employer,86,P2 — Strong,Harshit primary,Finance / Risk,Risk/Compliance Analyst; Data/BI Analyst; Business Analyst; Operations Analyst,Keep any employment type when role-relevant; exclude generic part-time work,"Exclude generic sales, retail, hospitality, customer service and frontline roles",81,Analytics plus market-surveillance project helps; finance pedigree/domain depth is weaker than your business/implementation fit.,visible,core_harshit,yes,strategic_unverified,Strategic target; Ireland relevance not yet proven by dashboard vacancy history,0,0
372,The Doyle Collection,https://www.doylecollection.com/careers,employer,86,P2 — Strong,Harshit primary,Finance / Risk,Risk/Compliance Analyst; Data/BI Analyst; Business Analyst; Operations Analyst,Keep any employment type when role-relevant; exclude generic part-time work,"Exclude generic sales, retail, hospitality, customer service and frontline roles",81,Analytics plus market-surveillance project helps; finance pedigree/domain depth is weaker than your business/implementation fit.,visible,core_harshit,yes,strategic_unverified,Strategic target; Ireland relevance not yet proven by dashboard vacancy history,0,0
373,The Irish Times,https://www.irishtimes.com/about-us/careers/,employer,86,P2 — Strong,Harshit primary,Finance / Risk,Risk/Compliance Analyst; Data/BI Analyst; Business Analyst; Operations Analyst,Keep any employment type when role-relevant; exclude generic part-time work,"Exclude generic sales, retail, hospitality, customer service and frontline roles",81,Analytics plus market-surveillance project helps; finance pedigree/domain depth is weaker than your business/implementation fit.,visible,core_harshit,yes,strategic_unverified,Strategic target; Ireland relevance not yet proven by dashboard vacancy history,0,0
374,Thermo Fisher Scientific,https://jobs.thermofisher.com/global/en/search-results?m=3&location=Ireland,employer,86,P2 — Strong,Harshit primary,Finance / Risk,Risk/Compliance Analyst; Data/BI Analyst; Business Analyst; Operations Analyst,Keep any employment type when role-relevant; exclude generic part-time work,"Exclude generic sales, retail, hospitality, customer service and frontline roles",81,Analytics plus market-surveillance project helps; finance pedigree/domain depth is weaker than your business/implementation fit.,visible,core_harshit,yes,validated_live_relevant,Current Republic of Ireland job evidence in target role families,5,1
375,Three Ireland,https://www.three.ie/about/careers.html,employer,86,P2 — Strong,Harshit primary,Finance / Risk,Risk/Compliance Analyst; Data/BI Analyst; Business Analyst; Operations Analyst,Keep any employment type when role-relevant; exclude generic part-time work,"Exclude generic sales, retail, hospitality, customer service and frontline roles",81,Analytics plus market-surveillance project helps; finance pedigree/domain depth is weaker than your business/implementation fit.,visible,core_harshit,yes,validated_live_relevant,Current Republic of Ireland job evidence in target role families,25,1
376,TK Maxx Ireland,https://www.tjxjobs.com/,employer,86,P2 — Strong,Harshit primary,Finance / Risk,Risk/Compliance Analyst; Data/BI Analyst; Business Analyst; Operations Analyst,Keep any employment type when role-relevant; exclude generic part-time work,"Exclude generic sales, retail, hospitality, customer service and frontline roles",81,Analytics plus market-surveillance project helps; finance pedigree/domain depth is weaker than your business/implementation fit.,visible,core_harshit,yes,validated_live_other,"Current Republic of Ireland employment evidence, but no target-role match in latest data",10,0
377,Toast,https://pos.toasttab.com/careers,employer,86,P2 — Strong,Harshit primary,Finance / Risk,Risk/Compliance Analyst; Data/BI Analyst; Business Analyst; Operations Analyst,Keep any employment type when role-relevant; exclude generic part-time work,"Exclude generic sales, retail, hospitality, customer service and frontline roles",81,Analytics plus market-surveillance project helps; finance pedigree/domain depth is weaker than your business/implementation fit.,visible,core_harshit,yes,validated_live_relevant,Current Republic of Ireland job evidence in target role families,21,3
378,Tourism Ireland,https://www.tourismireland.com/about-us/careers,employer,86,P2 — Strong,Harshit primary,Finance / Risk,Risk/Compliance Analyst; Data/BI Analyst; Business Analyst; Operations Analyst,Keep any employment type when role-relevant; exclude generic part-time work,"Exclude generic sales, retail, hospitality, customer service and frontline roles",81,Analytics plus market-surveillance project helps; finance pedigree/domain depth is weaker than your business/implementation fit.,visible,core_harshit,yes,strategic_unverified,Strategic target; Ireland relevance not yet proven by dashboard vacancy history,0,0
379,Trading 212,https://www.trading212.com/careers,employer,86,P2 — Strong,Harshit primary,Finance / Risk,Risk/Compliance Analyst; Data/BI Analyst; Business Analyst; Operations Analyst,Keep any employment type when role-relevant; exclude generic part-time work,"Exclude generic sales, retail, hospitality, customer service and frontline roles",81,Analytics plus market-surveillance project helps; finance pedigree/domain depth is weaker than your business/implementation fit.,visible,core_harshit,yes,strategic_unverified,Strategic target; Ireland relevance not yet proven by dashboard vacancy history,0,0
380,Trane Technologies,https://jobs.tranetechnologies.com/,employer,86,P2 — Strong,Harshit primary,Finance / Risk,Risk/Compliance Analyst; Data/BI Analyst; Business Analyst; Operations Analyst,Keep any employment type when role-relevant; exclude generic part-time work,"Exclude generic sales, retail, hospitality, customer service and frontline roles",81,Analytics plus market-surveillance project helps; finance pedigree/domain depth is weaker than your business/implementation fit.,visible,core_harshit,yes,strategic_unverified,Strategic target; Ireland relevance not yet proven by dashboard vacancy history,0,0
381,TransferMate,https://www.transfermate.com/careers/,employer,86,P2 — Strong,Harshit primary,Finance / Risk,Risk/Compliance Analyst; Data/BI Analyst; Business Analyst; Operations Analyst,Keep any employment type when role-relevant; exclude generic part-time work,"Exclude generic sales, retail, hospitality, customer service and frontline roles",81,Analytics plus market-surveillance project helps; finance pedigree/domain depth is weaker than your business/implementation fit.,visible,core_harshit,yes,strategic_unverified,Strategic target; Ireland relevance not yet proven by dashboard vacancy history,0,0
382,Transport Infrastructure Ireland,https://www.tii.ie/about/careers/,employer,86,P2 — Strong,Harshit primary,Finance / Risk,Risk/Compliance Analyst; Data/BI Analyst; Business Analyst; Operations Analyst,Keep any employment type when role-relevant; exclude generic part-time work,"Exclude generic sales, retail, hospitality, customer service and frontline roles",81,Analytics plus market-surveillance project helps; finance pedigree/domain depth is weaker than your business/implementation fit.,visible,core_harshit,yes,strategic_unverified,Strategic target; Ireland relevance not yet proven by dashboard vacancy history,0,0
383,Travelers,https://careers.travelers.com/,employer,86,P2 — Strong,Harshit primary,Finance / Risk,Risk/Compliance Analyst; Data/BI Analyst; Business Analyst; Operations Analyst,Keep any employment type when role-relevant; exclude generic part-time work,"Exclude generic sales, retail, hospitality, customer service and frontline roles",81,Analytics plus market-surveillance project helps; finance pedigree/domain depth is weaker than your business/implementation fit.,visible,core_harshit,yes,strategic_unverified,Strategic target; Ireland relevance not yet proven by dashboard vacancy history,0,0
384,Trend Micro,https://www.trendmicro.com/en_ie/about/careers.html,employer,86,P2 — Strong,Harshit primary,Finance / Risk,Risk/Compliance Analyst; Data/BI Analyst; Business Analyst; Operations Analyst,Keep any employment type when role-relevant; exclude generic part-time work,"Exclude generic sales, retail, hospitality, customer service and frontline roles",81,Analytics plus market-surveillance project helps; finance pedigree/domain depth is weaker than your business/implementation fit.,visible,core_harshit,yes,strategic_unverified,Strategic target; Ireland relevance not yet proven by dashboard vacancy history,0,0
385,UBS,https://www.ubs.com/ie/en/careers.html,employer,86,P2 — Strong,Harshit primary,Finance / Risk,Risk/Compliance Analyst; Data/BI Analyst; Business Analyst; Operations Analyst,Keep any employment type when role-relevant; exclude generic part-time work,"Exclude generic sales, retail, hospitality, customer service and frontline roles",81,Analytics plus market-surveillance project helps; finance pedigree/domain depth is weaker than your business/implementation fit.,visible,core_harshit,yes,strategic_unverified,Strategic target; Ireland relevance not yet proven by dashboard vacancy history,0,0
386,Udemy,https://about.udemy.com/careers/,employer,86,P2 — Strong,Harshit primary,Finance / Risk,Risk/Compliance Analyst; Data/BI Analyst; Business Analyst; Operations Analyst,Keep any employment type when role-relevant; exclude generic part-time work,"Exclude generic sales, retail, hospitality, customer service and frontline roles",81,Analytics plus market-surveillance project helps; finance pedigree/domain depth is weaker than your business/implementation fit.,visible,core_harshit,yes,validated_live_other,"Current Republic of Ireland employment evidence, but no target-role match in latest data",5,0
387,Uisce Éireann (Irish Water),https://www.water.ie/about/careers/,employer,86,P2 — Strong,Harshit primary,Finance / Risk,Risk/Compliance Analyst; Data/BI Analyst; Business Analyst; Operations Analyst,Keep any employment type when role-relevant; exclude generic part-time work,"Exclude generic sales, retail, hospitality, customer service and frontline roles",81,Analytics plus market-surveillance project helps; finance pedigree/domain depth is weaker than your business/implementation fit.,visible,core_harshit,yes,strategic_unverified,Strategic target; Ireland relevance not yet proven by dashboard vacancy history,0,0
388,Uniphar Group,https://uniphar.com/pharma/careers/,employer,86,P2 — Strong,Harshit primary,Finance / Risk,Risk/Compliance Analyst; Data/BI Analyst; Business Analyst; Operations Analyst,Keep any employment type when role-relevant; exclude generic part-time work,"Exclude generic sales, retail, hospitality, customer service and frontline roles",81,Analytics plus market-surveillance project helps; finance pedigree/domain depth is weaker than your business/implementation fit.,visible,core_harshit,yes,strategic_unverified,Strategic target; Ireland relevance not yet proven by dashboard vacancy history,0,0
389,UPS Ireland,https://www.jobs-ups.com/search-jobs/Ireland,employer,86,P2 — Strong,Harshit primary,Finance / Risk,Risk/Compliance Analyst; Data/BI Analyst; Business Analyst; Operations Analyst,Keep any employment type when role-relevant; exclude generic part-time work,"Exclude generic sales, retail, hospitality, customer service and frontline roles",81,Analytics plus market-surveillance project helps; finance pedigree/domain depth is weaker than your business/implementation fit.,visible,core_harshit,yes,strategic_unverified,Strategic target; Ireland relevance not yet proven by dashboard vacancy history,0,0
390,Veolia Ireland,https://www.veolia.ie/careers,employer,86,P2 — Strong,Harshit primary,Finance / Risk,Risk/Compliance Analyst; Data/BI Analyst; Business Analyst; Operations Analyst,Keep any employment type when role-relevant; exclude generic part-time work,"Exclude generic sales, retail, hospitality, customer service and frontline roles",81,Analytics plus market-surveillance project helps; finance pedigree/domain depth is weaker than your business/implementation fit.,visible,core_harshit,yes,strategic_unverified,Strategic target; Ireland relevance not yet proven by dashboard vacancy history,0,0
391,VHI Healthcare,https://www.vhi.ie/about-us/careers,employer,86,P2 — Strong,Harshit primary,Finance / Risk,Risk/Compliance Analyst; Data/BI Analyst; Business Analyst; Operations Analyst,Keep any employment type when role-relevant; exclude generic part-time work,"Exclude generic sales, retail, hospitality, customer service and frontline roles",81,Analytics plus market-surveillance project helps; finance pedigree/domain depth is weaker than your business/implementation fit.,visible,core_harshit,yes,strategic_unverified,Strategic target; Ireland relevance not yet proven by dashboard vacancy history,0,0
392,Viatris,https://viatris.wd1.myworkdayjobs.com/ViatrisCareers,employer,86,P2 — Strong,Harshit primary,Finance / Risk,Risk/Compliance Analyst; Data/BI Analyst; Business Analyst; Operations Analyst,Keep any employment type when role-relevant; exclude generic part-time work,"Exclude generic sales, retail, hospitality, customer service and frontline roles",81,Analytics plus market-surveillance project helps; finance pedigree/domain depth is weaker than your business/implementation fit.,visible,core_harshit,yes,strategic_unverified,Strategic target; Ireland relevance not yet proven by dashboard vacancy history,0,0
393,Virgin Media Ireland,https://www.virginmedia.ie/careers/,employer,86,P2 — Strong,Harshit primary,Finance / Risk,Risk/Compliance Analyst; Data/BI Analyst; Business Analyst; Operations Analyst,Keep any employment type when role-relevant; exclude generic part-time work,"Exclude generic sales, retail, hospitality, customer service and frontline roles",81,Analytics plus market-surveillance project helps; finance pedigree/domain depth is weaker than your business/implementation fit.,visible,core_harshit,yes,strategic_unverified,Strategic target; Ireland relevance not yet proven by dashboard vacancy history,0,0
394,Vodafone Ireland,https://jobs.vodafone.com/search-jobs/Ireland,employer,86,P2 — Strong,Harshit primary,Finance / Risk,Risk/Compliance Analyst; Data/BI Analyst; Business Analyst; Operations Analyst,Keep any employment type when role-relevant; exclude generic part-time work,"Exclude generic sales, retail, hospitality, customer service and frontline roles",81,Analytics plus market-surveillance project helps; finance pedigree/domain depth is weaker than your business/implementation fit.,visible,core_harshit,yes,validated_live_relevant,Current Republic of Ireland job evidence in target role families,11,1
395,Walkers Ireland,https://www.walkersglobal.com/index.php/careers,employer,86,P2 — Strong,Harshit primary,Finance / Risk,Risk/Compliance Analyst; Data/BI Analyst; Business Analyst; Operations Analyst,Keep any employment type when role-relevant; exclude generic part-time work,"Exclude generic sales, retail, hospitality, customer service and frontline roles",81,Analytics plus market-surveillance project helps; finance pedigree/domain depth is weaker than your business/implementation fit.,visible,core_harshit,yes,validated_live_other,"Current Republic of Ireland employment evidence, but no target-role match in latest data",9,0
396,Waters Corporation,https://www.waters.com/nextgen/ie/en/about-waters/careers.html,employer,86,P2 — Strong,Harshit primary,Finance / Risk,Risk/Compliance Analyst; Data/BI Analyst; Business Analyst; Operations Analyst,Keep any employment type when role-relevant; exclude generic part-time work,"Exclude generic sales, retail, hospitality, customer service and frontline roles",81,Analytics plus market-surveillance project helps; finance pedigree/domain depth is weaker than your business/implementation fit.,visible,core_harshit,yes,strategic_unverified,Strategic target; Ireland relevance not yet proven by dashboard vacancy history,0,0
397,Wayflyer,https://wayflyer.com/careers,employer,86,P2 — Strong,Harshit primary,Finance / Risk,Risk/Compliance Analyst; Data/BI Analyst; Business Analyst; Operations Analyst,Keep any employment type when role-relevant; exclude generic part-time work,"Exclude generic sales, retail, hospitality, customer service and frontline roles",81,Analytics plus market-surveillance project helps; finance pedigree/domain depth is weaker than your business/implementation fit.,visible,core_harshit,yes,validated_live_relevant,Current Republic of Ireland job evidence in target role families,7,1
398,Waystone,https://www.waystone.com/careers/,employer,86,P2 — Strong,Harshit primary,Finance / Risk,Risk/Compliance Analyst; Data/BI Analyst; Business Analyst; Operations Analyst,Keep any employment type when role-relevant; exclude generic part-time work,"Exclude generic sales, retail, hospitality, customer service and frontline roles",81,Analytics plus market-surveillance project helps; finance pedigree/domain depth is weaker than your business/implementation fit.,visible,core_harshit,yes,strategic_unverified,Strategic target; Ireland relevance not yet proven by dashboard vacancy history,0,0
399,Wells Fargo,https://www.wellsfargojobs.com/,employer,86,P2 — Strong,Harshit primary,Finance / Risk,Risk/Compliance Analyst; Data/BI Analyst; Business Analyst; Operations Analyst,Keep any employment type when role-relevant; exclude generic part-time work,"Exclude generic sales, retail, hospitality, customer service and frontline roles",81,Analytics plus market-surveillance project helps; finance pedigree/domain depth is weaker than your business/implementation fit.,visible,core_harshit,yes,validated_live_other,"Current Republic of Ireland employment evidence, but no target-role match in latest data",2,0
400,West Pharmaceutical Services,https://careers.westpharma.com/,employer,86,P2 — Strong,Harshit primary,Finance / Risk,Risk/Compliance Analyst; Data/BI Analyst; Business Analyst; Operations Analyst,Keep any employment type when role-relevant; exclude generic part-time work,"Exclude generic sales, retail, hospitality, customer service and frontline roles",81,Analytics plus market-surveillance project helps; finance pedigree/domain depth is weaker than your business/implementation fit.,visible,core_harshit,yes,strategic_unverified,Strategic target; Ireland relevance not yet proven by dashboard vacancy history,0,0
401,William Fry,https://www.williamfry.com/careers/,employer,86,P2 — Strong,Harshit primary,Finance / Risk,Risk/Compliance Analyst; Data/BI Analyst; Business Analyst; Operations Analyst,Keep any employment type when role-relevant; exclude generic part-time work,"Exclude generic sales, retail, hospitality, customer service and frontline roles",81,Analytics plus market-surveillance project helps; finance pedigree/domain depth is weaker than your business/implementation fit.,visible,core_harshit,yes,strategic_unverified,Strategic target; Ireland relevance not yet proven by dashboard vacancy history,0,0
402,Willis Towers Watson (WTW),https://wtw.wd1.myworkdayjobs.com/WTWCareers,employer,86,P2 — Strong,Harshit primary,Finance / Risk,Risk/Compliance Analyst; Data/BI Analyst; Business Analyst; Operations Analyst,Keep any employment type when role-relevant; exclude generic part-time work,"Exclude generic sales, retail, hospitality, customer service and frontline roles",81,Analytics plus market-surveillance project helps; finance pedigree/domain depth is weaker than your business/implementation fit.,visible,core_harshit,yes,strategic_unverified,Strategic target; Ireland relevance not yet proven by dashboard vacancy history,0,0
403,Winthrop Technologies,https://www.win-tech.ie/careers/,employer,86,P2 — Strong,Harshit primary,Finance / Risk,Risk/Compliance Analyst; Data/BI Analyst; Business Analyst; Operations Analyst,Keep any employment type when role-relevant; exclude generic part-time work,"Exclude generic sales, retail, hospitality, customer service and frontline roles",81,Analytics plus market-surveillance project helps; finance pedigree/domain depth is weaker than your business/implementation fit.,visible,core_harshit,yes,strategic_unverified,Strategic target; Ireland relevance not yet proven by dashboard vacancy history,0,0
404,Woodie's,https://www.woodies.ie/careers,employer,86,P2 — Strong,Harshit primary,Finance / Risk,Risk/Compliance Analyst; Data/BI Analyst; Business Analyst; Operations Analyst,Keep any employment type when role-relevant; exclude generic part-time work,"Exclude generic sales, retail, hospitality, customer service and frontline roles",81,Analytics plus market-surveillance project helps; finance pedigree/domain depth is weaker than your business/implementation fit.,visible,core_harshit,yes,strategic_unverified,Strategic target; Ireland relevance not yet proven by dashboard vacancy history,0,0
405,WorkFusion,https://www.workfusion.com/careers/,employer,86,P2 — Strong,Harshit primary,Finance / Risk,Risk/Compliance Analyst; Data/BI Analyst; Business Analyst; Operations Analyst,Keep any employment type when role-relevant; exclude generic part-time work,"Exclude generic sales, retail, hospitality, customer service and frontline roles",81,Analytics plus market-surveillance project helps; finance pedigree/domain depth is weaker than your business/implementation fit.,visible,core_harshit,yes,strategic_unverified,Strategic target; Ireland relevance not yet proven by dashboard vacancy history,0,0
406,Workhuman,https://workhuman.com/careers,employer,86,P2 — Strong,Harshit primary,Finance / Risk,Risk/Compliance Analyst; Data/BI Analyst; Business Analyst; Operations Analyst,Keep any employment type when role-relevant; exclude generic part-time work,"Exclude generic sales, retail, hospitality, customer service and frontline roles",81,Analytics plus market-surveillance project helps; finance pedigree/domain depth is weaker than your business/implementation fit.,visible,core_harshit,yes,strategic_unverified,Strategic target; Ireland relevance not yet proven by dashboard vacancy history,0,0
407,Workvivo,https://www.workvivo.com/careers/,employer,86,P2 — Strong,Harshit primary,Finance / Risk,Risk/Compliance Analyst; Data/BI Analyst; Business Analyst; Operations Analyst,Keep any employment type when role-relevant; exclude generic part-time work,"Exclude generic sales, retail, hospitality, customer service and frontline roles",81,Analytics plus market-surveillance project helps; finance pedigree/domain depth is weaker than your business/implementation fit.,visible,core_harshit,yes,strategic_unverified,Strategic target; Ireland relevance not yet proven by dashboard vacancy history,0,0
408,WSP,https://www.wsp.com/en-gb/careers,employer,86,P2 — Strong,Harshit primary,Finance / Risk,Risk/Compliance Analyst; Data/BI Analyst; Business Analyst; Operations Analyst,Keep any employment type when role-relevant; exclude generic part-time work,"Exclude generic sales, retail, hospitality, customer service and frontline roles",81,Analytics plus market-surveillance project helps; finance pedigree/domain depth is weaker than your business/implementation fit.,visible,core_harshit,yes,strategic_unverified,Strategic target; Ireland relevance not yet proven by dashboard vacancy history,0,0
409,WuXi Biologics,https://www.wuxibiologics.com/careers/,employer,86,P2 — Strong,Harshit primary,Finance / Risk,Risk/Compliance Analyst; Data/BI Analyst; Business Analyst; Operations Analyst,Keep any employment type when role-relevant; exclude generic part-time work,"Exclude generic sales, retail, hospitality, customer service and frontline roles",81,Analytics plus market-surveillance project helps; finance pedigree/domain depth is weaker than your business/implementation fit.,visible,core_harshit,yes,strategic_unverified,Strategic target; Ireland relevance not yet proven by dashboard vacancy history,0,0
410,Zara / Inditex Ireland,https://www.inditexcareers.com/,employer,86,P2 — Strong,Harshit primary,Finance / Risk,Risk/Compliance Analyst; Data/BI Analyst; Business Analyst; Operations Analyst,Keep any employment type when role-relevant; exclude generic part-time work,"Exclude generic sales, retail, hospitality, customer service and frontline roles",81,Analytics plus market-surveillance project helps; finance pedigree/domain depth is weaker than your business/implementation fit.,visible,core_harshit,yes,strategic_unverified,Strategic target; Ireland relevance not yet proven by dashboard vacancy history,0,0
411,Zendesk,https://jobs.zendesk.com/us/en/search-results?keywords=Ireland,employer,86,P2 — Strong,Harshit primary,Finance / Risk,Risk/Compliance Analyst; Data/BI Analyst; Business Analyst; Operations Analyst,Keep any employment type when role-relevant; exclude generic part-time work,"Exclude generic sales, retail, hospitality, customer service and frontline roles",81,Analytics plus market-surveillance project helps; finance pedigree/domain depth is weaker than your business/implementation fit.,visible,core_harshit,yes,strategic_unverified,Strategic target; Ireland relevance not yet proven by dashboard vacancy history,0,0
412,Zimmer Biomet,https://zimmerbiomet.wd1.myworkdayjobs.com/Zimmer_Biomet_Careers,employer,86,P2 — Strong,Harshit primary,Finance / Risk,Risk/Compliance Analyst; Data/BI Analyst; Business Analyst; Operations Analyst,Keep any employment type when role-relevant; exclude generic part-time work,"Exclude generic sales, retail, hospitality, customer service and frontline roles",81,Analytics plus market-surveillance project helps; finance pedigree/domain depth is weaker than your business/implementation fit.,visible,core_harshit,yes,validated_live_other,"Current Republic of Ireland employment evidence, but no target-role match in latest data",2,0
413,Zscaler,https://www.zscaler.com/careers,employer,86,P2 — Strong,Harshit primary,Finance / Risk,Risk/Compliance Analyst; Data/BI Analyst; Business Analyst; Operations Analyst,Keep any employment type when role-relevant; exclude generic part-time work,"Exclude generic sales, retail, hospitality, customer service and frontline roles",81,Analytics plus market-surveillance project helps; finance pedigree/domain depth is weaker than your business/implementation fit.,visible,core_harshit,yes,validated_live_other,"Current Republic of Ireland employment evidence, but no target-role match in latest data",1,0
414,Zurich Insurance,https://www.zurich.ie/about-us/careers/,employer,86,P2 — Strong,Harshit primary,Finance / Risk,Risk/Compliance Analyst; Data/BI Analyst; Business Analyst; Operations Analyst,Keep any employment type when role-relevant; exclude generic part-time work,"Exclude generic sales, retail, hospitality, customer service and frontline roles",81,Analytics plus market-surveillance project helps; finance pedigree/domain depth is weaker than your business/implementation fit.,visible,core_harshit,yes,strategic_unverified,Strategic target; Ireland relevance not yet proven by dashboard vacancy history,0,0
415,Aiven,https://aiven.io/careers,employer,85,P2 — Strong,Harshit primary,Technology / SaaS,Data/BI Analyst; Business Operations Analyst; Customer/Revenue Analytics; Implementation/CS Ops,Keep any employment type when role-relevant; exclude generic part-time work,"Exclude generic sales, retail, hospitality, customer service and frontline roles",64,Good for BI/ops/implementation roles; pure software engineering/data science roles are materially harder.,visible,core_harshit,yes,validated_live_other,"Current Republic of Ireland employment evidence, but no target-role match in latest data",4,0
416,Anthropic,https://www.anthropic.com/careers,employer,85,P2 — Strong,Harshit primary,Technology / SaaS,Data/BI Analyst; Business Operations Analyst; Customer/Revenue Analytics; Implementation/CS Ops,Keep any employment type when role-relevant; exclude generic part-time work,"Exclude generic sales, retail, hospitality, customer service and frontline roles",64,Good for BI/ops/implementation roles; pure software engineering/data science roles are materially harder.,visible,core_harshit,yes,validated_live_other,"Current Republic of Ireland employment evidence, but no target-role match in latest data",10,0
417,Atlas Copco Ireland,https://www.atlascopcogroup.com/en/careers,employer,85,P2 — Strong,Harshit primary,Technology / SaaS,Data/BI Analyst; Business Operations Analyst; Customer/Revenue Analytics; Implementation/CS Ops,Keep any employment type when role-relevant; exclude generic part-time work,"Exclude generic sales, retail, hospitality, customer service and frontline roles",64,Good for BI/ops/implementation roles; pure software engineering/data science roles are materially harder.,visible,core_harshit,yes,strategic_unverified,Strategic target; Ireland relevance not yet proven by dashboard vacancy history,0,0
418,Chargebee,https://www.chargebee.com/careers/,employer,85,P2 — Strong,Harshit primary,Technology / SaaS,Data/BI Analyst; Business Operations Analyst; Customer/Revenue Analytics; Implementation/CS Ops,Keep any employment type when role-relevant; exclude generic part-time work,"Exclude generic sales, retail, hospitality, customer service and frontline roles",64,Good for BI/ops/implementation roles; pure software engineering/data science roles are materially harder.,visible,core_harshit,yes,strategic_unverified,Strategic target; Ireland relevance not yet proven by dashboard vacancy history,0,0
419,CitySwift,https://www.cityswift.com/careers,employer,85,P2 — Strong,Harshit primary,Technology / SaaS,Data/BI Analyst; Business Operations Analyst; Customer/Revenue Analytics; Implementation/CS Ops,Keep any employment type when role-relevant; exclude generic part-time work,"Exclude generic sales, retail, hospitality, customer service and frontline roles",64,Good for BI/ops/implementation roles; pure software engineering/data science roles are materially harder.,visible,core_harshit,yes,validated_live_relevant,Current Republic of Ireland job evidence in target role families,4,1
420,Clio,https://www.clio.com/about/careers/,employer,85,P2 — Strong,Harshit primary,Technology / SaaS,Data/BI Analyst; Business Operations Analyst; Customer/Revenue Analytics; Implementation/CS Ops,Keep any employment type when role-relevant; exclude generic part-time work,"Exclude generic sales, retail, hospitality, customer service and frontline roles",64,Good for BI/ops/implementation roles; pure software engineering/data science roles are materially harder.,visible,core_harshit,yes,strategic_unverified,Strategic target; Ireland relevance not yet proven by dashboard vacancy history,0,0
421,Crusoe,https://www.crusoe.ai/careers,employer,85,P2 — Strong,Harshit primary,Technology / SaaS,Data/BI Analyst; Business Operations Analyst; Customer/Revenue Analytics; Implementation/CS Ops,Keep any employment type when role-relevant; exclude generic part-time work,"Exclude generic sales, retail, hospitality, customer service and frontline roles",64,Good for BI/ops/implementation roles; pure software engineering/data science roles are materially harder.,visible,core_harshit,yes,validated_live_other,"Current Republic of Ireland employment evidence, but no target-role match in latest data",8,0
422,Cubic³,https://www.cubic3.com/careers/,employer,85,P2 — Strong,Harshit primary,Technology / SaaS,Data/BI Analyst; Business Operations Analyst; Customer/Revenue Analytics; Implementation/CS Ops,Keep any employment type when role-relevant; exclude generic part-time work,"Exclude generic sales, retail, hospitality, customer service and frontline roles",64,Good for BI/ops/implementation roles; pure software engineering/data science roles are materially harder.,visible,core_harshit,yes,strategic_unverified,Strategic target; Ireland relevance not yet proven by dashboard vacancy history,0,0
423,CWSI,https://cwsisecurity.com/careers/,employer,85,P2 — Strong,Harshit primary,Technology / SaaS,Data/BI Analyst; Business Operations Analyst; Customer/Revenue Analytics; Implementation/CS Ops,Keep any employment type when role-relevant; exclude generic part-time work,"Exclude generic sales, retail, hospitality, customer service and frontline roles",64,Good for BI/ops/implementation roles; pure software engineering/data science roles are materially harder.,visible,core_harshit,yes,strategic_unverified,Strategic target; Ireland relevance not yet proven by dashboard vacancy history,0,0
424,Daon,https://www.daon.com/careers/,employer,85,P2 — Strong,Harshit primary,Technology / SaaS,Data/BI Analyst; Business Operations Analyst; Customer/Revenue Analytics; Implementation/CS Ops,Keep any employment type when role-relevant; exclude generic part-time work,"Exclude generic sales, retail, hospitality, customer service and frontline roles",64,Good for BI/ops/implementation roles; pure software engineering/data science roles are materially harder.,visible,core_harshit,yes,strategic_unverified,Strategic target; Ireland relevance not yet proven by dashboard vacancy history,0,0
425,DataStax,https://www.datastax.com/company/careers,employer,85,P2 — Strong,Harshit primary,Technology / SaaS,Data/BI Analyst; Business Operations Analyst; Customer/Revenue Analytics; Implementation/CS Ops,Keep any employment type when role-relevant; exclude generic part-time work,"Exclude generic sales, retail, hospitality, customer service and frontline roles",64,Good for BI/ops/implementation roles; pure software engineering/data science roles are materially harder.,visible,core_harshit,yes,strategic_unverified,Strategic target; Ireland relevance not yet proven by dashboard vacancy history,0,0
426,Dedalus,https://www.dedalus.com/global/en/careers/,employer,85,P2 — Strong,Harshit primary,Technology / SaaS,Data/BI Analyst; Business Operations Analyst; Customer/Revenue Analytics; Implementation/CS Ops,Keep any employment type when role-relevant; exclude generic part-time work,"Exclude generic sales, retail, hospitality, customer service and frontline roles",64,Good for BI/ops/implementation roles; pure software engineering/data science roles are materially harder.,visible,core_harshit,yes,strategic_unverified,Strategic target; Ireland relevance not yet proven by dashboard vacancy history,0,0
427,EXL,https://www.exlservice.com/careers,employer,85,P2 — Strong,Harshit primary,Technology / SaaS,Data/BI Analyst; Business Operations Analyst; Customer/Revenue Analytics; Implementation/CS Ops,Keep any employment type when role-relevant; exclude generic part-time work,"Exclude generic sales, retail, hospitality, customer service and frontline roles",64,Good for BI/ops/implementation roles; pure software engineering/data science roles are materially harder.,visible,core_harshit,yes,validated_live_relevant,Current Republic of Ireland job evidence in target role families,17,6
428,Fixify,https://www.fixify.com/careers,employer,85,P2 — Strong,Harshit primary,Technology / SaaS,Data/BI Analyst; Business Operations Analyst; Customer/Revenue Analytics; Implementation/CS Ops,Keep any employment type when role-relevant; exclude generic part-time work,"Exclude generic sales, retail, hospitality, customer service and frontline roles",64,Good for BI/ops/implementation roles; pure software engineering/data science roles are materially harder.,visible,core_harshit,yes,strategic_unverified,Strategic target; Ireland relevance not yet proven by dashboard vacancy history,0,0
429,Forcepoint,https://www.forcepoint.com/company/work-with-us,employer,85,P2 — Strong,Harshit primary,Technology / SaaS,Data/BI Analyst; Business Operations Analyst; Customer/Revenue Analytics; Implementation/CS Ops,Keep any employment type when role-relevant; exclude generic part-time work,"Exclude generic sales, retail, hospitality, customer service and frontline roles",64,Good for BI/ops/implementation roles; pure software engineering/data science roles are materially harder.,visible,core_harshit,yes,strategic_unverified,Strategic target; Ireland relevance not yet proven by dashboard vacancy history,0,0
430,Gong,https://www.gong.io/careers/,employer,85,P2 — Strong,Harshit primary,Technology / SaaS,Data/BI Analyst; Business Operations Analyst; Customer/Revenue Analytics; Implementation/CS Ops,Keep any employment type when role-relevant; exclude generic part-time work,"Exclude generic sales, retail, hospitality, customer service and frontline roles",64,Good for BI/ops/implementation roles; pure software engineering/data science roles are materially harder.,visible,core_harshit,yes,strategic_unverified,Strategic target; Ireland relevance not yet proven by dashboard vacancy history,0,0
431,Harvey,https://www.harvey.ai/careers,employer,85,P2 — Strong,Harshit primary,Technology / SaaS,Data/BI Analyst; Business Operations Analyst; Customer/Revenue Analytics; Implementation/CS Ops,Keep any employment type when role-relevant; exclude generic part-time work,"Exclude generic sales, retail, hospitality, customer service and frontline roles",64,Good for BI/ops/implementation roles; pure software engineering/data science roles are materially harder.,visible,core_harshit,yes,strategic_unverified,Strategic target; Ireland relevance not yet proven by dashboard vacancy history,0,0
432,Hitachi Energy,https://www.hitachienergy.com/careers,employer,85,P2 — Strong,Harshit primary,Technology / SaaS,Data/BI Analyst; Business Operations Analyst; Customer/Revenue Analytics; Implementation/CS Ops,Keep any employment type when role-relevant; exclude generic part-time work,"Exclude generic sales, retail, hospitality, customer service and frontline roles",64,Good for BI/ops/implementation roles; pure software engineering/data science roles are materially harder.,visible,core_harshit,yes,validated_live_other,"Current Republic of Ireland employment evidence, but no target-role match in latest data",9,0
433,Isla Health,https://www.isla.health/careers,employer,85,P2 — Strong,Harshit primary,Technology / SaaS,Data/BI Analyst; Business Operations Analyst; Customer/Revenue Analytics; Implementation/CS Ops,Keep any employment type when role-relevant; exclude generic part-time work,"Exclude generic sales, retail, hospitality, customer service and frontline roles",64,Good for BI/ops/implementation roles; pure software engineering/data science roles are materially harder.,visible,core_harshit,yes,strategic_unverified,Strategic target; Ireland relevance not yet proven by dashboard vacancy history,0,0
434,Keeper Security,https://www.keepersecurity.com/company/careers/,employer,85,P2 — Strong,Harshit primary,Technology / SaaS,Data/BI Analyst; Business Operations Analyst; Customer/Revenue Analytics; Implementation/CS Ops,Keep any employment type when role-relevant; exclude generic part-time work,"Exclude generic sales, retail, hospitality, customer service and frontline roles",64,Good for BI/ops/implementation roles; pure software engineering/data science roles are materially harder.,visible,core_harshit,yes,strategic_unverified,Strategic target; Ireland relevance not yet proven by dashboard vacancy history,0,0
435,Moonshot,https://moonshotteam.com/careers/,employer,85,P2 — Strong,Harshit primary,Technology / SaaS,Data/BI Analyst; Business Operations Analyst; Customer/Revenue Analytics; Implementation/CS Ops,Keep any employment type when role-relevant; exclude generic part-time work,"Exclude generic sales, retail, hospitality, customer service and frontline roles",64,Good for BI/ops/implementation roles; pure software engineering/data science roles are materially harder.,visible,core_harshit,yes,validated_live_other,"Current Republic of Ireland employment evidence, but no target-role match in latest data",1,0
436,Motorola Solutions,https://www.motorolasolutions.com/en_us/about/careers.html,employer,85,P2 — Strong,Harshit primary,Technology / SaaS,Data/BI Analyst; Business Operations Analyst; Customer/Revenue Analytics; Implementation/CS Ops,Keep any employment type when role-relevant; exclude generic part-time work,"Exclude generic sales, retail, hospitality, customer service and frontline roles",64,Good for BI/ops/implementation roles; pure software engineering/data science roles are materially harder.,visible,core_harshit,yes,strategic_unverified,Strategic target; Ireland relevance not yet proven by dashboard vacancy history,0,0
437,One Identity,https://www.oneidentity.com/careers/,employer,85,P2 — Strong,Harshit primary,Technology / SaaS,Data/BI Analyst; Business Operations Analyst; Customer/Revenue Analytics; Implementation/CS Ops,Keep any employment type when role-relevant; exclude generic part-time work,"Exclude generic sales, retail, hospitality, customer service and frontline roles",64,Good for BI/ops/implementation roles; pure software engineering/data science roles are materially harder.,visible,core_harshit,yes,strategic_unverified,Strategic target; Ireland relevance not yet proven by dashboard vacancy history,0,0
438,Park Place Technologies,https://www.parkplacetechnologies.com/company/careers/,employer,85,P2 — Strong,Harshit primary,Technology / SaaS,Data/BI Analyst; Business Operations Analyst; Customer/Revenue Analytics; Implementation/CS Ops,Keep any employment type when role-relevant; exclude generic part-time work,"Exclude generic sales, retail, hospitality, customer service and frontline roles",64,Good for BI/ops/implementation roles; pure software engineering/data science roles are materially harder.,visible,core_harshit,yes,strategic_unverified,Strategic target; Ireland relevance not yet proven by dashboard vacancy history,0,0
439,Qumulo,https://careers.qumulo.com/,employer,85,P2 — Strong,Harshit primary,Technology / SaaS,Data/BI Analyst; Business Operations Analyst; Customer/Revenue Analytics; Implementation/CS Ops,Keep any employment type when role-relevant; exclude generic part-time work,"Exclude generic sales, retail, hospitality, customer service and frontline roles",64,Good for BI/ops/implementation roles; pure software engineering/data science roles are materially harder.,visible,core_harshit,yes,strategic_unverified,Strategic target; Ireland relevance not yet proven by dashboard vacancy history,0,0
440,RoviSys,https://www.rovisys.com/careers,employer,85,P2 — Strong,Harshit primary,Technology / SaaS,Data/BI Analyst; Business Operations Analyst; Customer/Revenue Analytics; Implementation/CS Ops,Keep any employment type when role-relevant; exclude generic part-time work,"Exclude generic sales, retail, hospitality, customer service and frontline roles",64,Good for BI/ops/implementation roles; pure software engineering/data science roles are materially harder.,visible,core_harshit,yes,strategic_unverified,Strategic target; Ireland relevance not yet proven by dashboard vacancy history,0,0
441,RxSense,https://www.rxsense.com/careers/,employer,85,P2 — Strong,Harshit primary,Technology / SaaS,Data/BI Analyst; Business Operations Analyst; Customer/Revenue Analytics; Implementation/CS Ops,Keep any employment type when role-relevant; exclude generic part-time work,"Exclude generic sales, retail, hospitality, customer service and frontline roles",64,Good for BI/ops/implementation roles; pure software engineering/data science roles are materially harder.,visible,core_harshit,yes,strategic_unverified,Strategic target; Ireland relevance not yet proven by dashboard vacancy history,0,0
442,SHEIN,https://careers.sheingroup.com/,employer,85,P2 — Strong,Harshit primary,Technology / SaaS,Data/BI Analyst; Business Operations Analyst; Customer/Revenue Analytics; Implementation/CS Ops,Keep any employment type when role-relevant; exclude generic part-time work,"Exclude generic sales, retail, hospitality, customer service and frontline roles",64,Good for BI/ops/implementation roles; pure software engineering/data science roles are materially harder.,visible,core_harshit,yes,strategic_unverified,Strategic target; Ireland relevance not yet proven by dashboard vacancy history,0,0
443,Smarttech247,https://www.smarttech247.com/careers/,employer,85,P2 — Strong,Harshit primary,Technology / SaaS,Data/BI Analyst; Business Operations Analyst; Customer/Revenue Analytics; Implementation/CS Ops,Keep any employment type when role-relevant; exclude generic part-time work,"Exclude generic sales, retail, hospitality, customer service and frontline roles",64,Good for BI/ops/implementation roles; pure software engineering/data science roles are materially harder.,visible,core_harshit,yes,strategic_unverified,Strategic target; Ireland relevance not yet proven by dashboard vacancy history,0,0
444,Spectrum.Life,https://www.spectrum.life/careers,employer,85,P2 — Strong,Harshit primary,Technology / SaaS,Data/BI Analyst; Business Operations Analyst; Customer/Revenue Analytics; Implementation/CS Ops,Keep any employment type when role-relevant; exclude generic part-time work,"Exclude generic sales, retail, hospitality, customer service and frontline roles",64,Good for BI/ops/implementation roles; pure software engineering/data science roles are materially harder.,visible,core_harshit,yes,strategic_unverified,Strategic target; Ireland relevance not yet proven by dashboard vacancy history,0,0
445,Taoglas,https://www.taoglas.com/careers/,employer,85,P2 — Strong,Harshit primary,Technology / SaaS,Data/BI Analyst; Business Operations Analyst; Customer/Revenue Analytics; Implementation/CS Ops,Keep any employment type when role-relevant; exclude generic part-time work,"Exclude generic sales, retail, hospitality, customer service and frontline roles",64,Good for BI/ops/implementation roles; pure software engineering/data science roles are materially harder.,visible,core_harshit,yes,strategic_unverified,Strategic target; Ireland relevance not yet proven by dashboard vacancy history,0,0
446,Tines,https://www.tines.com/careers/,employer,85,P2 — Strong,Harshit primary,Technology / SaaS,Data/BI Analyst; Business Operations Analyst; Customer/Revenue Analytics; Implementation/CS Ops,Keep any employment type when role-relevant; exclude generic part-time work,"Exclude generic sales, retail, hospitality, customer service and frontline roles",64,Good for BI/ops/implementation roles; pure software engineering/data science roles are materially harder.,visible,core_harshit,yes,validated_live_other,"Current Republic of Ireland employment evidence, but no target-role match in latest data",3,0
447,Trellix,https://careers.trellix.com/,employer,85,P2 — Strong,Harshit primary,Technology / SaaS,Data/BI Analyst; Business Operations Analyst; Customer/Revenue Analytics; Implementation/CS Ops,Keep any employment type when role-relevant; exclude generic part-time work,"Exclude generic sales, retail, hospitality, customer service and frontline roles",64,Good for BI/ops/implementation roles; pure software engineering/data science roles are materially harder.,visible,core_harshit,yes,strategic_unverified,Strategic target; Ireland relevance not yet proven by dashboard vacancy history,0,0
448,Veeam,https://careers.veeam.com/,employer,85,P2 — Strong,Harshit primary,Enterprise Software / Data,Data & AI; Enterprise Technology; Professional Services; BI Analyst,Keep any employment type when role-relevant; exclude generic part-time work,"Exclude generic sales, retail, hospitality, customer service and frontline roles",55,Ireland location and target corporate functions on careers site,visible,core_harshit,yes,added_external_ireland_role_evidence,Ireland location and target corporate functions on careers site,0,0
449,Workato,https://www.workato.com/careers,employer,85,P2 — Strong,Harshit primary,Technology / SaaS,Data/BI Analyst; Business Operations Analyst; Customer/Revenue Analytics; Implementation/CS Ops,Keep any employment type when role-relevant; exclude generic part-time work,"Exclude generic sales, retail, hospitality, customer service and frontline roles",64,Good for BI/ops/implementation roles; pure software engineering/data science roles are materially harder.,visible,core_harshit,yes,strategic_unverified,Strategic target; Ireland relevance not yet proven by dashboard vacancy history,0,0
450,Xenon arc,https://www.xenonarc.com/careers,employer,85,P2 — Strong,Harshit primary,Technology / SaaS,Data/BI Analyst; Business Operations Analyst; Customer/Revenue Analytics; Implementation/CS Ops,Keep any employment type when role-relevant; exclude generic part-time work,"Exclude generic sales, retail, hospitality, customer service and frontline roles",64,Good for BI/ops/implementation roles; pure software engineering/data science roles are materially harder.,visible,core_harshit,yes,strategic_unverified,Strategic target; Ireland relevance not yet proven by dashboard vacancy history,0,0
451,CrowdStrike,https://www.crowdstrike.com/careers/,employer,84,P2 — Strong,Harshit primary,Cybersecurity / Enterprise Tech,Data Analyst; Intelligence Analyst; Operations; Technical Consultant,Keep any employment type when role-relevant; exclude generic part-time work,"Exclude generic sales, retail, hospitality, customer service and frontline roles",55,Ireland/Dublin relevant employment evidence,visible,core_harshit,yes,added_external_ireland_role_evidence,Ireland/Dublin relevant employment evidence,0,0
452,Bain & Company,https://www.bain.com/careers/,employer,82,P2 — Strong,Harshit primary,Strategy / Consulting,Business Analyst; Strategy; Transformation; Analytics,Keep any employment type when role-relevant; exclude generic part-time work,"Exclude generic sales, retail, hospitality, customer service and frontline roles",70,Relevant consulting role families; selective Ireland density,visible,core_harshit,yes,added_external_ireland_role_evidence,Relevant consulting role families; selective Ireland density,0,0
453,Salesforce,https://salesforce.wd12.myworkdayjobs.com/External_Career_Site,employer,80,P4 — Exact-fit only,Low priority,Finance / Risk,Risk/Compliance Analyst; Data/BI Analyst; Business Analyst; Operations Analyst,Keep any employment type when role-relevant; exclude generic part-time work,"Exclude generic sales, retail, hospitality, customer service and frontline roles",59,"Strong analytics/implementation foundation, but brand-selective hiring and role competition make this a reach; referral + exact-role fit matters.",visible,core_harshit,yes,validated_live_relevant,Current Republic of Ireland job evidence in target role families,131,5
454,State Street,https://statestreet.wd1.myworkdayjobs.com/Global,employer,80,P3 — Selective,Secondary / exact-fit,Finance / Risk,Risk/Compliance Analyst; Data/BI Analyst; Business Analyst; Operations Analyst,Keep any employment type when role-relevant; exclude generic part-time work,"Exclude generic sales, retail, hospitality, customer service and frontline roles",70,Analytics plus market-surveillance project helps; finance pedigree/domain depth is weaker than your business/implementation fit.,visible,core_harshit,yes,validated_live_relevant,Current Republic of Ireland job evidence in target role families,56,5
455,Korn Ferry,https://www.kornferry.com/careers,employer,79,P3 — Selective,Secondary / exact-fit,Strategy / Consulting,Technology/Data Consultant; Business Analyst; Transformation Consultant,Keep any employment type when role-relevant; exclude generic part-time work,"Exclude generic sales, retail, hospitality, customer service and frontline roles",58,"Solid transferable fit for business analysis, BI, transformation and operations roles; exact vacancy and referral will drive outcome.",visible,core_harshit,yes,strategic_unverified,Strategic target; Ireland relevance not yet proven by dashboard vacancy history,0,0
456,Analog Devices,https://analogdevices.wd1.myworkdayjobs.com/External,employer,78,P3 — Selective,Secondary / exact-fit,Finance / Risk,Risk/Compliance Analyst; Data/BI Analyst; Business Analyst; Operations Analyst,Keep any employment type when role-relevant; exclude generic part-time work,"Exclude generic sales, retail, hospitality, customer service and frontline roles",70,Analytics plus market-surveillance project helps; finance pedigree/domain depth is weaker than your business/implementation fit.,visible,core_harshit,yes,validated_live_relevant,Current Republic of Ireland job evidence in target role families,76,4
457,Atlantic Technological University (ATU),https://www.atu.ie/jobs,university,78,P2 — Strong,Harshit primary,Higher Education / Research,Data/BI Analyst; Business Analyst; Project/Programme; Research Data; Digital Transformation; Operations; Finance/Planning; IT/Systems,Keep university jobs; part-time only when role-relevant,Exclude unrelated casual/frontline roles from default job view,62,"Irish university employer in West / North-West Ireland; professional, research-data, digital, project and operations roles are profile-relevant.",visible,core_harshit,yes,added_official_university_employer,Official Republic of Ireland university recruitment source,0,0
458,CyberArk,https://www.cyberark.com/careers/,employer,78,P3 — Selective,Harshit selective,Cybersecurity / Enterprise Tech,Business Analyst; Operations; Technical Consultant; Data,Keep any employment type when role-relevant; exclude generic part-time work,"Exclude generic sales, retail, hospitality, customer service and frontline roles",55,Enterprise security fit; careers now linked with Palo Alto Networks,visible,core_harshit,yes,added_external_ireland_role_evidence,Enterprise security fit; careers now linked with Palo Alto Networks,0,0
459,Dublin City University (DCU),https://www.dcu.ie/people/jobs,university,78,P2 — Strong,Harshit primary,Higher Education / Research,Data/BI Analyst; Business Analyst; Project/Programme; Research Data; Digital Transformation; Operations; Finance/Planning; IT/Systems,Keep university jobs; part-time only when role-relevant,Exclude unrelated casual/frontline roles from default job view,62,"Irish university employer in Dublin; professional, research-data, digital, project and operations roles are profile-relevant.",visible,core_harshit,yes,added_official_university_employer,Official Republic of Ireland university recruitment source,0,0
460,Maynooth University,https://www.maynoothuniversity.ie/human-resources/vacancies,university,78,P2 — Strong,Harshit primary,Higher Education / Research,Data/BI Analyst; Business Analyst; Project/Programme; Research Data; Digital Transformation; Operations; Finance/Planning; IT/Systems,Keep university jobs; part-time only when role-relevant,Exclude unrelated casual/frontline roles from default job view,62,"Irish university employer in Maynooth; professional, research-data, digital, project and operations roles are profile-relevant.",visible,core_harshit,yes,added_official_university_employer,Official Republic of Ireland university recruitment source,0,0
461,Munster Technological University (MTU),https://www.mtu.ie/vacancies/,university,78,P2 — Strong,Harshit primary,Higher Education / Research,Data/BI Analyst; Business Analyst; Project/Programme; Research Data; Digital Transformation; Operations; Finance/Planning; IT/Systems,Keep university jobs; part-time only when role-relevant,Exclude unrelated casual/frontline roles from default job view,62,"Irish university employer in Cork / Kerry; professional, research-data, digital, project and operations roles are profile-relevant.",visible,core_harshit,yes,added_official_university_employer,Official Republic of Ireland university recruitment source,0,0
462,RCSI University of Medicine and Health Sciences,https://www.rcsi.com/careers,university,78,P2 — Strong,Harshit primary,Higher Education / Research,Data/BI Analyst; Business Analyst; Project/Programme; Research Data; Digital Transformation; Operations; Finance/Planning; IT/Systems,Keep university jobs; part-time only when role-relevant,Exclude unrelated casual/frontline roles from default job view,62,"Irish university employer in Dublin; professional, research-data, digital, project and operations roles are profile-relevant.",visible,core_harshit,yes,added_official_university_employer,Official Republic of Ireland university recruitment source,0,0
463,South East Technological University (SETU),https://www.setu.ie/staff/recruitment,university,78,P2 — Strong,Harshit primary,Higher Education / Research,Data/BI Analyst; Business Analyst; Project/Programme; Research Data; Digital Transformation; Operations; Finance/Planning; IT/Systems,Keep university jobs; part-time only when role-relevant,Exclude unrelated casual/frontline roles from default job view,62,"Irish university employer in South-East Ireland; professional, research-data, digital, project and operations roles are profile-relevant.",visible,core_harshit,yes,added_official_university_employer,Official Republic of Ireland university recruitment source,0,0
464,Technological University Dublin (TU Dublin),https://www.tudublin.ie/explore/jobs/current-vacancies/,university,78,P2 — Strong,Harshit primary,Higher Education / Research,Data/BI Analyst; Business Analyst; Project/Programme; Research Data; Digital Transformation; Operations; Finance/Planning; IT/Systems,Keep university jobs; part-time only when role-relevant,Exclude unrelated casual/frontline roles from default job view,62,"Irish university employer in Dublin; professional, research-data, digital, project and operations roles are profile-relevant.",visible,core_harshit,yes,added_official_university_employer,Official Republic of Ireland university recruitment source,0,0
465,Technological University of the Shannon (TUS),https://tus.ie/hr/vacancies/,university,78,P2 — Strong,Harshit primary,Higher Education / Research,Data/BI Analyst; Business Analyst; Project/Programme; Research Data; Digital Transformation; Operations; Finance/Planning; IT/Systems,Keep university jobs; part-time only when role-relevant,Exclude unrelated casual/frontline roles from default job view,62,"Irish university employer in Athlone / Limerick; professional, research-data, digital, project and operations roles are profile-relevant.",visible,core_harshit,yes,added_official_university_employer,Official Republic of Ireland university recruitment source,0,0
466,Trinity College Dublin (TCD),https://my.corehr.com/pls/trrecruit/erq_search_package.search_form?p_company=1&p_internal_external=E,university,78,P2 — Strong,Harshit primary,Higher Education / Research,Data/BI Analyst; Business Analyst; Project/Programme; Research Data; Digital Transformation; Operations; Finance/Planning; IT/Systems,Keep university jobs; part-time only when role-relevant,Exclude unrelated casual/frontline roles from default job view,62,"Irish university employer in Dublin; professional, research-data, digital, project and operations roles are profile-relevant.",visible,core_harshit,yes,added_official_university_employer,Official Republic of Ireland university recruitment source,0,0
467,University College Cork (UCC),https://my.corehr.com/pls/uccrecruit/erq_search_package.search_form?p_company=5023&p_internal_external=E,university,78,P2 — Strong,Harshit primary,Higher Education / Research,Data/BI Analyst; Business Analyst; Project/Programme; Research Data; Digital Transformation; Operations; Finance/Planning; IT/Systems,Keep university jobs; part-time only when role-relevant,Exclude unrelated casual/frontline roles from default job view,62,"Irish university employer in Cork; professional, research-data, digital, project and operations roles are profile-relevant.",visible,core_harshit,yes,added_official_university_employer,Official Republic of Ireland university recruitment source,0,0
468,University College Dublin (UCD),https://my.corehr.com/pls/ucdrecruit/erq_search_package.search_form?p_company=1&p_internal_external=E,university,78,P2 — Strong,Harshit primary,Higher Education / Research,Data/BI Analyst; Business Analyst; Project/Programme; Research Data; Digital Transformation; Operations; Finance/Planning; IT/Systems,Keep university jobs; part-time only when role-relevant,Exclude unrelated casual/frontline roles from default job view,62,"Irish university employer in Dublin; professional, research-data, digital, project and operations roles are profile-relevant.",visible,core_harshit,yes,added_official_university_employer,Official Republic of Ireland university recruitment source,0,0
469,University of Galway,https://www.universityofgalway.ie/about-us/jobs/,university,78,P2 — Strong,Harshit primary,Higher Education / Research,Data/BI Analyst; Business Analyst; Project/Programme; Research Data; Digital Transformation; Operations; Finance/Planning; IT/Systems,Keep university jobs; part-time only when role-relevant,Exclude unrelated casual/frontline roles from default job view,62,"Irish university employer in Galway; professional, research-data, digital, project and operations roles are profile-relevant.",visible,core_harshit,yes,added_official_university_employer,Official Republic of Ireland university recruitment source,0,0
470,University of Limerick (UL),https://www.ul.ie/hr/vacancies,university,78,P2 — Strong,Harshit primary,Higher Education / Research,Data/BI Analyst; Business Analyst; Project/Programme; Research Data; Digital Transformation; Operations; Finance/Planning; IT/Systems,Keep university jobs; part-time only when role-relevant,Exclude unrelated casual/frontline roles from default job view,62,"Irish university employer in Limerick; professional, research-data, digital, project and operations roles are profile-relevant.",visible,core_harshit,yes,added_official_university_employer,Official Republic of Ireland university recruitment source,0,0
471,Carrier,https://jobs.carrier.com/en/location/ireland-jobs/29289/2963597/2,employer,77,P3 — Selective,Harshit selective,Industrial Technology,Digital Technology; Operations; Analytics; Strategy,Keep any employment type when role-relevant; exclude generic part-time work,"Exclude generic sales, retail, hospitality, customer service and frontline roles",55,Ireland careers location plus digital/operations functions,visible,core_harshit,yes,added_external_ireland_role_evidence,Ireland careers location plus digital/operations functions,0,0
472,Box,https://www.box.com/careers,employer,76,P3 — Selective,Harshit selective,Enterprise SaaS,Business Systems; Analytics; Implementation; Product,Keep any employment type when role-relevant; exclude generic part-time work,"Exclude generic sales, retail, hospitality, customer service and frontline roles",55,Enterprise SaaS target-role fit,visible,core_harshit,yes,added_external_ireland_role_evidence,Enterprise SaaS target-role fit,0,0
473,Medtronic,https://jobs.medtronic.com/search/?q=&locationsearch=Ireland,employer,76,P3 — Selective,Secondary / exact-fit,Finance / Risk,Risk/Compliance Analyst; Data/BI Analyst; Business Analyst; Operations Analyst,Keep any employment type when role-relevant; exclude generic part-time work,"Exclude generic sales, retail, hospitality, customer service and frontline roles",70,Analytics plus market-surveillance project helps; finance pedigree/domain depth is weaker than your business/implementation fit.,visible,core_harshit,yes,validated_live_relevant,Current Republic of Ireland job evidence in target role families,19,3
474,Abbott,https://www.jobs.abbott/us/en/search-results?m=3&location=Ireland,employer,75,P3 — Selective,Secondary / exact-fit,Finance / Risk,Risk/Compliance Analyst; Data/BI Analyst; Business Analyst; Operations Analyst,Keep any employment type when role-relevant; exclude generic part-time work,"Exclude generic sales, retail, hospitality, customer service and frontline roles",70,Analytics plus market-surveillance project helps; finance pedigree/domain depth is weaker than your business/implementation fit.,visible,core_harshit,yes,validated_live_relevant,Current Republic of Ireland job evidence in target role families,73,2
475,AbbVie,https://careers.abbvie.com/en/jobs?q=&options=&page=1&ln=Ireland&lr=100&li=IE,employer,75,P3 — Selective,Secondary / exact-fit,Finance / Risk,Risk/Compliance Analyst; Data/BI Analyst; Business Analyst; Operations Analyst,Keep any employment type when role-relevant; exclude generic part-time work,"Exclude generic sales, retail, hospitality, customer service and frontline roles",70,Analytics plus market-surveillance project helps; finance pedigree/domain depth is weaker than your business/implementation fit.,visible,core_harshit,yes,validated_live_relevant,Current Republic of Ireland job evidence in target role families,30,1
476,Advanced Micro Devices (AMD),https://jobs.amd.com/go/Jobs-in-Ireland/8844800/,employer,75,P3 — Selective,Secondary / exact-fit,Finance / Risk,Risk/Compliance Analyst; Data/BI Analyst; Business Analyst; Operations Analyst,Keep any employment type when role-relevant; exclude generic part-time work,"Exclude generic sales, retail, hospitality, customer service and frontline roles",70,Analytics plus market-surveillance project helps; finance pedigree/domain depth is weaker than your business/implementation fit.,visible,core_harshit,yes,strategic_unverified,Strategic target; Ireland relevance not yet proven by dashboard vacancy history,0,0
477,AerCap,https://www.aercap.com/careers/,employer,75,P3 — Selective,Secondary / exact-fit,Finance / Risk,Risk/Compliance Analyst; Data/BI Analyst; Business Analyst; Operations Analyst,Keep any employment type when role-relevant; exclude generic part-time work,"Exclude generic sales, retail, hospitality, customer service and frontline roles",70,Analytics plus market-surveillance project helps; finance pedigree/domain depth is weaker than your business/implementation fit.,visible,core_harshit,yes,strategic_unverified,Strategic target; Ireland relevance not yet proven by dashboard vacancy history,0,0
478,Amgen,https://careers.amgen.com/search-jobs/Ireland,employer,75,P3 — Selective,Secondary / exact-fit,Finance / Risk,Risk/Compliance Analyst; Data/BI Analyst; Business Analyst; Operations Analyst,Keep any employment type when role-relevant; exclude generic part-time work,"Exclude generic sales, retail, hospitality, customer service and frontline roles",70,Analytics plus market-surveillance project helps; finance pedigree/domain depth is weaker than your business/implementation fit.,visible,core_harshit,yes,strategic_unverified,Strategic target; Ireland relevance not yet proven by dashboard vacancy history,0,0
479,Avolon,https://www.avolon.aero/careers,employer,75,P3 — Selective,Secondary / exact-fit,Finance / Risk,Risk/Compliance Analyst; Data/BI Analyst; Business Analyst; Operations Analyst,Keep any employment type when role-relevant; exclude generic part-time work,"Exclude generic sales, retail, hospitality, customer service and frontline roles",70,Analytics plus market-surveillance project helps; finance pedigree/domain depth is weaker than your business/implementation fit.,visible,core_harshit,yes,strategic_unverified,Strategic target; Ireland relevance not yet proven by dashboard vacancy history,0,0
480,Bank of America,https://careers.bankofamerica.com,employer,75,P3 — Selective,Secondary / exact-fit,Finance / Risk,Risk/Compliance Analyst; Data/BI Analyst; Business Analyst; Operations Analyst,Keep any employment type when role-relevant; exclude generic part-time work,"Exclude generic sales, retail, hospitality, customer service and frontline roles",70,Analytics plus market-surveillance project helps; finance pedigree/domain depth is weaker than your business/implementation fit.,visible,core_harshit,yes,validated_live_other,"Current Republic of Ireland employment evidence, but no target-role match in latest data",10,0
481,Barclays,https://search.jobs.barclays/search-jobs/Ireland,employer,75,P3 — Selective,Secondary / exact-fit,Finance / Risk,Risk/Compliance Analyst; Data/BI Analyst; Business Analyst; Operations Analyst,Keep any employment type when role-relevant; exclude generic part-time work,"Exclude generic sales, retail, hospitality, customer service and frontline roles",70,Analytics plus market-surveillance project helps; finance pedigree/domain depth is weaker than your business/implementation fit.,visible,core_harshit,yes,strategic_unverified,Strategic target; Ireland relevance not yet proven by dashboard vacancy history,0,0
482,BlackRock,https://careers.blackrock.com/search-jobs,employer,75,P3 — Selective,Secondary / exact-fit,Finance / Risk,Risk/Compliance Analyst; Data/BI Analyst; Business Analyst; Operations Analyst,Keep any employment type when role-relevant; exclude generic part-time work,"Exclude generic sales, retail, hospitality, customer service and frontline roles",70,Analytics plus market-surveillance project helps; finance pedigree/domain depth is weaker than your business/implementation fit.,visible,core_harshit,yes,validated_live_other,"Current Republic of Ireland employment evidence, but no target-role match in latest data",2,0
483,BNY,https://careers.bny.com,employer,75,P3 — Selective,Secondary / exact-fit,Finance / Risk,Risk/Compliance Analyst; Data/BI Analyst; Business Analyst; Operations Analyst,Keep any employment type when role-relevant; exclude generic part-time work,"Exclude generic sales, retail, hospitality, customer service and frontline roles",70,Analytics plus market-surveillance project helps; finance pedigree/domain depth is weaker than your business/implementation fit.,visible,core_harshit,yes,strategic_unverified,Strategic target; Ireland relevance not yet proven by dashboard vacancy history,0,0
484,Boston Scientific,https://jobs.bostonscientific.com/search/?q=&locationsearch=Ireland,employer,75,P3 — Selective,Secondary / exact-fit,Finance / Risk,Risk/Compliance Analyst; Data/BI Analyst; Business Analyst; Operations Analyst,Keep any employment type when role-relevant; exclude generic part-time work,"Exclude generic sales, retail, hospitality, customer service and frontline roles",70,Analytics plus market-surveillance project helps; finance pedigree/domain depth is weaker than your business/implementation fit.,visible,core_harshit,yes,validated_live_relevant,Current Republic of Ireland job evidence in target role families,7,1
485,Citi,https://jobs.citi.com/search-jobs/Ireland,employer,75,P3 — Selective,Secondary / exact-fit,Finance / Risk,Risk/Compliance Analyst; Data/BI Analyst; Business Analyst; Operations Analyst,Keep any employment type when role-relevant; exclude generic part-time work,"Exclude generic sales, retail, hospitality, customer service and frontline roles",70,Analytics plus market-surveillance project helps; finance pedigree/domain depth is weaker than your business/implementation fit.,visible,core_harshit,yes,validated_live_relevant,Current Republic of Ireland job evidence in target role families,15,2
486,Deutsche Bank,https://careers.db.com,employer,75,P3 — Selective,Secondary / exact-fit,Finance / Risk,Risk/Compliance Analyst; Data/BI Analyst; Business Analyst; Operations Analyst,Keep any employment type when role-relevant; exclude generic part-time work,"Exclude generic sales, retail, hospitality, customer service and frontline roles",70,Analytics plus market-surveillance project helps; finance pedigree/domain depth is weaker than your business/implementation fit.,visible,core_harshit,yes,strategic_unverified,Strategic target; Ireland relevance not yet proven by dashboard vacancy history,0,0
487,Fidelity International,https://careers.fidelityinternational.com/,employer,75,P3 — Selective,Secondary / exact-fit,Finance / Risk,Risk/Compliance Analyst; Data/BI Analyst; Business Analyst; Operations Analyst,Keep any employment type when role-relevant; exclude generic part-time work,"Exclude generic sales, retail, hospitality, customer service and frontline roles",70,Analytics plus market-surveillance project helps; finance pedigree/domain depth is weaker than your business/implementation fit.,visible,core_harshit,yes,strategic_unverified,Strategic target; Ireland relevance not yet proven by dashboard vacancy history,0,0
488,Fidelity Investments,https://jobs.fidelity.com/location/ireland-jobs/2324/2963597/2,employer,75,P3 — Selective,Secondary / exact-fit,Finance / Risk,Risk/Compliance Analyst; Data/BI Analyst; Business Analyst; Operations Analyst,Keep any employment type when role-relevant; exclude generic part-time work,"Exclude generic sales, retail, hospitality, customer service and frontline roles",70,Analytics plus market-surveillance project helps; finance pedigree/domain depth is weaker than your business/implementation fit.,visible,core_harshit,yes,strategic_unverified,Strategic target; Ireland relevance not yet proven by dashboard vacancy history,0,0
489,Goldman Sachs,https://www.goldmansachs.com/careers/,employer,75,P3 — Selective,Secondary / exact-fit,Finance / Risk,Risk/Compliance Analyst; Data/BI Analyst; Business Analyst; Operations Analyst,Keep any employment type when role-relevant; exclude generic part-time work,"Exclude generic sales, retail, hospitality, customer service and frontline roles",70,Analytics plus market-surveillance project helps; finance pedigree/domain depth is weaker than your business/implementation fit.,visible,core_harshit,yes,strategic_unverified,Strategic target; Ireland relevance not yet proven by dashboard vacancy history,0,0
490,Intel,https://jobs.intel.com/en/search-jobs/Ireland,employer,75,P3 — Selective,Secondary / exact-fit,Finance / Risk,Risk/Compliance Analyst; Data/BI Analyst; Business Analyst; Operations Analyst,Keep any employment type when role-relevant; exclude generic part-time work,"Exclude generic sales, retail, hospitality, customer service and frontline roles",70,Analytics plus market-surveillance project helps; finance pedigree/domain depth is weaker than your business/implementation fit.,visible,core_harshit,yes,validated_live_relevant,Current Republic of Ireland job evidence in target role families,17,2
491,Johnson & Johnson,https://jobs.jnj.com/en/jobs/?search=Ireland,employer,75,P3 — Selective,Secondary / exact-fit,Finance / Risk,Risk/Compliance Analyst; Data/BI Analyst; Business Analyst; Operations Analyst,Keep any employment type when role-relevant; exclude generic part-time work,"Exclude generic sales, retail, hospitality, customer service and frontline roles",70,Analytics plus market-surveillance project helps; finance pedigree/domain depth is weaker than your business/implementation fit.,visible,core_harshit,yes,validated_live_other,"Current Republic of Ireland employment evidence, but no target-role match in latest data",18,0
492,JPMorgan Chase,https://jpmc.fa.oraclecloud.com/hcmUI/CandidateExperience/en/sites/CX_1001/requisitions?location=Ireland,employer,75,P3 — Selective,Secondary / exact-fit,Finance / Risk,Risk/Compliance Analyst; Data/BI Analyst; Business Analyst; Operations Analyst,Keep any employment type when role-relevant; exclude generic part-time work,"Exclude generic sales, retail, hospitality, customer service and frontline roles",70,Analytics plus market-surveillance project helps; finance pedigree/domain depth is weaker than your business/implementation fit.,visible,core_harshit,yes,validated_live_other,"Current Republic of Ireland employment evidence, but no target-role match in latest data",14,0
493,Morgan Stanley,https://morganstanley.tal.net/vx/lang-en-GB/mobile-0/brand-2/user-home,employer,75,P3 — Selective,Secondary / exact-fit,Finance / Risk,Risk/Compliance Analyst; Data/BI Analyst; Business Analyst; Operations Analyst,Keep any employment type when role-relevant; exclude generic part-time work,"Exclude generic sales, retail, hospitality, customer service and frontline roles",70,Analytics plus market-surveillance project helps; finance pedigree/domain depth is weaker than your business/implementation fit.,visible,core_harshit,yes,strategic_unverified,Strategic target; Ireland relevance not yet proven by dashboard vacancy history,0,0
494,PepsiCo,https://www.pepsicojobs.com/,employer,75,P3 — Selective,Secondary / exact-fit,Finance / Risk,Risk/Compliance Analyst; Data/BI Analyst; Business Analyst; Operations Analyst,Keep any employment type when role-relevant; exclude generic part-time work,"Exclude generic sales, retail, hospitality, customer service and frontline roles",70,Analytics plus market-surveillance project helps; finance pedigree/domain depth is weaker than your business/implementation fit.,visible,core_harshit,yes,validated_live_relevant,Current Republic of Ireland job evidence in target role families,5,1
495,Pfizer,https://pfizer.wd1.myworkdayjobs.com/PfizerCareers?locationCountry=0878e1d528b846e38b3940173bc5b43a,employer,75,P3 — Selective,Secondary / exact-fit,Finance / Risk,Risk/Compliance Analyst; Data/BI Analyst; Business Analyst; Operations Analyst,Keep any employment type when role-relevant; exclude generic part-time work,"Exclude generic sales, retail, hospitality, customer service and frontline roles",70,Analytics plus market-surveillance project helps; finance pedigree/domain depth is weaker than your business/implementation fit.,visible,core_harshit,yes,strategic_unverified,Strategic target; Ireland relevance not yet proven by dashboard vacancy history,0,0
496,Siemens,https://www.siemens.com/ie/en/company/jobs.html,employer,75,P3 — Selective,Secondary / exact-fit,Finance / Risk,Risk/Compliance Analyst; Data/BI Analyst; Business Analyst; Operations Analyst,Keep any employment type when role-relevant; exclude generic part-time work,"Exclude generic sales, retail, hospitality, customer service and frontline roles",70,Analytics plus market-surveillance project helps; finance pedigree/domain depth is weaker than your business/implementation fit.,visible,core_harshit,yes,validated_live_other,"Current Republic of Ireland employment evidence, but no target-role match in latest data",3,0
497,Siemens Healthineers,https://www.siemens-healthineers.com/careers,employer,75,P3 — Selective,Secondary / exact-fit,Finance / Risk,Risk/Compliance Analyst; Data/BI Analyst; Business Analyst; Operations Analyst,Keep any employment type when role-relevant; exclude generic part-time work,"Exclude generic sales, retail, hospitality, customer service and frontline roles",70,Analytics plus market-surveillance project helps; finance pedigree/domain depth is weaker than your business/implementation fit.,visible,core_harshit,yes,strategic_unverified,Strategic target; Ireland relevance not yet proven by dashboard vacancy history,0,0
498,SMBC Aviation Capital,https://www.smbc.com/careers,employer,75,P3 — Selective,Secondary / exact-fit,Finance / Risk,Risk/Compliance Analyst; Data/BI Analyst; Business Analyst; Operations Analyst,Keep any employment type when role-relevant; exclude generic part-time work,"Exclude generic sales, retail, hospitality, customer service and frontline roles",70,Analytics plus market-surveillance project helps; finance pedigree/domain depth is weaker than your business/implementation fit.,visible,core_harshit,yes,validated_live_other,"Current Republic of Ireland employment evidence, but no target-role match in latest data",3,0
499,Unilever Ireland,https://careers.unilever.com/,employer,75,P3 — Selective,Secondary / exact-fit,Finance / Risk,Risk/Compliance Analyst; Data/BI Analyst; Business Analyst; Operations Analyst,Keep any employment type when role-relevant; exclude generic part-time work,"Exclude generic sales, retail, hospitality, customer service and frontline roles",70,Analytics plus market-surveillance project helps; finance pedigree/domain depth is weaker than your business/implementation fit.,visible,core_harshit,yes,strategic_unverified,Strategic target; Ireland relevance not yet proven by dashboard vacancy history,0,0
500,Visa,https://search.visa.com/careers?location=Ireland,employer,75,P3 — Selective,Secondary / exact-fit,Finance / Risk,Risk/Compliance Analyst; Data/BI Analyst; Business Analyst; Operations Analyst,Keep any employment type when role-relevant; exclude generic part-time work,"Exclude generic sales, retail, hospitality, customer service and frontline roles",70,Analytics plus market-surveillance project helps; finance pedigree/domain depth is weaker than your business/implementation fit.,visible,core_harshit,yes,strategic_unverified,Strategic target; Ireland relevance not yet proven by dashboard vacancy history,0,0
501,Apple,https://jobs.apple.com/en-ie/search?location=ireland-IRL,employer,74,P4 — Exact-fit only,Low priority,Finance / Risk,Risk/Compliance Analyst; Data/BI Analyst; Business Analyst; Operations Analyst,Keep any employment type when role-relevant; exclude generic part-time work,"Exclude generic sales, retail, hospitality, customer service and frontline roles",59,"Strong analytics/implementation foundation, but brand-selective hiring and role competition make this a reach; referral + exact-role fit matters.",visible,core_harshit,yes,validated_live_relevant,Current Republic of Ireland job evidence in target role families,41,2
502,Monday.com,https://monday.com/careers,employer,74,P3 — Selective,Harshit selective,Enterprise SaaS,Business Systems; Product; Analytics; Operations,Keep any employment type when role-relevant; exclude generic part-time work,"Exclude generic sales, retail, hospitality, customer service and frontline roles",55,SaaS role-family fit; Ireland density to validate,visible,core_harshit,yes,added_external_ireland_role_evidence,SaaS role-family fit; Ireland density to validate,0,0
503,Snowflake,https://careers.snowflake.com/us/en/search-results?m=3&location=Ireland,employer,74,P4 — Exact-fit only,Low priority,Finance / Risk,Risk/Compliance Analyst; Data/BI Analyst; Business Analyst; Operations Analyst,Keep any employment type when role-relevant; exclude generic part-time work,"Exclude generic sales, retail, hospitality, customer service and frontline roles",59,"Strong analytics/implementation foundation, but brand-selective hiring and role competition make this a reach; referral + exact-role fit matters.",visible,core_harshit,yes,validated_live_relevant,Current Republic of Ireland job evidence in target role families,9,2
504,Workday,https://workday.wd5.myworkdayjobs.com/Workday,employer,74,P4 — Exact-fit only,Low priority,Finance / Risk,Risk/Compliance Analyst; Data/BI Analyst; Business Analyst; Operations Analyst,Keep any employment type when role-relevant; exclude generic part-time work,"Exclude generic sales, retail, hospitality, customer service and frontline roles",59,"Strong analytics/implementation foundation, but brand-selective hiring and role competition make this a reach; referral + exact-role fit matters.",visible,core_harshit,yes,validated_live_relevant,Current Republic of Ireland job evidence in target role families,21,2
505,Canva,https://www.canva.com/careers/,employer,73,P3 — Selective,Harshit selective,Technology / SaaS,Data; Product; Analytics; Operations,Keep any employment type when role-relevant; exclude generic part-time work,"Exclude generic sales, retail, hospitality, customer service and frontline roles",55,Strong role fit; Ireland density to validate,visible,core_harshit,yes,added_external_ireland_role_evidence,Strong role fit; Ireland density to validate,0,0
506,Meta,https://www.metacareers.com/jobs?locations[0]=Dublin%2C%20Ireland,employer,72,P4 — Exact-fit only,Low priority,Finance / Risk,Risk/Compliance Analyst; Data/BI Analyst; Business Analyst; Operations Analyst,Keep any employment type when role-relevant; exclude generic part-time work,"Exclude generic sales, retail, hospitality, customer service and frontline roles",59,"Strong analytics/implementation foundation, but brand-selective hiring and role competition make this a reach; referral + exact-role fit matters.",visible,core_harshit,yes,validated_live_relevant,Current Republic of Ireland job evidence in target role families,10,1
507,Microsoft,https://jobs.careers.microsoft.com/global/en/search?lc=Ireland,employer,72,P4 — Exact-fit only,Low priority,Finance / Risk,Risk/Compliance Analyst; Data/BI Analyst; Business Analyst; Operations Analyst,Keep any employment type when role-relevant; exclude generic part-time work,"Exclude generic sales, retail, hospitality, customer service and frontline roles",62,"Strong analytics/implementation foundation, but brand-selective hiring and role competition make this a reach; referral + exact-role fit matters.",visible,core_harshit,yes,validated_live_relevant,Current Republic of Ireland job evidence in target role families,10,1
508,SentinelOne,https://www.sentinelone.com/careers/,employer,72,P3 — Selective,Harshit selective,Cybersecurity / Enterprise Tech,Data; Security Analytics; Operations; Technical Consultant,Keep any employment type when role-relevant; exclude generic part-time work,"Exclude generic sales, retail, hospitality, customer service and frontline roles",55,Cyber/data fit; Ireland density to validate,visible,core_harshit,yes,added_external_ireland_role_evidence,Cyber/data fit; Ireland density to validate,0,0
509,CPL Resources,https://www.cpl.com/careers,recruiter,70,P3 — Selective,Harshit selective,Recruitment / Staffing,Business Analyst; Data Analyst; Transformation; Project,Keep any employment type when role-relevant; exclude generic part-time work,"Exclude generic sales, retail, hospitality, customer service and frontline roles",55,Recruiter source with strong target-role vacancy evidence,visible,core_harshit,yes,added_external_ireland_role_evidence,Recruiter source with strong target-role vacancy evidence,0,0
510,KLA Corporation,https://www.kla.com/careers,employer,70,P3 — Selective,Harshit selective,Semiconductors / Technology,Data; Operations; Business Systems; Project,Keep any employment type when role-relevant; exclude generic part-time work,"Exclude generic sales, retail, hospitality, customer service and frontline roles",55,Selective semiconductor/operations fit,visible,core_harshit,yes,added_external_ireland_role_evidence,Selective semiconductor/operations fit,0,0
511,Lonza,https://www.lonza.com/careers,employer,70,P3 — Selective,Harshit selective,Life Sciences,Digital; Analytics; Supply Chain; Business Systems,Keep any employment type when role-relevant; exclude generic part-time work,"Exclude generic sales, retail, hospitality, customer service and frontline roles",55,Selective corporate/digital life-sciences fit,visible,core_harshit,yes,added_external_ireland_role_evidence,Selective corporate/digital life-sciences fit,0,0
512,Micron Technology,https://www.micron.com/careers,employer,70,P3 — Selective,Harshit selective,Semiconductors / Technology,Data; Operations; Business Systems; Project,Keep any employment type when role-relevant; exclude generic part-time work,"Exclude generic sales, retail, hospitality, customer service and frontline roles",55,Selective semiconductor/data fit,visible,core_harshit,yes,added_external_ireland_role_evidence,Selective semiconductor/data fit,0,0
513,Western Digital,https://jobs.westerndigital.com/,employer,68,P3 — Selective,Harshit selective,Data Storage / Technology,Data; Operations; Business Systems; Supply Chain,Keep any employment type when role-relevant; exclude generic part-time work,"Exclude generic sales, retail, hospitality, customer service and frontline roles",55,Historical Ireland employment; selective role fit,visible,core_harshit,yes,added_external_ireland_role_evidence,Historical Ireland employment; selective role fit,0,0
514,Adobe,https://adobe.wd5.myworkdayjobs.com/external_experienced,employer,64,P4 — Exact-fit only,Low priority,Finance / Risk,Risk/Compliance Analyst; Data/BI Analyst; Business Analyst; Operations Analyst,Keep any employment type when role-relevant; exclude generic part-time work,"Exclude generic sales, retail, hospitality, customer service and frontline roles",59,"Strong analytics/implementation foundation, but brand-selective hiring and role competition make this a reach; referral + exact-role fit matters.",hidden,lower_priority_companies,yes,validated_live_other,"Current Republic of Ireland employment evidence, but no target-role match in latest data",2,0
515,Airbnb,https://careers.airbnb.com/,employer,64,P4 — Exact-fit only,Low priority,Finance / Risk,Risk/Compliance Analyst; Data/BI Analyst; Business Analyst; Operations Analyst,Keep any employment type when role-relevant; exclude generic part-time work,"Exclude generic sales, retail, hospitality, customer service and frontline roles",59,"Strong analytics/implementation foundation, but brand-selective hiring and role competition make this a reach; referral + exact-role fit matters.",hidden,lower_priority_companies,yes,validated_live_other,"Current Republic of Ireland employment evidence, but no target-role match in latest data",1,0
516,Atlassian,https://www.atlassian.com/company/careers/jobs?location=Dublin,employer,64,P4 — Exact-fit only,Low priority,Finance / Risk,Risk/Compliance Analyst; Data/BI Analyst; Business Analyst; Operations Analyst,Keep any employment type when role-relevant; exclude generic part-time work,"Exclude generic sales, retail, hospitality, customer service and frontline roles",59,"Strong analytics/implementation foundation, but brand-selective hiring and role competition make this a reach; referral + exact-role fit matters.",hidden,lower_priority_companies,yes,strategic_unverified,Strategic target; Ireland relevance not yet proven by dashboard vacancy history,0,0
517,Coinbase,https://www.coinbase.com/careers/positions?location=dublin,employer,64,P4 — Exact-fit only,Low priority,Finance / Risk,Risk/Compliance Analyst; Data/BI Analyst; Business Analyst; Operations Analyst,Keep any employment type when role-relevant; exclude generic part-time work,"Exclude generic sales, retail, hospitality, customer service and frontline roles",59,"Strong analytics/implementation foundation, but brand-selective hiring and role competition make this a reach; referral + exact-role fit matters.",hidden,lower_priority_companies,yes,validated_live_other,"Current Republic of Ireland employment evidence, but no target-role match in latest data",1,0
518,Datadog,https://www.datadoghq.com/careers/,employer,64,P4 — Exact-fit only,Low priority,Finance / Risk,Risk/Compliance Analyst; Data/BI Analyst; Business Analyst; Operations Analyst,Keep any employment type when role-relevant; exclude generic part-time work,"Exclude generic sales, retail, hospitality, customer service and frontline roles",59,"Strong analytics/implementation foundation, but brand-selective hiring and role competition make this a reach; referral + exact-role fit matters.",hidden,lower_priority_companies,yes,validated_live_other,"Current Republic of Ireland employment evidence, but no target-role match in latest data",25,0
519,Dropbox,https://www.dropbox.com/jobs/all-jobs,employer,64,P4 — Exact-fit only,Low priority,Finance / Risk,Risk/Compliance Analyst; Data/BI Analyst; Business Analyst; Operations Analyst,Keep any employment type when role-relevant; exclude generic part-time work,"Exclude generic sales, retail, hospitality, customer service and frontline roles",59,"Strong analytics/implementation foundation, but brand-selective hiring and role competition make this a reach; referral + exact-role fit matters.",hidden,lower_priority_companies,yes,strategic_unverified,Strategic target; Ireland relevance not yet proven by dashboard vacancy history,0,0
520,HubSpot,https://www.hubspot.com/careers/jobs?location=dublin,employer,64,P4 — Exact-fit only,Low priority,Finance / Risk,Risk/Compliance Analyst; Data/BI Analyst; Business Analyst; Operations Analyst,Keep any employment type when role-relevant; exclude generic part-time work,"Exclude generic sales, retail, hospitality, customer service and frontline roles",59,"Strong analytics/implementation foundation, but brand-selective hiring and role competition make this a reach; referral + exact-role fit matters.",hidden,lower_priority_companies,yes,validated_live_other,"Current Republic of Ireland employment evidence, but no target-role match in latest data",37,0
521,LinkedIn,https://careers.linkedin.com/Locations/Dublin,employer,64,P4 — Exact-fit only,Low priority,Finance / Risk,Risk/Compliance Analyst; Data/BI Analyst; Business Analyst; Operations Analyst,Keep any employment type when role-relevant; exclude generic part-time work,"Exclude generic sales, retail, hospitality, customer service and frontline roles",59,"Strong analytics/implementation foundation, but brand-selective hiring and role competition make this a reach; referral + exact-role fit matters.",hidden,lower_priority_companies,yes,strategic_unverified,Strategic target; Ireland relevance not yet proven by dashboard vacancy history,0,0
522,Pinterest,https://www.pinterestcareers.com/en/jobs/?location=Dublin,employer,64,P4 — Exact-fit only,Low priority,Finance / Risk,Risk/Compliance Analyst; Data/BI Analyst; Business Analyst; Operations Analyst,Keep any employment type when role-relevant; exclude generic part-time work,"Exclude generic sales, retail, hospitality, customer service and frontline roles",59,"Strong analytics/implementation foundation, but brand-selective hiring and role competition make this a reach; referral + exact-role fit matters.",hidden,lower_priority_companies,yes,validated_live_other,"Current Republic of Ireland employment evidence, but no target-role match in latest data",13,0
523,ServiceNow,https://careers.servicenow.com/jobs?location=Dublin%2C%20Ireland,employer,64,P4 — Exact-fit only,Low priority,Finance / Risk,Risk/Compliance Analyst; Data/BI Analyst; Business Analyst; Operations Analyst,Keep any employment type when role-relevant; exclude generic part-time work,"Exclude generic sales, retail, hospitality, customer service and frontline roles",59,"Strong analytics/implementation foundation, but brand-selective hiring and role competition make this a reach; referral + exact-role fit matters.",hidden,lower_priority_companies,yes,validated_live_other,"Current Republic of Ireland employment evidence, but no target-role match in latest data",5,0
524,Slack,https://salesforce.wd12.myworkdayjobs.com/Slack,employer,64,P4 — Exact-fit only,Low priority,Finance / Risk,Risk/Compliance Analyst; Data/BI Analyst; Business Analyst; Operations Analyst,Keep any employment type when role-relevant; exclude generic part-time work,"Exclude generic sales, retail, hospitality, customer service and frontline roles",59,"Strong analytics/implementation foundation, but brand-selective hiring and role competition make this a reach; referral + exact-role fit matters.",hidden,lower_priority_companies,yes,strategic_unverified,Strategic target; Ireland relevance not yet proven by dashboard vacancy history,0,0
525,TikTok,https://careers.tiktok.com/position?keyword=&location=Dublin%2C+Ireland,employer,64,P4 — Exact-fit only,Low priority,Finance / Risk,Risk/Compliance Analyst; Data/BI Analyst; Business Analyst; Operations Analyst,Keep any employment type when role-relevant; exclude generic part-time work,"Exclude generic sales, retail, hospitality, customer service and frontline roles",59,"Strong analytics/implementation foundation, but brand-selective hiring and role competition make this a reach; referral + exact-role fit matters.",hidden,lower_priority_companies,yes,validated_live_other,"Current Republic of Ireland employment evidence, but no target-role match in latest data",12,0
526,Twilio,https://www.twilio.com/en-us/company/jobs,employer,64,P4 — Exact-fit only,Low priority,Finance / Risk,Risk/Compliance Analyst; Data/BI Analyst; Business Analyst; Operations Analyst,Keep any employment type when role-relevant; exclude generic part-time work,"Exclude generic sales, retail, hospitality, customer service and frontline roles",59,"Strong analytics/implementation foundation, but brand-selective hiring and role competition make this a reach; referral + exact-role fit matters.",hidden,lower_priority_companies,yes,validated_live_other,"Current Republic of Ireland employment evidence, but no target-role match in latest data",12,0
527,Klaviyo,https://www.klaviyo.com/careers,employer,63,P4 — Exact-fit only,Low priority,Technology / SaaS,Data/BI Analyst; Business Operations Analyst; Customer/Revenue Analytics; Implementation/CS Ops,Keep any employment type when role-relevant; exclude generic part-time work,"Exclude generic sales, retail, hospitality, customer service and frontline roles",42,"Strong analytics/implementation foundation, but brand-selective hiring and role competition make this a reach; referral + exact-role fit matters.",hidden,lower_priority_companies,yes,validated_live_other,"Current Republic of Ireland employment evidence, but no target-role match in latest data",14,0
528,OpenAI,https://openai.com/careers/,employer,63,P4 — Exact-fit only,Low priority,Technology / SaaS,Data/BI Analyst; Business Operations Analyst; Customer/Revenue Analytics; Implementation/CS Ops,Keep any employment type when role-relevant; exclude generic part-time work,"Exclude generic sales, retail, hospitality, customer service and frontline roles",42,"Strong analytics/implementation foundation, but brand-selective hiring and role competition make this a reach; referral + exact-role fit matters.",hidden,lower_priority_companies,yes,validated_live_other,"Current Republic of Ireland employment evidence, but no target-role match in latest data",18,0
529,Bio-Rad Laboratories,https://www.bio-rad.com/en-ie/category/careers,employer,62,P4 — Exact-fit only,Harshit selective,Life Sciences / Diagnostics,Data; Operations; Digital; Business Systems,Keep any employment type when role-relevant; exclude generic part-time work,"Exclude generic sales, retail, hospitality, customer service and frontline roles",55,Life-sciences corporate fit; exact roles only,hidden,lower_priority_companies,yes,added_external_ireland_role_evidence,Life-sciences corporate fit; exact roles only,0,0
530,Bruker,https://www.bruker.com/en/landingpages/careers.html,employer,62,P4 — Exact-fit only,Harshit selective,Scientific Technology,Data; Operations; Digital; Business Systems,Keep any employment type when role-relevant; exclude generic part-time work,"Exclude generic sales, retail, hospitality, customer service and frontline roles",55,Scientific-tech corporate fit; exact roles only,hidden,lower_priority_companies,yes,added_external_ireland_role_evidence,Scientific-tech corporate fit; exact roles only,0,0
531,Fastly,https://www.fastly.com/about/careers/,employer,62,P4 — Exact-fit only,Harshit selective,Cloud / Edge Technology,Data; Technical Operations; Solutions,Keep any employment type when role-relevant; exclude generic part-time work,"Exclude generic sales, retail, hospitality, customer service and frontline roles",55,Strong technical fit; Ireland density unverified,hidden,lower_priority_companies,yes,added_external_ireland_role_evidence,Strong technical fit; Ireland density unverified,0,0
532,Biotronik,https://www.biotronik.com/en-us/careers,employer,58,P4 — Exact-fit only,Harshit selective,Medical Devices,Data; Operations; Digital; Business Systems,Keep any employment type when role-relevant; exclude generic part-time work,"Exclude generic sales, retail, hospitality, customer service and frontline roles",55,Medical-device exact-fit target,hidden,lower_priority_companies,yes,added_external_ireland_role_evidence,Medical-device exact-fit target,0,0
533,Tandem Diabetes Care,https://www.tandemdiabetes.com/about-us/careers,employer,58,P4 — Exact-fit only,Harshit selective,Medical Devices,Data; Operations; Digital; Business Systems,Keep any employment type when role-relevant; exclude generic part-time work,"Exclude generic sales, retail, hospitality, customer service and frontline roles",55,Medical-device exact-fit target,hidden,lower_priority_companies,yes,added_external_ireland_role_evidence,Medical-device exact-fit target,0,0
534,Alvarez & Marsal,https://www.alvarezandmarsal.com/careers,employer,55,P4 — Exact-fit only,Low priority,Strategy / Consulting,Technology/Data Consultant; Business Analyst; Transformation Consultant,Keep any employment type when role-relevant; exclude generic part-time work,"Exclude generic sales, retail, hospitality, customer service and frontline roles",34,"Profile has consulting/client strengths, but generalist strategy hiring is exceptionally selective; target data/tech/transformation tracks.",hidden,lower_priority_companies,yes,strategic_unverified,Strategic target; Ireland relevance not yet proven by dashboard vacancy history,0,0
535,McKinsey & Company,https://www.mckinsey.com/careers/search-jobs?locations=Dublin,employer,55,P4 — Exact-fit only,Low priority,Strategy / Consulting,Technology/Data Consultant; Business Analyst; Transformation Consultant,Keep any employment type when role-relevant; exclude generic part-time work,"Exclude generic sales, retail, hospitality, customer service and frontline roles",34,"Profile has consulting/client strengths, but generalist strategy hiring is exceptionally selective; target data/tech/transformation tracks.",hidden,lower_priority_companies,yes,strategic_unverified,Strategic target; Ireland relevance not yet proven by dashboard vacancy history,0,0
536,Oliver Wyman,https://www.oliverwyman.com/careers.html,employer,55,P4 — Exact-fit only,Low priority,Strategy / Consulting,Technology/Data Consultant; Business Analyst; Transformation Consultant,Keep any employment type when role-relevant; exclude generic part-time work,"Exclude generic sales, retail, hospitality, customer service and frontline roles",34,"Profile has consulting/client strengths, but generalist strategy hiring is exceptionally selective; target data/tech/transformation tracks.",hidden,lower_priority_companies,yes,strategic_unverified,Strategic target; Ireland relevance not yet proven by dashboard vacancy history,0,0
537,ABP Food Group,https://abpfoodgroup.com/careers/,employer,0,P5 — Optional / low-density,Optional,,Only show role-relevant corporate/analytics/BI/BA/ERP/technology/transformation vacancies,Keep only profile-relevant professional roles; part-time allowed only when directly relevant,"Exclude generic sales, retail, hospitality, customer service, frontline, warehouse and unrelated operational roles",,Manufacturing/food operations dominate hiring; low density of target corporate role families.,hidden,lower_priority_companies,yes,strategic_unverified,Strategic target; Ireland relevance not yet proven by dashboard vacancy history,0,0
538,Adecco Ireland,https://www.adecco.com/en-ie/job-search,employer,0,P5 — Optional / low-density,Optional,,Only show role-relevant corporate/analytics/BI/BA/ERP/technology/transformation vacancies,Keep only profile-relevant professional roles; part-time allowed only when directly relevant,"Exclude generic sales, retail, hospitality, customer service, frontline, warehouse and unrelated operational roles",,Recruitment agency/intermediary; duplicates client vacancies and adds less career intelligence than monitoring employers directly.,hidden,lower_priority_companies,yes,strategic_unverified,Strategic target; Ireland relevance not yet proven by dashboard vacancy history,0,0
539,Aldi Ireland,https://www.aldirecruitment.ie/,employer,0,P5 — Optional / low-density,Optional,,Only show role-relevant corporate/analytics/BI/BA/ERP/technology/transformation vacancies,Keep only profile-relevant professional roles; part-time allowed only when directly relevant,"Exclude generic sales, retail, hospitality, customer service, frontline, warehouse and unrelated operational roles",,"Hiring is predominantly store, warehouse and frontline operations; low density of target analytics/consulting/technology roles.",hidden,lower_priority_companies,yes,strategic_unverified,Strategic target; Ireland relevance not yet proven by dashboard vacancy history,0,0
540,Applegreen,https://www.applegreenstores.com/careers,employer,0,P5 — Optional / low-density,Optional,Retail / Energy,Only show role-relevant corporate/analytics/BI/BA/ERP/technology/transformation vacancies,Keep only profile-relevant professional roles; part-time allowed only when directly relevant,"Exclude generic sales, retail, hospitality, customer service, frontline, warehouse and unrelated operational roles",,Predominantly retail/site operations and frontline hiring; low target-role density.,hidden,lower_priority_companies,yes,strategic_unverified,Strategic target; Ireland relevance not yet proven by dashboard vacancy history,0,0
541,Approach People Recruitment,https://approachpeople.com,employer,0,P5 — Optional / low-density,Optional,,Only show role-relevant corporate/analytics/BI/BA/ERP/technology/transformation vacancies,Keep only profile-relevant professional roles; part-time allowed only when directly relevant,"Exclude generic sales, retail, hospitality, customer service, frontline, warehouse and unrelated operational roles",,Recruitment agency/intermediary; direct-employer sources are more useful for a curated corporate radar.,hidden,lower_priority_companies,yes,strategic_unverified,Strategic target; Ireland relevance not yet proven by dashboard vacancy history,0,0
542,Aramark Ireland,https://aramarkcareers.com/Northern-Europe/,employer,0,P5 — Optional / low-density,Optional,Facilities / Food Services,Only show role-relevant corporate/analytics/BI/BA/ERP/technology/transformation vacancies,Keep only profile-relevant professional roles; part-time allowed only when directly relevant,"Exclude generic sales, retail, hospitality, customer service, frontline, warehouse and unrelated operational roles",,"Facilities, food-service and frontline operations dominate; low density of target professional roles.",hidden,lower_priority_companies,yes,strategic_unverified,Strategic target; Ireland relevance not yet proven by dashboard vacancy history,0,0
543,B&Q Ireland,https://www.kingfishercareers.com/b-and-q,employer,0,P5 — Optional / low-density,Optional,,Only show role-relevant corporate/analytics/BI/BA/ERP/technology/transformation vacancies,Keep only profile-relevant professional roles; part-time allowed only when directly relevant,"Exclude generic sales, retail, hospitality, customer service, frontline, warehouse and unrelated operational roles",,Store/frontline-heavy hiring; limited relevance to the target corporate role families.,hidden,lower_priority_companies,yes,strategic_unverified,Strategic target; Ireland relevance not yet proven by dashboard vacancy history,0,0
544,BAM Ireland,https://www.bamireland.ie/careers/,employer,0,P5 — Optional / low-density,Optional,,Only show role-relevant corporate/analytics/BI/BA/ERP/technology/transformation vacancies,Keep only profile-relevant professional roles; part-time allowed only when directly relevant,"Exclude generic sales, retail, hospitality, customer service, frontline, warehouse and unrelated operational roles",,Construction/project-delivery hiring is trade/site-heavy; limited density of target analytics/technology roles.,hidden,lower_priority_companies,yes,strategic_unverified,Strategic target; Ireland relevance not yet proven by dashboard vacancy history,0,0
545,Bidvest Noonan,https://careers.bidvestnoonan.com/,employer,0,P5 — Optional / low-density,Optional,Facilities / Security Services,Only show role-relevant corporate/analytics/BI/BA/ERP/technology/transformation vacancies,Keep only profile-relevant professional roles; part-time allowed only when directly relevant,"Exclude generic sales, retail, hospitality, customer service, frontline, warehouse and unrelated operational roles",,Facilities/security/frontline-heavy workforce; low target-role density.,hidden,lower_priority_companies,yes,strategic_unverified,Strategic target; Ireland relevance not yet proven by dashboard vacancy history,0,0
546,Boots Ireland,https://www.boots.jobs/search-jobs/Ireland,employer,0,P5 — Optional / low-density,Optional,,Only show role-relevant corporate/analytics/BI/BA/ERP/technology/transformation vacancies,Keep only profile-relevant professional roles; part-time allowed only when directly relevant,"Exclude generic sales, retail, hospitality, customer service, frontline, warehouse and unrelated operational roles",,Large retail/pharmacy frontline mix; corporate analytics opportunities are too sparse for a top-500 career radar.,hidden,lower_priority_companies,yes,strategic_unverified,Strategic target; Ireland relevance not yet proven by dashboard vacancy history,0,0
547,Brightwater,https://www.brightwater.ie/jobs,employer,0,P5 — Optional / low-density,Optional,,Only show role-relevant corporate/analytics/BI/BA/ERP/technology/transformation vacancies,Keep only profile-relevant professional roles; part-time allowed only when directly relevant,"Exclude generic sales, retail, hospitality, customer service, frontline, warehouse and unrelated operational roles",,Recruitment agency/intermediary; lower value than direct corporate career-site coverage.,hidden,lower_priority_companies,yes,strategic_unverified,Strategic target; Ireland relevance not yet proven by dashboard vacancy history,0,0
548,Brown Thomas Arnotts,https://www.brownthomas.com/careers.html,employer,0,P5 — Optional / low-density,Optional,,Only show role-relevant corporate/analytics/BI/BA/ERP/technology/transformation vacancies,Keep only profile-relevant professional roles; part-time allowed only when directly relevant,"Exclude generic sales, retail, hospitality, customer service, frontline, warehouse and unrelated operational roles",,Retail/store-heavy workforce; low density of target roles.,hidden,lower_priority_companies,yes,strategic_unverified,Strategic target; Ireland relevance not yet proven by dashboard vacancy history,0,0
549,Carbery Group,https://www.carbery.com/careers/,employer,0,P5 — Optional / low-density,Optional,,Only show role-relevant corporate/analytics/BI/BA/ERP/technology/transformation vacancies,Keep only profile-relevant professional roles; part-time allowed only when directly relevant,"Exclude generic sales, retail, hospitality, customer service, frontline, warehouse and unrelated operational roles",,Food/manufacturing operations dominate; target analytics/consulting roles are comparatively sparse.,hidden,lower_priority_companies,yes,strategic_unverified,Strategic target; Ireland relevance not yet proven by dashboard vacancy history,0,0
550,Circle K Ireland,https://www.circlek.ie/careers,employer,0,P5 — Optional / low-density,Optional,Retail / Energy,Only show role-relevant corporate/analytics/BI/BA/ERP/technology/transformation vacancies,Keep only profile-relevant professional roles; part-time allowed only when directly relevant,"Exclude generic sales, retail, hospitality, customer service, frontline, warehouse and unrelated operational roles",,Retail/service-station operations dominate hiring; limited target-role density.,hidden,lower_priority_companies,yes,strategic_unverified,Strategic target; Ireland relevance not yet proven by dashboard vacancy history,0,0
551,Clayton Hotels,https://www.claytonhotels.com/careers/,employer,0,P5 — Optional / low-density,Optional,,Only show role-relevant corporate/analytics/BI/BA/ERP/technology/transformation vacancies,Keep only profile-relevant professional roles; part-time allowed only when directly relevant,"Exclude generic sales, retail, hospitality, customer service, frontline, warehouse and unrelated operational roles",,Hospitality operations dominate; limited relevance to target career families.,hidden,lower_priority_companies,yes,strategic_unverified,Strategic target; Ireland relevance not yet proven by dashboard vacancy history,0,0
552,Collen Construction,https://collen.com/careers/,employer,0,P5 — Optional / low-density,Optional,Construction / Data Centres,Only show role-relevant corporate/analytics/BI/BA/ERP/technology/transformation vacancies,Keep only profile-relevant professional roles; part-time allowed only when directly relevant,"Exclude generic sales, retail, hospitality, customer service, frontline, warehouse and unrelated operational roles",,Construction/project-delivery focused; limited target-role density.,hidden,lower_priority_companies,yes,strategic_unverified,Strategic target; Ireland relevance not yet proven by dashboard vacancy history,0,0
553,Compass Group Ireland,https://www.compass-group.ie/join-the-family/careers/,employer,0,P5 — Optional / low-density,Optional,Facilities / Food Services,Only show role-relevant corporate/analytics/BI/BA/ERP/technology/transformation vacancies,Keep only profile-relevant professional roles; part-time allowed only when directly relevant,"Exclude generic sales, retail, hospitality, customer service, frontline, warehouse and unrelated operational roles",,Food-service/facilities operations dominate; low target-role density.,hidden,lower_priority_companies,yes,strategic_unverified,Strategic target; Ireland relevance not yet proven by dashboard vacancy history,0,0
554,Cpl,https://cpl.com,employer,0,P5 — Optional / low-density,Optional,Recruitment Agencies (check direct portals),Only show role-relevant corporate/analytics/BI/BA/ERP/technology/transformation vacancies,Keep only profile-relevant professional roles; part-time allowed only when directly relevant,"Exclude generic sales, retail, hospitality, customer service, frontline, warehouse and unrelated operational roles",,Recruitment agency/intermediary; client vacancies can duplicate employer listings.,hidden,lower_priority_companies,yes,strategic_unverified,Strategic target; Ireland relevance not yet proven by dashboard vacancy history,0,0
555,Currys Ireland,https://curryscareers.co.uk/content/Ireland/?locale=en_US,employer,0,P5 — Optional / low-density,Optional,,Only show role-relevant corporate/analytics/BI/BA/ERP/technology/transformation vacancies,Keep only profile-relevant professional roles; part-time allowed only when directly relevant,"Exclude generic sales, retail, hospitality, customer service, frontline, warehouse and unrelated operational roles",,Retail/store and logistics-heavy hiring; lower career-fit density.,hidden,lower_priority_companies,yes,strategic_unverified,Strategic target; Ireland relevance not yet proven by dashboard vacancy history,0,0
556,Dairygold,https://www.dairygold.ie/careers/,employer,0,P5 — Optional / low-density,Optional,,Only show role-relevant corporate/analytics/BI/BA/ERP/technology/transformation vacancies,Keep only profile-relevant professional roles; part-time allowed only when directly relevant,"Exclude generic sales, retail, hospitality, customer service, frontline, warehouse and unrelated operational roles",,Agrifood/manufacturing operations dominate; lower target-role density.,hidden,lower_priority_companies,yes,strategic_unverified,Strategic target; Ireland relevance not yet proven by dashboard vacancy history,0,0
557,Dawn Meats,https://www.dawnmeats.com/careers/,employer,0,P5 — Optional / low-density,Optional,,Only show role-relevant corporate/analytics/BI/BA/ERP/technology/transformation vacancies,Keep only profile-relevant professional roles; part-time allowed only when directly relevant,"Exclude generic sales, retail, hospitality, customer service, frontline, warehouse and unrelated operational roles",,Food/manufacturing/frontline operations dominate; low target-role density.,hidden,lower_priority_companies,yes,strategic_unverified,Strategic target; Ireland relevance not yet proven by dashboard vacancy history,0,0
558,Decathlon Ireland,https://www.decathlon.ie/careers,employer,0,P5 — Optional / low-density,Optional,,Only show role-relevant corporate/analytics/BI/BA/ERP/technology/transformation vacancies,Keep only profile-relevant professional roles; part-time allowed only when directly relevant,"Exclude generic sales, retail, hospitality, customer service, frontline, warehouse and unrelated operational roles",,Retail/store hiring dominates; limited target corporate analytics/technology roles.,hidden,lower_priority_companies,yes,strategic_unverified,Strategic target; Ireland relevance not yet proven by dashboard vacancy history,0,0
559,Designer Group,https://designergrp.com/careers/,employer,0,P5 — Optional / low-density,Optional,Engineering / Construction,Only show role-relevant corporate/analytics/BI/BA/ERP/technology/transformation vacancies,Keep only profile-relevant professional roles; part-time allowed only when directly relevant,"Exclude generic sales, retail, hospitality, customer service, frontline, warehouse and unrelated operational roles",,Engineering/construction project delivery dominates; lower fit than digital/consulting alternatives.,hidden,lower_priority_companies,yes,strategic_unverified,Strategic target; Ireland relevance not yet proven by dashboard vacancy history,0,0
560,Dornan,https://www.dornangroup.com/careers/,employer,0,P5 — Optional / low-density,Optional,Engineering / Construction,Only show role-relevant corporate/analytics/BI/BA/ERP/technology/transformation vacancies,Keep only profile-relevant professional roles; part-time allowed only when directly relevant,"Exclude generic sales, retail, hospitality, customer service, frontline, warehouse and unrelated operational roles",,Engineering/construction project delivery dominates; limited target-role density.,hidden,lower_priority_companies,yes,strategic_unverified,Strategic target; Ireland relevance not yet proven by dashboard vacancy history,0,0
561,Dunnes Stores,https://www.dunnesstores.com/c/careers,employer,0,P5 — Optional / low-density,Optional,,Only show role-relevant corporate/analytics/BI/BA/ERP/technology/transformation vacancies,Keep only profile-relevant professional roles; part-time allowed only when directly relevant,"Exclude generic sales, retail, hospitality, customer service, frontline, warehouse and unrelated operational roles",,Retail/store and distribution hiring dominate; low target-role density.,hidden,lower_priority_companies,yes,strategic_unverified,Strategic target; Ireland relevance not yet proven by dashboard vacancy history,0,0
562,Eason,https://www.easons.com/careers,employer,0,P5 — Optional / low-density,Optional,,Only show role-relevant corporate/analytics/BI/BA/ERP/technology/transformation vacancies,Keep only profile-relevant professional roles; part-time allowed only when directly relevant,"Exclude generic sales, retail, hospitality, customer service, frontline, warehouse and unrelated operational roles",,Retail/store-heavy employer; limited target-role density.,hidden,lower_priority_companies,yes,strategic_unverified,Strategic target; Ireland relevance not yet proven by dashboard vacancy history,0,0
563,Flynn,https://flynn.ie/careers/,employer,0,P5 — Optional / low-density,Optional,Construction,Only show role-relevant corporate/analytics/BI/BA/ERP/technology/transformation vacancies,Keep only profile-relevant professional roles; part-time allowed only when directly relevant,"Exclude generic sales, retail, hospitality, customer service, frontline, warehouse and unrelated operational roles",,Construction/project-delivery focused; low target-role density.,hidden,lower_priority_companies,yes,strategic_unverified,Strategic target; Ireland relevance not yet proven by dashboard vacancy history,0,0
564,FRS Recruitment,https://frsrecruitment.com,employer,0,P5 — Optional / low-density,Optional,,Only show role-relevant corporate/analytics/BI/BA/ERP/technology/transformation vacancies,Keep only profile-relevant professional roles; part-time allowed only when directly relevant,"Exclude generic sales, retail, hospitality, customer service, frontline, warehouse and unrelated operational roles",,Recruitment agency/intermediary; broad staffing mix rather than a target corporate employer.,hidden,lower_priority_companies,yes,strategic_unverified,Strategic target; Ireland relevance not yet proven by dashboard vacancy history,0,0
565,H&M Ireland,https://career.hm.com/,employer,0,P5 — Optional / low-density,Optional,,Only show role-relevant corporate/analytics/BI/BA/ERP/technology/transformation vacancies,Keep only profile-relevant professional roles; part-time allowed only when directly relevant,"Exclude generic sales, retail, hospitality, customer service, frontline, warehouse and unrelated operational roles",,Retail/store hiring dominates; low relevance to target role families.,hidden,lower_priority_companies,yes,strategic_unverified,Strategic target; Ireland relevance not yet proven by dashboard vacancy history,0,0
566,Halfords Ireland,https://www.halfordscareers.com/,employer,0,P5 — Optional / low-density,Optional,,Only show role-relevant corporate/analytics/BI/BA/ERP/technology/transformation vacancies,Keep only profile-relevant professional roles; part-time allowed only when directly relevant,"Exclude generic sales, retail, hospitality, customer service, frontline, warehouse and unrelated operational roles",,Retail/service operations dominate; limited corporate analytics/consulting role density.,hidden,lower_priority_companies,yes,strategic_unverified,Strategic target; Ireland relevance not yet proven by dashboard vacancy history,0,0
567,Harvey Nash Ireland,https://www.harveynash.ie/,employer,0,P5 — Optional / low-density,Optional,,Only show role-relevant corporate/analytics/BI/BA/ERP/technology/transformation vacancies,Keep only profile-relevant professional roles; part-time allowed only when directly relevant,"Exclude generic sales, retail, hospitality, customer service, frontline, warehouse and unrelated operational roles",,Recruitment agency/intermediary; direct employer monitoring is cleaner and less duplicative.,hidden,lower_priority_companies,yes,strategic_unverified,Strategic target; Ireland relevance not yet proven by dashboard vacancy history,0,0
568,Harvey Norman Ireland,https://www.harveynorman.ie/careers.html,employer,0,P5 — Optional / low-density,Optional,Retail,Only show role-relevant corporate/analytics/BI/BA/ERP/technology/transformation vacancies,Keep only profile-relevant professional roles; part-time allowed only when directly relevant,"Exclude generic sales, retail, hospitality, customer service, frontline, warehouse and unrelated operational roles",,Retail/store and logistics-heavy; low target-role density.,hidden,lower_priority_companies,yes,strategic_unverified,Strategic target; Ireland relevance not yet proven by dashboard vacancy history,0,0
569,Hays Ireland,https://www.hays.ie/job-search,employer,0,P5 — Optional / low-density,Optional,,Only show role-relevant corporate/analytics/BI/BA/ERP/technology/transformation vacancies,Keep only profile-relevant professional roles; part-time allowed only when directly relevant,"Exclude generic sales, retail, hospitality, customer service, frontline, warehouse and unrelated operational roles",,Recruitment agency/intermediary; broad staffing listings rather than one target corporate career path.,hidden,lower_priority_companies,yes,strategic_unverified,Strategic target; Ireland relevance not yet proven by dashboard vacancy history,0,0
570,Holland & Barrett Ireland,https://www.hollandandbarrett.com/careers/,employer,0,P5 — Optional / low-density,Optional,,Only show role-relevant corporate/analytics/BI/BA/ERP/technology/transformation vacancies,Keep only profile-relevant professional roles; part-time allowed only when directly relevant,"Exclude generic sales, retail, hospitality, customer service, frontline, warehouse and unrelated operational roles",,Retail/store-heavy hiring; limited target corporate role density.,hidden,lower_priority_companies,yes,strategic_unverified,Strategic target; Ireland relevance not yet proven by dashboard vacancy history,0,0
571,IKEA Ireland,https://jobs.ikea.com/,employer,0,P5 — Optional / low-density,Optional,Retail,Only show role-relevant corporate/analytics/BI/BA/ERP/technology/transformation vacancies,Keep only profile-relevant professional roles; part-time allowed only when directly relevant,"Exclude generic sales, retail, hospitality, customer service, frontline, warehouse and unrelated operational roles",,Large retail/operations workforce; target corporate roles are comparatively infrequent in Ireland.,hidden,lower_priority_companies,yes,strategic_unverified,Strategic target; Ireland relevance not yet proven by dashboard vacancy history,0,0
572,Intersport Elverys,https://www.elverys.ie/careers,employer,0,P5 — Optional / low-density,Optional,,Only show role-relevant corporate/analytics/BI/BA/ERP/technology/transformation vacancies,Keep only profile-relevant professional roles; part-time allowed only when directly relevant,"Exclude generic sales, retail, hospitality, customer service, frontline, warehouse and unrelated operational roles",,Retail/store-heavy employer; low target-role density.,hidden,lower_priority_companies,yes,strategic_unverified,Strategic target; Ireland relevance not yet proven by dashboard vacancy history,0,0
573,JD Sports Ireland,https://www.jdsports.co.uk/page/careers/,employer,0,P5 — Optional / low-density,Optional,,Only show role-relevant corporate/analytics/BI/BA/ERP/technology/transformation vacancies,Keep only profile-relevant professional roles; part-time allowed only when directly relevant,"Exclude generic sales, retail, hospitality, customer service, frontline, warehouse and unrelated operational roles",,Retail/store-heavy hiring; limited relevance to target career families.,hidden,lower_priority_companies,yes,strategic_unverified,Strategic target; Ireland relevance not yet proven by dashboard vacancy history,0,0
574,John Paul Construction,https://www.johnpaul.ie/careers/,employer,0,P5 — Optional / low-density,Optional,Construction,Only show role-relevant corporate/analytics/BI/BA/ERP/technology/transformation vacancies,Keep only profile-relevant professional roles; part-time allowed only when directly relevant,"Exclude generic sales, retail, hospitality, customer service, frontline, warehouse and unrelated operational roles",,Construction/project-delivery focused; limited density of target role families.,hidden,lower_priority_companies,yes,strategic_unverified,Strategic target; Ireland relevance not yet proven by dashboard vacancy history,0,0
575,Jones Engineering,https://joneseng.com/careers/,employer,0,P5 — Optional / low-density,Optional,,Only show role-relevant corporate/analytics/BI/BA/ERP/technology/transformation vacancies,Keep only profile-relevant professional roles; part-time allowed only when directly relevant,"Exclude generic sales, retail, hospitality, customer service, frontline, warehouse and unrelated operational roles",,Engineering/construction delivery dominates; low target-role density.,hidden,lower_priority_companies,yes,strategic_unverified,Strategic target; Ireland relevance not yet proven by dashboard vacancy history,0,0
576,JYSK Ireland,https://jobs.jysk.ie/,employer,0,P5 — Optional / low-density,Optional,Retail,Only show role-relevant corporate/analytics/BI/BA/ERP/technology/transformation vacancies,Keep only profile-relevant professional roles; part-time allowed only when directly relevant,"Exclude generic sales, retail, hospitality, customer service, frontline, warehouse and unrelated operational roles",,Retail/store and warehouse-heavy hiring; low target-role density.,hidden,lower_priority_companies,yes,strategic_unverified,Strategic target; Ireland relevance not yet proven by dashboard vacancy history,0,0
577,Kepak Group,https://www.kepak.com/careers/,employer,0,P5 — Optional / low-density,Optional,,Only show role-relevant corporate/analytics/BI/BA/ERP/technology/transformation vacancies,Keep only profile-relevant professional roles; part-time allowed only when directly relevant,"Exclude generic sales, retail, hospitality, customer service, frontline, warehouse and unrelated operational roles",,Food/manufacturing operations dominate; low target-role density.,hidden,lower_priority_companies,yes,strategic_unverified,Strategic target; Ireland relevance not yet proven by dashboard vacancy history,0,0
578,Lidl Ireland,https://jobs.lidl.ie/,employer,0,P5 — Optional / low-density,Optional,,Only show role-relevant corporate/analytics/BI/BA/ERP/technology/transformation vacancies,Keep only profile-relevant professional roles; part-time allowed only when directly relevant,"Exclude generic sales, retail, hospitality, customer service, frontline, warehouse and unrelated operational roles",,Large frontline/retail/logistics hiring mix; corporate roles exist but are too sparse for this curated set.,hidden,lower_priority_companies,yes,strategic_unverified,Strategic target; Ireland relevance not yet proven by dashboard vacancy history,0,0
579,Life Style Sports,https://www.lifestylesports.com/ie/careers.html,employer,0,P5 — Optional / low-density,Optional,,Only show role-relevant corporate/analytics/BI/BA/ERP/technology/transformation vacancies,Keep only profile-relevant professional roles; part-time allowed only when directly relevant,"Exclude generic sales, retail, hospitality, customer service, frontline, warehouse and unrelated operational roles",,Retail/store-heavy employer; limited target-role density.,hidden,lower_priority_companies,yes,strategic_unverified,Strategic target; Ireland relevance not yet proven by dashboard vacancy history,0,0
580,Maldron Hotels,https://www.maldronhotels.com/careers/,employer,0,P5 — Optional / low-density,Optional,,Only show role-relevant corporate/analytics/BI/BA/ERP/technology/transformation vacancies,Keep only profile-relevant professional roles; part-time allowed only when directly relevant,"Exclude generic sales, retail, hospitality, customer service, frontline, warehouse and unrelated operational roles",,Hospitality operations dominate; limited target-role density.,hidden,lower_priority_companies,yes,strategic_unverified,Strategic target; Ireland relevance not yet proven by dashboard vacancy history,0,0
581,Manpower Ireland,https://www.manpower.ie/,employer,0,P5 — Optional / low-density,Optional,,Only show role-relevant corporate/analytics/BI/BA/ERP/technology/transformation vacancies,Keep only profile-relevant professional roles; part-time allowed only when directly relevant,"Exclude generic sales, retail, hospitality, customer service, frontline, warehouse and unrelated operational roles",,Recruitment/staffing intermediary; lower strategic value than direct corporate sources.,hidden,lower_priority_companies,yes,strategic_unverified,Strategic target; Ireland relevance not yet proven by dashboard vacancy history,0,0
582,Marks & Spencer Ireland,https://jobs.marksandspencer.com/search-jobs/Ireland,employer,0,P5 — Optional / low-density,Optional,,Only show role-relevant corporate/analytics/BI/BA/ERP/technology/transformation vacancies,Keep only profile-relevant professional roles; part-time allowed only when directly relevant,"Exclude generic sales, retail, hospitality, customer service, frontline, warehouse and unrelated operational roles",,Retail/store-heavy workforce; target corporate roles comparatively sparse.,hidden,lower_priority_companies,yes,strategic_unverified,Strategic target; Ireland relevance not yet proven by dashboard vacancy history,0,0
583,McCabes Pharmacy,https://mccabespharmacy.com/pages/careers,employer,0,P5 — Optional / low-density,Optional,Retail / Pharmacy,Only show role-relevant corporate/analytics/BI/BA/ERP/technology/transformation vacancies,Keep only profile-relevant professional roles; part-time allowed only when directly relevant,"Exclude generic sales, retail, hospitality, customer service, frontline, warehouse and unrelated operational roles",,Pharmacy/retail operations dominate hiring; low target-role density.,hidden,lower_priority_companies,yes,strategic_unverified,Strategic target; Ireland relevance not yet proven by dashboard vacancy history,0,0
584,McDonald's Ireland,https://people.mcdonalds.ie/,employer,0,P5 — Optional / low-density,Optional,Hospitality / Food Service,Only show role-relevant corporate/analytics/BI/BA/ERP/technology/transformation vacancies,Keep only profile-relevant professional roles; part-time allowed only when directly relevant,"Exclude generic sales, retail, hospitality, customer service, frontline, warehouse and unrelated operational roles",,Restaurant/frontline operations dominate; weak fit for the target professional role families.,hidden,lower_priority_companies,yes,strategic_unverified,Strategic target; Ireland relevance not yet proven by dashboard vacancy history,0,0
585,Mitie Ireland,https://mitie.ie/careers/,employer,0,P5 — Optional / low-density,Optional,Facilities Management,Only show role-relevant corporate/analytics/BI/BA/ERP/technology/transformation vacancies,Keep only profile-relevant professional roles; part-time allowed only when directly relevant,"Exclude generic sales, retail, hospitality, customer service, frontline, warehouse and unrelated operational roles",,Facilities-management/frontline operations dominate; lower fit than technology/consulting alternatives.,hidden,lower_priority_companies,yes,strategic_unverified,Strategic target; Ireland relevance not yet proven by dashboard vacancy history,0,0
586,Morgan McKinley,https://www.morganmckinley.com/ie/jobs,employer,0,P5 — Optional / low-density,Optional,,Only show role-relevant corporate/analytics/BI/BA/ERP/technology/transformation vacancies,Keep only profile-relevant professional roles; part-time allowed only when directly relevant,"Exclude generic sales, retail, hospitality, customer service, frontline, warehouse and unrelated operational roles",,Recruitment agency/intermediary; duplicates client hiring and obscures original employer source.,hidden,lower_priority_companies,yes,strategic_unverified,Strategic target; Ireland relevance not yet proven by dashboard vacancy history,0,0
587,Next Ireland,https://careers.next.co.uk/,employer,0,P5 — Optional / low-density,Optional,,Only show role-relevant corporate/analytics/BI/BA/ERP/technology/transformation vacancies,Keep only profile-relevant professional roles; part-time allowed only when directly relevant,"Exclude generic sales, retail, hospitality, customer service, frontline, warehouse and unrelated operational roles",,Retail/store-heavy hiring; limited target-role density.,hidden,lower_priority_companies,yes,strategic_unverified,Strategic target; Ireland relevance not yet proven by dashboard vacancy history,0,0
588,Press Up Hospitality Group,https://pressup.ie/careers/,employer,0,P5 — Optional / low-density,Optional,,Only show role-relevant corporate/analytics/BI/BA/ERP/technology/transformation vacancies,Keep only profile-relevant professional roles; part-time allowed only when directly relevant,"Exclude generic sales, retail, hospitality, customer service, frontline, warehouse and unrelated operational roles",,Hospitality operations dominate; limited target-role density.,hidden,lower_priority_companies,yes,strategic_unverified,Strategic target; Ireland relevance not yet proven by dashboard vacancy history,0,0
589,Primark / Penneys,https://careers.primark.com/location/ireland-jobs/1630/2963597/2,employer,0,P5 — Optional / low-density,Optional,,Only show role-relevant corporate/analytics/BI/BA/ERP/technology/transformation vacancies,Keep only profile-relevant professional roles; part-time allowed only when directly relevant,"Exclude generic sales, retail, hospitality, customer service, frontline, warehouse and unrelated operational roles",,Retail/store-heavy hiring; corporate roles exist but Ireland target-role density is comparatively low.,hidden,lower_priority_companies,yes,strategic_unverified,Strategic target; Ireland relevance not yet proven by dashboard vacancy history,0,0
590,Reperio Human Capital,https://reperiohumancapital.com,employer,0,P5 — Optional / low-density,Optional,,Only show role-relevant corporate/analytics/BI/BA/ERP/technology/transformation vacancies,Keep only profile-relevant professional roles; part-time allowed only when directly relevant,"Exclude generic sales, retail, hospitality, customer service, frontline, warehouse and unrelated operational roles",,"Recruitment agency/intermediary; useful as a job board, but not as a target employer in the curated 500.",hidden,lower_priority_companies,yes,strategic_unverified,Strategic target; Ireland relevance not yet proven by dashboard vacancy history,0,0
591,Securitas Ireland,https://www.securitas.ie/careers/,employer,0,P5 — Optional / low-density,Optional,Security Services,Only show role-relevant corporate/analytics/BI/BA/ERP/technology/transformation vacancies,Keep only profile-relevant professional roles; part-time allowed only when directly relevant,"Exclude generic sales, retail, hospitality, customer service, frontline, warehouse and unrelated operational roles",,Security/frontline operations dominate; low relevance to target corporate role families.,hidden,lower_priority_companies,yes,strategic_unverified,Strategic target; Ireland relevance not yet proven by dashboard vacancy history,0,0
592,Sigmar Recruitment,https://www.sigmarrecruitment.com/jobs,employer,0,P5 — Optional / low-density,Optional,,Only show role-relevant corporate/analytics/BI/BA/ERP/technology/transformation vacancies,Keep only profile-relevant professional roles; part-time allowed only when directly relevant,"Exclude generic sales, retail, hospitality, customer service, frontline, warehouse and unrelated operational roles",,Recruitment agency/intermediary; direct-company sources preferred.,hidden,lower_priority_companies,yes,strategic_unverified,Strategic target; Ireland relevance not yet proven by dashboard vacancy history,0,0
593,Smyths Toys Superstores,https://careers.smythstoys.com/,employer,0,P5 — Optional / low-density,Optional,,Only show role-relevant corporate/analytics/BI/BA/ERP/technology/transformation vacancies,Keep only profile-relevant professional roles; part-time allowed only when directly relevant,"Exclude generic sales, retail, hospitality, customer service, frontline, warehouse and unrelated operational roles",,Retail/store and logistics-heavy; low target-role density.,hidden,lower_priority_companies,yes,strategic_unverified,Strategic target; Ireland relevance not yet proven by dashboard vacancy history,0,0
594,Sodexo Ireland,https://jobs.sodexo.com/,employer,0,P5 — Optional / low-density,Optional,Facilities / Food Services,Only show role-relevant corporate/analytics/BI/BA/ERP/technology/transformation vacancies,Keep only profile-relevant professional roles; part-time allowed only when directly relevant,"Exclude generic sales, retail, hospitality, customer service, frontline, warehouse and unrelated operational roles",,Facilities/food-service operations dominate; low target-role density.,hidden,lower_priority_companies,yes,strategic_unverified,Strategic target; Ireland relevance not yet proven by dashboard vacancy history,0,0
595,Storm3,https://storm3.com,employer,0,P5 — Optional / low-density,Optional,,Only show role-relevant corporate/analytics/BI/BA/ERP/technology/transformation vacancies,Keep only profile-relevant professional roles; part-time allowed only when directly relevant,"Exclude generic sales, retail, hospitality, customer service, frontline, warehouse and unrelated operational roles",,Recruitment agency/intermediary; not a target corporate employer for the curated radar.,hidden,lower_priority_companies,yes,strategic_unverified,Strategic target; Ireland relevance not yet proven by dashboard vacancy history,0,0
596,Suir Engineering,https://suireng.ie/careers/,employer,0,P5 — Optional / low-density,Optional,Engineering / Construction,Only show role-relevant corporate/analytics/BI/BA/ERP/technology/transformation vacancies,Keep only profile-relevant professional roles; part-time allowed only when directly relevant,"Exclude generic sales, retail, hospitality, customer service, frontline, warehouse and unrelated operational roles",,Engineering/construction project delivery dominates; lower fit than technology/analytics alternatives.,hidden,lower_priority_companies,yes,strategic_unverified,Strategic target; Ireland relevance not yet proven by dashboard vacancy history,0,0
597,Superdrug Ireland,https://www.superdrug.jobs/,employer,0,P5 — Optional / low-density,Optional,,Only show role-relevant corporate/analytics/BI/BA/ERP/technology/transformation vacancies,Keep only profile-relevant professional roles; part-time allowed only when directly relevant,"Exclude generic sales, retail, hospitality, customer service, frontline, warehouse and unrelated operational roles",,Retail/store-heavy hiring; limited target corporate role density.,hidden,lower_priority_companies,yes,strategic_unverified,Strategic target; Ireland relevance not yet proven by dashboard vacancy history,0,0
598,Waterstones Ireland,https://www.waterstones.com/careers,employer,0,P5 — Optional / low-density,Optional,,Only show role-relevant corporate/analytics/BI/BA/ERP/technology/transformation vacancies,Keep only profile-relevant professional roles; part-time allowed only when directly relevant,"Exclude generic sales, retail, hospitality, customer service, frontline, warehouse and unrelated operational roles",,Retail/store-heavy employer; low target-role density.,hidden,lower_priority_companies,yes,strategic_unverified,Strategic target; Ireland relevance not yet proven by dashboard vacancy history,0,0
