dashboard_rank,company_name,career_url,harshit_priority_score,priority_tier,profile_priority,sector,best_fit_role_families,employment_rule,generic_sales_frontline_rule,secondary_finance_score,why_it_fits_or_drop_reason,dashboard_default_visibility,dashboard_optional_group,include_in_scrape_registry,source_status,ireland_relevance_basis,evidence_status
1,Accenture,https://accenture.wd103.myworkdayjobs.com/AccentureCareers,100,P1 — Focus,Harshit primary,Tech Consulting / Enterprise,Business Analyst; ERP/D365/Implementation Analyst; Technology Consultant; BI Analyst,Keep any employment type when role-relevant; exclude generic part-time work,"Exclude generic sales, retail, hospitality, customer service and frontline roles",81,"Your ERP/D365, UAT, SQL/Python and client-delivery background maps directly to implementation/transformation roles.",visible,core_harshit,TRUE,retained_or_replacement,,
2,Databricks,https://www.databricks.com/company/careers/open-positions,100,P1 — Focus,Harshit primary,Data / AI Platform,Data Analyst; Data Engineer; BI Analyst; Solutions Architect; Technology Consultant,Keep any employment type when role-relevant; exclude generic part-time/frontline work,"Exclude generic sales, retail, hospitality, customer service and frontline roles",88,"Strong Ireland data/solutions ecosystem and direct fit with SQL, Python, cloud, analytics and client-delivery work.",visible,core_harshit,TRUE,validated_addition,"Strong Ireland data/solutions ecosystem and direct fit with SQL, Python, cloud, analytics and client-delivery work.",Ireland-relevance validated / vacancy-level verification still required
3,Deloitte Ireland,https://deloitteie.wd3.myworkdayjobs.com/experienced_professionals,100,P1 — Focus,Harshit primary,Tech Consulting / Enterprise,Business Analyst; ERP/D365/Implementation Analyst; Technology Consultant; BI Analyst,Keep any employment type when role-relevant; exclude generic part-time work,"Exclude generic sales, retail, hospitality, customer service and frontline roles",81,"Your ERP/D365, UAT, SQL/Python and client-delivery background maps directly to implementation/transformation roles.",visible,core_harshit,TRUE,retained_or_replacement,,
4,EY Ireland,https://www.ey.com/en_ie/careers,100,P1 — Focus,Harshit primary,Tech Consulting / Enterprise,Business Analyst; ERP/D365/Implementation Analyst; Technology Consultant; BI Analyst,Keep any employment type when role-relevant; exclude generic part-time work,"Exclude generic sales, retail, hospitality, customer service and frontline roles",81,"Your ERP/D365, UAT, SQL/Python and client-delivery background maps directly to implementation/transformation roles.",visible,core_harshit,TRUE,retained_or_replacement,,
5,GridBeyond,https://gridbeyond.com/careers/,100,P1 — Focus,Harshit primary,Industrial / Operations,Operations/Supply Chain Analyst; Business Analyst; ERP/BI Analyst,Keep any employment type when role-relevant; exclude generic part-time work,"Exclude generic sales, retail, hospitality, customer service and frontline roles",76,"Engineering + ERP + operations/process experience is a differentiated fit; target digital, supply-chain and systems analytics.",visible,core_harshit,TRUE,retained_or_replacement,,
6,Introba,https://www.introba.com/careers,100,P1 — Focus,Harshit primary,Industrial / Operations,Operations/Supply Chain Analyst; Business Analyst; ERP/BI Analyst,Keep any employment type when role-relevant; exclude generic part-time work,"Exclude generic sales, retail, hospitality, customer service and frontline roles",76,"Engineering + ERP + operations/process experience is a differentiated fit; target digital, supply-chain and systems analytics.",visible,core_harshit,TRUE,retained_or_replacement,,activated_2026_09_18 / live vacancy verification pending
7,KPMG Ireland,https://kpmg.com/ie/en/home/careers.html,100,P1 — Focus,Harshit primary,Tech Consulting / Enterprise,Business Analyst; ERP/D365/Implementation Analyst; Technology Consultant; BI Analyst,Keep any employment type when role-relevant; exclude generic part-time work,"Exclude generic sales, retail, hospitality, customer service and frontline roles",81,"Your ERP/D365, UAT, SQL/Python and client-delivery background maps directly to implementation/transformation roles.",visible,core_harshit,TRUE,retained_or_replacement,,
8,Oracle,https://eeho.fa.us2.oraclecloud.com/hcmUI/CandidateExperience/en/sites/CX_1/requisitions?location=Ireland,100,P1 — Focus,Harshit primary,Tech Consulting / Enterprise,Business Analyst; ERP/D365/Implementation Analyst; Technology Consultant; BI Analyst,Keep any employment type when role-relevant; exclude generic part-time work,"Exclude generic sales, retail, hospitality, customer service and frontline roles",81,"Your ERP/D365, UAT, SQL/Python and client-delivery background maps directly to implementation/transformation roles.",visible,core_harshit,TRUE,retained_or_replacement,,
9,PwC Ireland,https://pwc.wd3.myworkdayjobs.com/Global_Experienced_Careers,100,P1 — Focus,Harshit primary,Tech Consulting / Enterprise,Business Analyst; ERP/D365/Implementation Analyst; Technology Consultant; BI Analyst,Keep any employment type when role-relevant; exclude generic part-time work,"Exclude generic sales, retail, hospitality, customer service and frontline roles",81,"Your ERP/D365, UAT, SQL/Python and client-delivery background maps directly to implementation/transformation roles.",visible,core_harshit,TRUE,retained_or_replacement,,
10,SAP,https://jobs.sap.com/search/?q=&locationsearch=Ireland,100,P1 — Focus,Harshit primary,Tech Consulting / Enterprise,Business Analyst; ERP/D365/Implementation Analyst; Technology Consultant; BI Analyst,Keep any employment type when role-relevant; exclude generic part-time work,"Exclude generic sales, retail, hospitality, customer service and frontline roles",81,"Your ERP/D365, UAT, SQL/Python and client-delivery background maps directly to implementation/transformation roles.",visible,core_harshit,TRUE,retained_or_replacement,,
11,ActionPoint,https://www.actionpoint.ie/careers/,99,P1 — Focus,Harshit primary,Tech Consulting / Enterprise,Business Analyst; ERP/D365/Implementation Analyst; Technology Consultant; BI Analyst,Keep any employment type when role-relevant; exclude generic part-time work,"Exclude generic sales, retail, hospitality, customer service and frontline roles",78,"Your ERP/D365, UAT, SQL/Python and client-delivery background maps directly to implementation/transformation roles.",visible,core_harshit,TRUE,retained_or_replacement,,activated_2026_09_18 / live vacancy verification pending
12,Auxilion,https://www.auxilion.com/auxilion-careers,99,P1 — Focus,Harshit primary,Tech Consulting / Enterprise,Business Analyst; ERP/D365/Implementation Analyst; Technology Consultant; BI Analyst,Keep any employment type when role-relevant; exclude generic part-time work,"Exclude generic sales, retail, hospitality, customer service and frontline roles",78,"Your ERP/D365, UAT, SQL/Python and client-delivery background maps directly to implementation/transformation roles.",visible,core_harshit,TRUE,retained_or_replacement,,
13,Avanade,https://www.avanade.com/en/career,99,P1 — Focus,Harshit primary,Tech Consulting / Enterprise,Business Analyst; ERP/D365/Implementation Analyst; Technology Consultant; BI Analyst,Keep any employment type when role-relevant; exclude generic part-time work,"Exclude generic sales, retail, hospitality, customer service and frontline roles",78,"Your ERP/D365, UAT, SQL/Python and client-delivery background maps directly to implementation/transformation roles.",visible,core_harshit,TRUE,retained_or_replacement,,activated_2026_09_18 / live vacancy verification pending
14,BearingPoint,https://bearingpoint.com/en/careers,99,P1 — Focus,Harshit primary,Tech Consulting / Enterprise,Business Analyst; ERP/D365/Implementation Analyst; Technology Consultant; BI Analyst,Keep any employment type when role-relevant; exclude generic part-time work,"Exclude generic sales, retail, hospitality, customer service and frontline roles",78,"Your ERP/D365, UAT, SQL/Python and client-delivery background maps directly to implementation/transformation roles.",visible,core_harshit,TRUE,retained_or_replacement,,
15,Capgemini,https://www.capgemini.com/careers/,99,P1 — Focus,Harshit primary,Tech Consulting / Enterprise,Business Analyst; ERP/D365/Implementation Analyst; Technology Consultant; BI Analyst,Keep any employment type when role-relevant; exclude generic part-time work,"Exclude generic sales, retail, hospitality, customer service and frontline roles",78,"Your ERP/D365, UAT, SQL/Python and client-delivery background maps directly to implementation/transformation roles.",visible,core_harshit,TRUE,retained_or_replacement,,
16,Cisco,https://jobs.cisco.com/main/jobs?location=Ireland,99,P1 — Focus,Harshit primary,Tech Consulting / Enterprise,Business Analyst; ERP/D365/Implementation Analyst; Technology Consultant; BI Analyst,Keep any employment type when role-relevant; exclude generic part-time work,"Exclude generic sales, retail, hospitality, customer service and frontline roles",78,"Your ERP/D365, UAT, SQL/Python and client-delivery background maps directly to implementation/transformation roles.",visible,core_harshit,TRUE,retained_or_replacement,,
17,Cognizant,https://careers.cognizant.com/global/en,99,P1 — Focus,Harshit primary,Tech Consulting / Enterprise,Business Analyst; ERP/D365/Implementation Analyst; Technology Consultant; BI Analyst,Keep any employment type when role-relevant; exclude generic part-time work,"Exclude generic sales, retail, hospitality, customer service and frontline roles",78,"Your ERP/D365, UAT, SQL/Python and client-delivery background maps directly to implementation/transformation roles.",visible,core_harshit,TRUE,retained_or_replacement,,
18,Dell Technologies,https://jobs.dell.com/location/ireland-jobs/375/2963597/2,99,P1 — Focus,Harshit primary,Tech Consulting / Enterprise,Business Analyst; ERP/D365/Implementation Analyst; Technology Consultant; BI Analyst,Keep any employment type when role-relevant; exclude generic part-time work,"Exclude generic sales, retail, hospitality, customer service and frontline roles",78,"Your ERP/D365, UAT, SQL/Python and client-delivery background maps directly to implementation/transformation roles.",visible,core_harshit,TRUE,retained_or_replacement,,
19,DXC Technology,https://dxc.wd1.myworkdayjobs.com/DXC_Jobs,99,P1 — Focus,Harshit primary,Tech Consulting / Enterprise,Business Analyst; ERP/D365/Implementation Analyst; Technology Consultant; BI Analyst,Keep any employment type when role-relevant; exclude generic part-time work,"Exclude generic sales, retail, hospitality, customer service and frontline roles",78,"Your ERP/D365, UAT, SQL/Python and client-delivery background maps directly to implementation/transformation roles.",visible,core_harshit,TRUE,retained_or_replacement,,activated_2026_09_18 / live vacancy verification pending
20,Ekco,https://www.ek.co/careers/,99,P1 — Focus,Harshit primary,Tech Consulting / Enterprise,Business Analyst; ERP/D365/Implementation Analyst; Technology Consultant; BI Analyst,Keep any employment type when role-relevant; exclude generic part-time work,"Exclude generic sales, retail, hospitality, customer service and frontline roles",78,"Your ERP/D365, UAT, SQL/Python and client-delivery background maps directly to implementation/transformation roles.",visible,core_harshit,TRUE,retained_or_replacement,,activated_2026_09_18 / live vacancy verification pending
21,Ericsson,https://jobs.ericsson.com/search/?q=&locationsearch=Ireland,99,P1 — Focus,Harshit primary,Tech Consulting / Enterprise,Business Analyst; ERP/D365/Implementation Analyst; Technology Consultant; BI Analyst,Keep any employment type when role-relevant; exclude generic part-time work,"Exclude generic sales, retail, hospitality, customer service and frontline roles",78,"Your ERP/D365, UAT, SQL/Python and client-delivery background maps directly to implementation/transformation roles.",visible,core_harshit,TRUE,retained_or_replacement,,
22,Fujitsu,https://fujitsu.com/ie/about/careers,99,P1 — Focus,Harshit primary,Tech Consulting / Enterprise,Business Analyst; ERP/D365/Implementation Analyst; Technology Consultant; BI Analyst,Keep any employment type when role-relevant; exclude generic part-time work,"Exclude generic sales, retail, hospitality, customer service and frontline roles",78,"Your ERP/D365, UAT, SQL/Python and client-delivery background maps directly to implementation/transformation roles.",visible,core_harshit,TRUE,retained_or_replacement,,activated_2026_09_18 / live vacancy verification pending
23,HCLTech,https://www.hcltech.com/careers,99,P1 — Focus,Harshit primary,Tech Consulting / Enterprise,Business Analyst; ERP/D365/Implementation Analyst; Technology Consultant; BI Analyst,Keep any employment type when role-relevant; exclude generic part-time work,"Exclude generic sales, retail, hospitality, customer service and frontline roles",78,"Your ERP/D365, UAT, SQL/Python and client-delivery background maps directly to implementation/transformation roles.",visible,core_harshit,TRUE,retained_or_replacement,,
24,IBM,https://www.ibm.com/careers/search?field_keyword_05[0]=Ireland,99,P1 — Focus,Harshit primary,Tech Consulting / Enterprise,Business Analyst; ERP/D365/Implementation Analyst; Technology Consultant; BI Analyst,Keep any employment type when role-relevant; exclude generic part-time work,"Exclude generic sales, retail, hospitality, customer service and frontline roles",78,"Your ERP/D365, UAT, SQL/Python and client-delivery background maps directly to implementation/transformation roles.",visible,core_harshit,TRUE,retained_or_replacement,,
25,Infosys,https://www.infosys.com/careers.html,99,P1 — Focus,Harshit primary,Tech Consulting / Enterprise,Business Analyst; ERP/D365/Implementation Analyst; Technology Consultant; BI Analyst,Keep any employment type when role-relevant; exclude generic part-time work,"Exclude generic sales, retail, hospitality, customer service and frontline roles",78,"Your ERP/D365, UAT, SQL/Python and client-delivery background maps directly to implementation/transformation roles.",visible,core_harshit,TRUE,retained_or_replacement,,
26,Integrity360,https://www.integrity360.com/careers,99,P1 — Focus,Harshit primary,Tech Consulting / Enterprise,Business Analyst; ERP/D365/Implementation Analyst; Technology Consultant; BI Analyst,Keep any employment type when role-relevant; exclude generic part-time work,"Exclude generic sales, retail, hospitality, customer service and frontline roles",78,"Your ERP/D365, UAT, SQL/Python and client-delivery background maps directly to implementation/transformation roles.",visible,core_harshit,TRUE,retained_or_replacement,,activated_2026_09_18 / live vacancy verification pending
27,Kyndryl,https://www.kyndryl.com/us/en/careers,99,P1 — Focus,Harshit primary,Tech Consulting / Enterprise,Business Analyst; ERP/D365/Implementation Analyst; Technology Consultant; BI Analyst,Keep any employment type when role-relevant; exclude generic part-time work,"Exclude generic sales, retail, hospitality, customer service and frontline roles",78,"Your ERP/D365, UAT, SQL/Python and client-delivery background maps directly to implementation/transformation roles.",visible,core_harshit,TRUE,retained_or_replacement,,
28,Noesis,https://www.noesis.pt/en/careers,99,P1 — Focus,Harshit primary,Tech Consulting / Enterprise,Business Analyst; ERP/D365/Implementation Analyst; Technology Consultant; BI Analyst,Keep any employment type when role-relevant; exclude generic part-time work,"Exclude generic sales, retail, hospitality, customer service and frontline roles",78,"Your ERP/D365, UAT, SQL/Python and client-delivery background maps directly to implementation/transformation roles.",visible,core_harshit,TRUE,retained_or_replacement,,activated_2026_09_18 / live vacancy verification pending
29,NTT DATA,https://careers.nttdata.com/,99,P1 — Focus,Harshit primary,Tech Consulting / Enterprise,Business Analyst; ERP/D365/Implementation Analyst; Technology Consultant; BI Analyst,Keep any employment type when role-relevant; exclude generic part-time work,"Exclude generic sales, retail, hospitality, customer service and frontline roles",78,"Your ERP/D365, UAT, SQL/Python and client-delivery background maps directly to implementation/transformation roles.",visible,core_harshit,TRUE,retained_or_replacement,,
30,OpenText,https://careers.opentext.com/,99,P1 — Focus,Harshit primary,Tech Consulting / Enterprise,Business Analyst; ERP/D365/Implementation Analyst; Technology Consultant; BI Analyst,Keep any employment type when role-relevant; exclude generic part-time work,"Exclude generic sales, retail, hospitality, customer service and frontline roles",78,"Your ERP/D365, UAT, SQL/Python and client-delivery background maps directly to implementation/transformation roles.",visible,core_harshit,TRUE,retained_or_replacement,,
31,SolarWinds,https://jobs.solarwinds.com/,99,P1 — Focus,Harshit primary,Tech Consulting / Enterprise,Business Analyst; ERP/D365/Implementation Analyst; Technology Consultant; BI Analyst,Keep any employment type when role-relevant; exclude generic part-time work,"Exclude generic sales, retail, hospitality, customer service and frontline roles",78,"Your ERP/D365, UAT, SQL/Python and client-delivery background maps directly to implementation/transformation roles.",visible,core_harshit,TRUE,retained_or_replacement,,
32,Tata Consultancy Services (TCS),https://www.tcs.com/careers,99,P1 — Focus,Harshit primary,Tech Consulting / Enterprise,Business Analyst; ERP/D365/Implementation Analyst; Technology Consultant; BI Analyst,Keep any employment type when role-relevant; exclude generic part-time work,"Exclude generic sales, retail, hospitality, customer service and frontline roles",78,"Your ERP/D365, UAT, SQL/Python and client-delivery background maps directly to implementation/transformation roles.",visible,core_harshit,TRUE,retained_or_replacement,,
33,Version 1,https://www.version1.com/careers/,99,P1 — Focus,Harshit primary,Tech Consulting / Enterprise,Business Analyst; ERP/D365/Implementation Analyst; Technology Consultant; BI Analyst,Keep any employment type when role-relevant; exclude generic part-time work,"Exclude generic sales, retail, hospitality, customer service and frontline roles",78,"Your ERP/D365, UAT, SQL/Python and client-delivery background maps directly to implementation/transformation roles.",visible,core_harshit,TRUE,retained_or_replacement,,
34,Wipro,https://careers.wipro.com/,99,P1 — Focus,Harshit primary,Tech Consulting / Enterprise,Business Analyst; ERP/D365/Implementation Analyst; Technology Consultant; BI Analyst,Keep any employment type when role-relevant; exclude generic part-time work,"Exclude generic sales, retail, hospitality, customer service and frontline roles",78,"Your ERP/D365, UAT, SQL/Python and client-delivery background maps directly to implementation/transformation roles.",visible,core_harshit,TRUE,retained_or_replacement,,
35,Cohesity,https://www.cohesity.com/careers/open-positions/,99,P1 — Focus,Harshit primary,Data / AI / Cybersecurity,Business Analyst; Data/BI Analyst; Operations Analyst; Technology Analyst; Security/GRC Analyst,Keep any employment type when role-relevant; exclude generic part-time work,"Exclude generic sales, retail, hospitality, customer service and frontline roles",70,"Strategic Dublin technology employer with verified Ireland vacancies across enterprise technology, manufacturing and corporate functions.",visible,core_harshit,TRUE,validated_live_addition,Verified live Ireland vacancies on Cohesity's Workday careers system.,verified_2026_09_13
36,Ergo,https://www.ergogroup.ie/Careers/,99,P1 — Focus,Harshit primary,Tech Consulting / Enterprise,Business Analyst; Technology Consultant; Cloud/Implementation Analyst; Data/BI Analyst; Graduate Technology,Keep any employment type when role-relevant; exclude generic part-time work,"Exclude generic sales, retail, hospitality, customer service and frontline roles",81,Analytics plus market-surveillance project helps; finance pedigree/domain depth is weaker than your business/implementation fit.,visible,core_harshit,TRUE,retained_or_replacement,,
37,Nucleo,https://nucleogroup.com/careers/,99,P1 — Focus,Harshit primary,Tech Consulting / Enterprise,Business Analyst; Data/BI Analyst; Technology Consultant; Power Platform / ERP Analyst,Keep any employment type when role-relevant; exclude generic part-time work,"Exclude generic sales, retail, hospitality, customer service and frontline roles",70,"Strong entry-level analytics fit: Analyst and Senior Data Analyst roles use SQL, Power BI and Excel and align directly with your MSc Business Analytics profile.",visible,core_harshit,TRUE,retained_or_replacement,,
38,Verizon,https://mycareer.verizon.com/locations/emea/ireland/,99,P1 — Focus,Harshit primary,Technology / Telecom,Business Analyst; Data Analyst; Business Systems Analyst; Technology Analyst; Operations Analyst; Procurement Analyst,Keep any employment type when role-relevant; exclude generic part-time work,"Exclude generic sales, retail, hospitality, customer service and frontline roles",70,"Strong Ireland technology employer with live Dublin/Limerick analytical, business-systems and procurement roles aligned with Business Analytics.",visible,core_harshit,TRUE,validated_live_addition,,
39,First Derivative,https://firstderivative.com/careers/,99,P1 — Focus,Harshit primary,Capital Markets / Tech Consulting,Business Analyst; Technology Consultant; Data/Analytics; Project/PMO Analyst; Regulatory/Compliance Analyst,Keep any employment type when role-relevant; exclude generic part-time work,"Exclude generic sales, retail, hospitality, customer service and frontline roles",88,"Excellent fit for Business Analytics plus ERP/technology consulting: capital-markets consulting, business analysis, data, technology and graduate pathways.",visible,core_harshit,TRUE,validated_live_addition,,
40,Keelvar,https://www.keelvar.com/careers,99,P1 — Focus,Harshit primary,SaaS / Procurement Technology,Business Analyst; Solution Consultant; Data/Analytics; Technology Consultant; Procurement Technology,Keep any employment type when role-relevant; exclude generic part-time work,"Exclude generic sales, retail, hospitality, customer service and frontline roles",78,Relevant Ireland employer; official careers source is healthy but currently has 0 qualifying Ireland vacancies.,visible,core_harshit,TRUE,audited_zero,Official careers source verified; currently 0 qualifying Ireland jobs,verified_2026_09_16
41,Expleo Ireland,https://careers.expleo.com/en/,99,P1 — Focus,Harshit primary,Tech Consulting / Enterprise,Business Analyst; Transformation Consultant; Data Engineer; IT & Digital; Project Management,Keep any employment type when role-relevant; exclude generic part-time/frontline work,"Exclude generic sales, retail, hospitality, customer service and frontline roles",78,"Consulting and digital transformation employer with business analysis, transformation, IT, data engineering and project-management role families.",visible,core_harshit,TRUE,validated_addition,"Ireland consulting footprint with role families aligned to business analysis, transformation and data.",Ireland relevance validated / vacancy-level verification still required
42,Storm Technology,https://www.storm.ie/about/careers/,99,P1 — Focus,Harshit primary,Tech Consulting / Enterprise,Business Analyst; ERP/D365/Implementation Analyst; Technology Consultant; Data/BI Analyst,Keep any employment type when role-relevant; exclude generic part-time/frontline work,"Exclude generic sales, retail, hospitality, customer service and frontline roles",78,"Irish Microsoft consultancy spanning D365, Power Platform, Azure Data & AI, Microsoft Fabric, ERP and business transformation; strong fit to ERP implementation, Power BI, SQL/Python and client delivery.",visible,core_harshit,TRUE,validated_addition,"Irish Microsoft consulting employer with Dublin/Galway footprint and careers activity across ERP, data and cloud.",Ireland relevance validated / vacancy-level verification still required
43,Advanced Micro Devices (AMD),https://careers.amd.com/careers-home/jobs?page=1&lat=53.40817182171206&lng=-6.160333762722148&radiusUnit=MILES&radius=50,97,P1 — Focus,Harshit primary,Technology / Semiconductor,Business Analyst; Data Analyst; Operations Analyst; Supply Chain Analyst; Technology Analyst; Graduate Technology,Keep any employment type when role-relevant; exclude generic part-time work,"Exclude generic sales, retail, hospitality, customer service and frontline roles",72,Analytics plus market-surveillance project helps; finance pedigree/domain depth is weaker than your business/implementation fit.,visible,core_harshit,TRUE,validated_official_board,,connector_verified_2026_09_16
44,Hewlett Packard Enterprise (HPE),https://careers.hpe.com/us/en/search-results?m=3&location=Ireland,95,P1 — Focus,Harshit primary,Technology / Analytics,Data/BI Analyst; Financial Analyst; Cloud/Software Internship; Graduate Technology,Keep internships; graduate; permanent; contract and fixed-term roles when profile-relevant,"Exclude generic sales, retail, hospitality, customer service and frontline roles",86,Current Galway internships and Ireland financial analyst hiring strongly match the candidate's technical and analytics profile.,visible,core_harshit,TRUE,validated_live_addition,Three current Republic of Ireland roles including two internships.,verified_2026_08_31
45,RSM Ireland,https://www.candidatemanager.net/cm/p/pJobs.aspx?mid=YGTFD&sid=YBFD,94,P1 — Focus,Harshit primary,Professional Services / Consulting,Business Analyst; Data/BI Analyst; Consulting; Risk/Advisory Analyst,Keep graduate; permanent; contract and fixed-term roles when profile-relevant,"Exclude generic sales, retail, hospitality, customer service and frontline roles",86,"The open 2027 graduate programme covers Audit and Advisory, Tax and Consulting and aligns with your business analytics and consulting profile.",visible,core_harshit,TRUE,validated_live_addition,Official RSM Ireland 2027 Graduate Opportunities vacancy verified on Candidate Manager.,verified_2026_08_31
46,Compliance & Risks,https://www.complianceandrisks.com/,94,P1 — Focus,Harshit primary,RegTech / Compliance Technology,Business Analyst; Regulatory Analyst; Data/Analytics; Technology Consultant; Risk/Compliance Analyst,Keep any employment type when role-relevant; exclude generic part-time work,"Exclude generic sales, retail, hospitality, customer service and frontline roles",82,"Cork-based RegTech/SaaS employer with strong overlap across regulatory analysis, technology, data and business consulting.",visible,core_harshit,TRUE,validated_live_addition,,
47,Fexco,https://careers.fexco.com/,94,P1 — Focus,Harshit primary,FinTech / Business Services,Business Analyst; Data Analyst; Operations Analyst; Technology Analyst; Financial/Payments Analyst,Keep any employment type when role-relevant; exclude generic part-time work,"Exclude generic sales, retail, hospitality, customer service and frontline roles",84,"Major Irish fintech/business-solutions employer with technology, payments, analytics and business operations opportunities.",visible,core_harshit,TRUE,validated_live_addition,,
48,Murex,https://www.murex.com/en/careers/overview,94,P1 — Focus,Harshit primary,FinTech / Capital Markets Technology,Business Analyst; Technology Consultant; Functional Consultant; Data/Analytics; Project Analyst,Keep any employment type when role-relevant; exclude generic part-time work,"Exclude generic sales, retail, hospitality, customer service and frontline roles",90,"Exceptional technology-plus-finance fit: capital-markets software, functional services, project management and graduate opportunities.",visible,core_harshit,TRUE,validated_live_addition,,
49,Diageo Ireland,https://diageo.wd3.myworkdayjobs.com/Diageo_Careers,93,P1 — Focus,Harshit primary,FMCG / Consumer,Business Analyst; Data Analyst; Commercial Analyst; Supply Chain Analyst; Operations Analyst,Keep any employment type when role-relevant; exclude generic part-time work,"Exclude generic sales, retail, hospitality, customer service and frontline roles",75,Analytics plus market-surveillance project helps; finance pedigree/domain depth is weaker than your business/implementation fit.,visible,core_harshit,TRUE,validated_official_board,,connector_verified_2026_09_16
50,Codec,https://www.codec.ie/careers,92,P1 — Focus,Harshit primary,Corporate / Services,Business Analyst; Data/BI Analyst; Operations/Transformation Analyst,Keep any employment type when role-relevant; exclude generic part-time work,"Exclude generic sales, retail, hospitality, customer service and frontline roles",68,"Solid transferable fit for business analysis, BI, transformation and operations roles; exact vacancy and referral will drive outcome.",visible,core_harshit,TRUE,retained_or_replacement,,
51,Kitman Labs,https://www.kitmanlabs.com/careers/,92,P1 — Focus,Harshit primary,Corporate / Services,Business Analyst; Data/BI Analyst; Operations/Transformation Analyst,Keep any employment type when role-relevant; exclude generic part-time work,"Exclude generic sales, retail, hospitality, customer service and frontline roles",68,"Solid transferable fit for business analysis, BI, transformation and operations roles; exact vacancy and referral will drive outcome.",visible,core_harshit,TRUE,retained_or_replacement,,
52,Teneo Ireland,https://www.teneo.com/careers/,92,P1 — Focus,Harshit primary,Corporate / Services,Business Analyst; Data/BI Analyst; Operations/Transformation Analyst,Keep any employment type when role-relevant; exclude generic part-time work,"Exclude generic sales, retail, hospitality, customer service and frontline roles",68,"Solid transferable fit for business analysis, BI, transformation and operations roles; exact vacancy and referral will drive outcome.",visible,core_harshit,TRUE,retained_or_replacement,,
53,IQVIA,https://jobs.iqvia.com/search-jobs/Ireland,92,P1 — Focus,Harshit primary,Healthcare Data / Consulting,Data Analyst; Statistical Programmer; Technology Consultant; Project/Operations Analyst,Keep graduate; permanent; home-based; contract and fixed-term roles when profile-relevant,"Exclude generic sales, retail, hospitality, customer service and frontline roles",85,Large current Dublin hiring pool includes healthcare data technology consulting and project roles aligned with analytics and engineering experience.,visible,core_harshit,TRUE,validated_live_addition,Twenty-three current Republic of Ireland roles verified.,verified_2026_08_31
54,Proofpoint,https://www.proofpoint.com/us/company/careers,92,P1 — Focus,Harshit primary,Cybersecurity / SaaS,Deals Desk Analyst; Revenue Analyst; Product Support; Data/Operations Analyst,Keep graduate; permanent; contract and fixed-term roles when profile-relevant,"Exclude generic sales, retail, hospitality, customer service and frontline roles",85,Current Cork analyst and 12-month fixed-term roles align with business analytics and technical support experience.,visible,core_harshit,TRUE,validated_live_addition,Seven current Cork roles including analyst and fixed-term opportunities.,verified_2026_08_31
55,Rippling,https://www.rippling.com/careers/open-roles,91,P1 — Focus,Business or Technical — choose by vacancy,HR / Finance / IT SaaS,Implementation; Business Operations; Data Analytics; Solutions Consulting,Keep any employment type when role-relevant; exclude generic part-time work,"Exclude generic sales, retail, hospitality, customer service and frontline roles",,Verified Republic of Ireland hiring presence,visible,core_harshit,TRUE,official_verified,Dublin European HQ with active Dublin implementation and data hiring,Verified
56,Aer Lingus,https://www.aerlingus.com/about-us/careers/,90,P1 — Focus,Harshit primary,Finance / Risk,Risk/Compliance Analyst; Data/BI Analyst; Business Analyst; Operations Analyst,Keep any employment type when role-relevant; exclude generic part-time work,"Exclude generic sales, retail, hospitality, customer service and frontline roles",85,Analytics plus market-surveillance project helps; finance pedigree/domain depth is weaker than your business/implementation fit.,visible,core_harshit,TRUE,retained_or_replacement,,
57,Kerry Group,https://jobs.kerry.com/search/?q=&locationsearch=Ireland,90,P1 — Focus,Harshit primary,Finance / Risk,Risk/Compliance Analyst; Data/BI Analyst; Business Analyst; Operations Analyst,Keep any employment type when role-relevant; exclude generic part-time work,"Exclude generic sales, retail, hospitality, customer service and frontline roles",85,Analytics plus market-surveillance project helps; finance pedigree/domain depth is weaker than your business/implementation fit.,visible,core_harshit,TRUE,retained_or_replacement,,
58,Musgrave Group (SuperValu / Centra),https://www.musgravegroup.com/careers/,90,P1 — Focus,Harshit primary,Finance / Risk,Risk/Compliance Analyst; Data/BI Analyst; Business Analyst; Operations Analyst,Keep any employment type when role-relevant; exclude generic part-time work,"Exclude generic sales, retail, hospitality, customer service and frontline roles",85,Analytics plus market-surveillance project helps; finance pedigree/domain depth is weaker than your business/implementation fit.,visible,core_harshit,TRUE,retained_or_replacement,,
59,Ornua,https://www.ornua.com/careers/,90,P1 — Focus,Harshit primary,Finance / Risk,Risk/Compliance Analyst; Data/BI Analyst; Business Analyst; Operations Analyst,Keep any employment type when role-relevant; exclude generic part-time work,"Exclude generic sales, retail, hospitality, customer service and frontline roles",85,Analytics plus market-surveillance project helps; finance pedigree/domain depth is weaker than your business/implementation fit.,visible,core_harshit,TRUE,retained_or_replacement,,
60,Ryanair,https://careers.ryanair.com/,90,P1 — Focus,Harshit primary,Finance / Risk,Risk/Compliance Analyst; Data/BI Analyst; Business Analyst; Operations Analyst,Keep any employment type when role-relevant; exclude generic part-time work,"Exclude generic sales, retail, hospitality, customer service and frontline roles",85,Analytics plus market-surveillance project helps; finance pedigree/domain depth is weaker than your business/implementation fit.,visible,core_harshit,TRUE,retained_or_replacement,,
61,Guidewire,https://www.guidewire.com/about/careers/jobs,90,P1 — Focus,Harshit primary,Insurance Technology / SaaS,Business Operations; Program/Project Analyst; Technical Consultant; Data/BI Analyst,Keep graduate; permanent; contract and fixed-term roles when profile-relevant,"Exclude generic sales, retail, hospitality, customer service and frontline roles",84,Current Republic of Ireland business operations and technology hiring aligns with ERP implementation and analytics experience.,visible,core_harshit,TRUE,validated_live_addition,Current official Ireland roles verified.,verified_2026_08_31
62,PM Group,https://careers.pmgroup-global.com/careers/jobs,90,P1 — Focus,Harshit primary,Engineering / Project Delivery / Digital,Business Analyst; Digital/Systems; Project/Programme; ERP/Implementation; Data/BI; Project Controls,Keep any employment type when role-relevant; exclude generic part-time work,"Exclude generic sales, retail, hospitality, customer service and frontline roles",81,"Strong Ireland project-delivery employer with Digital, IS, Project Management and Project Services functions.",visible,core_harshit,TRUE,retained_or_replacement,Official PM Group board lists recurring Dublin/Cork/Ireland roles including Digital and project-delivery functions.,validated_official_board
63,Willis Towers Watson (WTW),https://careers.wtwco.com/search-page,90,P1 — Focus,Harshit primary,Consulting / Insurance,Compensation Consultant; Operations Analyst; Risk/Business Analyst,Keep graduate; permanent; contract and fixed-term roles when profile-relevant,"Exclude generic sales, retail, hospitality, customer service and frontline roles",86,Current Dublin consulting and life-and-pensions operations hiring matches business analysis and finance-facing experience.,visible,core_harshit,TRUE,validated_live_addition,Two current Dublin roles verified.,verified_2026_08_31
64,Bloomberg,https://www.bloomberg.com/careers/,92,P2 — Strong,Harshit primary,FinTech / Data,Data Analyst; Business Analyst; Product Analyst; Operations Analyst; Financial Data,Keep any employment type when role-relevant; exclude generic part-time/frontline work,"Exclude generic sales, retail, hospitality, customer service and frontline roles",80,Relevant Dublin analyst/technology footprint; strong data + finance crossover.,visible,core_harshit,TRUE,validated_addition,Relevant Dublin analyst/technology footprint; strong data + finance crossover.,Ireland-relevance validated / vacancy-level verification still required
65,CrowdStrike,https://www.crowdstrike.com/careers/,88,P2 — Strong,Harshit primary,Cybersecurity / SaaS,Data Analyst; Intelligence Analyst; Business Operations; Product; Technical Consulting,Keep any employment type when role-relevant; exclude generic part-time/frontline work,"Exclude generic sales, retail, hospitality, customer service and frontline roles",76,Ireland cyber/data footprint with relevant analytical and enterprise roles.,visible,core_harshit,TRUE,validated_addition,Ireland cyber/data footprint with relevant analytical and enterprise roles.,Ireland-relevance validated / vacancy-level verification still required
66,Veeam,https://careers.veeam.com/,88,P2 — Strong,Harshit primary,Enterprise Software,Data & AI; Enterprise Technology; Professional Services; Product; Business Operations,Keep any employment type when role-relevant; exclude generic part-time/frontline work,"Exclude generic sales, retail, hospitality, customer service and frontline roles",76,"Enterprise software functions span Data & AI, technology and professional services.",visible,core_harshit,TRUE,validated_addition,"Enterprise software functions span Data & AI, technology and professional services.",Ireland-relevance validated / vacancy-level verification still required
67,BNY,https://careers.bny.com,88,P2 — Strong,Harshit primary,Financial Services / Technology,Client Implementation; Data Delivery; Product/Business Analyst; Operations Analyst,Keep graduate; permanent; contract and fixed-term roles when profile-relevant,"Exclude generic sales, retail, hospitality, customer service and frontline roles",84,Current Dublin implementation data product and operations hiring aligns with ERP delivery and analytics experience; seniority filter remains important.,visible,core_harshit,TRUE,validated_live_addition,Twenty-three current Dublin roles verified.,verified_2026_08_31
68,NeoDyne,https://neodyne.com/current-opportunities/,88,P2 — Strong,Harshit primary,Engineering / Automation / Digital Manufacturing,Business Analyst; Data/Analytics; Digital Manufacturing; IT/Technology; Project Analyst,Keep any employment type when role-relevant; exclude generic part-time work,"Exclude generic sales, retail, hospitality, customer service and frontline roles",60,"Ireland technology and digital-manufacturing employer with graduate programmes and strong automation/IT exposure, though engineering dominates.",visible,core_harshit,TRUE,validated_live_addition,,
69,A&L Goodbody,https://www.algoodbody.com/careers,86,P2 — Strong,Harshit primary,Finance / Risk,Risk/Compliance Analyst; Data/BI Analyst; Business Analyst; Operations Analyst,Keep any employment type when role-relevant; exclude generic part-time work,"Exclude generic sales, retail, hospitality, customer service and frontline roles",81,Analytics plus market-surveillance project helps; finance pedigree/domain depth is weaker than your business/implementation fit.,visible,core_harshit,TRUE,retained_or_replacement,,
70,AECOM,https://aecom.jobs/search-jobs/Ireland,86,P2 — Strong,Harshit primary,Finance / Risk,Risk/Compliance Analyst; Data/BI Analyst; Business Analyst; Operations Analyst,Keep any employment type when role-relevant; exclude generic part-time work,"Exclude generic sales, retail, hospitality, customer service and frontline roles",81,Analytics plus market-surveillance project helps; finance pedigree/domain depth is weaker than your business/implementation fit.,visible,core_harshit,TRUE,retained_or_replacement,,
71,Agilent Technologies,https://careers.agilent.com/,86,P2 — Strong,Harshit primary,Finance / Risk,Risk/Compliance Analyst; Data/BI Analyst; Business Analyst; Operations Analyst,Keep any employment type when role-relevant; exclude generic part-time work,"Exclude generic sales, retail, hospitality, customer service and frontline roles",81,Analytics plus market-surveillance project helps; finance pedigree/domain depth is weaker than your business/implementation fit.,visible,core_harshit,TRUE,retained_or_replacement,,
72,AIB (Allied Irish Banks),https://jobs.aib.ie/,86,P2 — Strong,Harshit primary,Finance / Risk,Risk/Compliance Analyst; Data/BI Analyst; Business Analyst; Operations Analyst,Keep any employment type when role-relevant; exclude generic part-time work,"Exclude generic sales, retail, hospitality, customer service and frontline roles",81,Analytics plus market-surveillance project helps; finance pedigree/domain depth is weaker than your business/implementation fit.,visible,core_harshit,TRUE,retained_or_replacement,,
73,AIG,https://www.aig.com/careers,86,P2 — Strong,Harshit primary,Finance / Risk,Risk/Compliance Analyst; Data/BI Analyst; Business Analyst; Operations Analyst,Keep any employment type when role-relevant; exclude generic part-time work,"Exclude generic sales, retail, hospitality, customer service and frontline roles",81,Analytics plus market-surveillance project helps; finance pedigree/domain depth is weaker than your business/implementation fit.,visible,core_harshit,TRUE,retained_or_replacement,,
74,AirNav Ireland,https://www.airnav.ie/careers,86,P2 — Strong,Harshit primary,Finance / Risk,Risk/Compliance Analyst; Data/BI Analyst; Business Analyst; Operations Analyst,Keep any employment type when role-relevant; exclude generic part-time work,"Exclude generic sales, retail, hospitality, customer service and frontline roles",81,Analytics plus market-surveillance project helps; finance pedigree/domain depth is weaker than your business/implementation fit.,visible,core_harshit,TRUE,retained_or_replacement,,activated_2026_09_18 / live vacancy verification pending
75,Akamai,https://www.akamai.com/careers,86,P2 — Strong,Harshit primary,Finance / Risk,Risk/Compliance Analyst; Data/BI Analyst; Business Analyst; Operations Analyst,Keep any employment type when role-relevant; exclude generic part-time work,"Exclude generic sales, retail, hospitality, customer service and frontline roles",81,Analytics plus market-surveillance project helps; finance pedigree/domain depth is weaker than your business/implementation fit.,visible,core_harshit,TRUE,retained_or_replacement,,activated_2026_09_18 / live vacancy verification pending
76,Alexion Pharmaceuticals,https://careers.astrazeneca.com/location/ireland-jobs/7684/2963597/2,86,P2 — Strong,Harshit primary,Finance / Risk,Risk/Compliance Analyst; Data/BI Analyst; Business Analyst; Operations Analyst,Keep any employment type when role-relevant; exclude generic part-time work,"Exclude generic sales, retail, hospitality, customer service and frontline roles",81,Analytics plus market-surveillance project helps; finance pedigree/domain depth is weaker than your business/implementation fit.,visible,core_harshit,TRUE,retained_or_replacement,,
77,Alkermes,https://www.alkermes.com/careers,86,P2 — Strong,Harshit primary,Finance / Risk,Risk/Compliance Analyst; Data/BI Analyst; Business Analyst; Operations Analyst,Keep any employment type when role-relevant; exclude generic part-time work,"Exclude generic sales, retail, hospitality, customer service and frontline roles",81,Analytics plus market-surveillance project helps; finance pedigree/domain depth is weaker than your business/implementation fit.,visible,core_harshit,TRUE,retained_or_replacement,,activated_2026_09_18 / live vacancy verification pending
78,Allianz Ireland,https://www.allianz.ie/about-allianz/careers.html,86,P2 — Strong,Harshit primary,Finance / Risk,Risk/Compliance Analyst; Data/BI Analyst; Business Analyst; Operations Analyst,Keep any employment type when role-relevant; exclude generic part-time work,"Exclude generic sales, retail, hospitality, customer service and frontline roles",81,Analytics plus market-surveillance project helps; finance pedigree/domain depth is weaker than your business/implementation fit.,visible,core_harshit,TRUE,retained_or_replacement,,
79,Alter Domus,https://careers.alterdomus.com/,86,P2 — Strong,Harshit primary,Finance / Risk,Risk/Compliance Analyst; Data/BI Analyst; Business Analyst; Operations Analyst,Keep any employment type when role-relevant; exclude generic part-time work,"Exclude generic sales, retail, hospitality, customer service and frontline roles",81,Analytics plus market-surveillance project helps; finance pedigree/domain depth is weaker than your business/implementation fit.,visible,core_harshit,TRUE,retained_or_replacement,,
80,AMCS Group,https://www.amcsgroup.com/careers/,86,P2 — Strong,Harshit primary,Finance / Risk,Risk/Compliance Analyst; Data/BI Analyst; Business Analyst; Operations Analyst,Keep any employment type when role-relevant; exclude generic part-time work,"Exclude generic sales, retail, hospitality, customer service and frontline roles",81,Analytics plus market-surveillance project helps; finance pedigree/domain depth is weaker than your business/implementation fit.,visible,core_harshit,TRUE,retained_or_replacement,,
81,Amundi,https://about.amundi.com/Careers,86,P2 — Strong,Harshit primary,Finance / Risk,Risk/Compliance Analyst; Data/BI Analyst; Business Analyst; Operations Analyst,Keep any employment type when role-relevant; exclude generic part-time work,"Exclude generic sales, retail, hospitality, customer service and frontline roles",81,Analytics plus market-surveillance project helps; finance pedigree/domain depth is weaker than your business/implementation fit.,visible,core_harshit,TRUE,retained_or_replacement,,activated_2026_09_18 / live vacancy verification pending
82,An Post,https://www.anpost.com/About/Careers,86,P2 — Strong,Harshit primary,Finance / Risk,Risk/Compliance Analyst; Data/BI Analyst; Business Analyst; Operations Analyst,Keep any employment type when role-relevant; exclude generic part-time work,"Exclude generic sales, retail, hospitality, customer service and frontline roles",81,Analytics plus market-surveillance project helps; finance pedigree/domain depth is weaker than your business/implementation fit.,visible,core_harshit,TRUE,retained_or_replacement,,activated_2026_09_18 / live vacancy verification pending
83,Aon,https://aon.wd1.myworkdayjobs.com/AonCareers,86,P2 — Strong,Harshit primary,Finance / Risk,Risk/Compliance Analyst; Data/BI Analyst; Business Analyst; Operations Analyst,Keep any employment type when role-relevant; exclude generic part-time work,"Exclude generic sales, retail, hospitality, customer service and frontline roles",81,Analytics plus market-surveillance project helps; finance pedigree/domain depth is weaker than your business/implementation fit.,visible,core_harshit,TRUE,retained_or_replacement,,
84,Apex Group,https://www.apexgroup.com/careers/,86,P2 — Strong,Harshit primary,Finance / Risk,Risk/Compliance Analyst; Data/BI Analyst; Business Analyst; Operations Analyst,Keep any employment type when role-relevant; exclude generic part-time work,"Exclude generic sales, retail, hospitality, customer service and frontline roles",81,Analytics plus market-surveillance project helps; finance pedigree/domain depth is weaker than your business/implementation fit.,visible,core_harshit,TRUE,retained_or_replacement,,
85,Applied Materials,https://www.appliedmaterials.com/us/en/careers.html,86,P2 — Strong,Harshit primary,Finance / Risk,Risk/Compliance Analyst; Data/BI Analyst; Business Analyst; Operations Analyst,Keep any employment type when role-relevant; exclude generic part-time work,"Exclude generic sales, retail, hospitality, customer service and frontline roles",81,Analytics plus market-surveillance project helps; finance pedigree/domain depth is weaker than your business/implementation fit.,visible,core_harshit,TRUE,retained_or_replacement,,
86,Aptiv,https://www.aptiv.com/en/jobs/working-here/global-locations/ireland,86,P2 — Strong,Harshit primary,Finance / Risk,Risk/Compliance Analyst; Data/BI Analyst; Business Analyst; Operations Analyst,Keep any employment type when role-relevant; exclude generic part-time work,"Exclude generic sales, retail, hospitality, customer service and frontline roles",81,Analytics plus market-surveillance project helps; finance pedigree/domain depth is weaker than your business/implementation fit.,visible,core_harshit,TRUE,retained_or_replacement,,
87,Arcadis,https://jobs.arcadis.com/careers?domain=arcadis.com&start=0&location=ireland&pid=563671531437053&sort_by=distance&filter_include_remote=1&filter_include_relocation=0,86,P2 — Strong,Harshit primary,Finance / Risk,Risk/Compliance Analyst; Data/BI Analyst; Business Analyst; Operations Analyst,Keep any employment type when role-relevant; exclude generic part-time work,"Exclude generic sales, retail, hospitality, customer service and frontline roles",81,Analytics plus market-surveillance project helps; finance pedigree/domain depth is weaker than your business/implementation fit.,visible,core_harshit,TRUE,retained_or_replacement,,
88,Arista Networks,https://www.arista.com/en/careers,86,P2 — Strong,Harshit primary,Finance / Risk,Risk/Compliance Analyst; Data/BI Analyst; Business Analyst; Operations Analyst,Keep any employment type when role-relevant; exclude generic part-time work,"Exclude generic sales, retail, hospitality, customer service and frontline roles",81,Analytics plus market-surveillance project helps; finance pedigree/domain depth is weaker than your business/implementation fit.,visible,core_harshit,TRUE,retained_or_replacement,,
89,Arthur Cox,https://www.arthurcox.com/careers/,86,P2 — Strong,Harshit primary,Finance / Risk,Risk/Compliance Analyst; Data/BI Analyst; Business Analyst; Operations Analyst,Keep any employment type when role-relevant; exclude generic part-time work,"Exclude generic sales, retail, hospitality, customer service and frontline roles",81,Analytics plus market-surveillance project helps; finance pedigree/domain depth is weaker than your business/implementation fit.,visible,core_harshit,TRUE,retained_or_replacement,,
90,Arup,https://www.arup.com/careers,86,P2 — Strong,Harshit primary,Finance / Risk,Risk/Compliance Analyst; Data/BI Analyst; Business Analyst; Operations Analyst,Keep any employment type when role-relevant; exclude generic part-time work,"Exclude generic sales, retail, hospitality, customer service and frontline roles",81,Analytics plus market-surveillance project helps; finance pedigree/domain depth is weaker than your business/implementation fit.,visible,core_harshit,TRUE,retained_or_replacement,,
91,ARYZTA Ireland,https://www.aryzta.com/careers/,86,P2 — Strong,Harshit primary,Finance / Risk,Risk/Compliance Analyst; Data/BI Analyst; Business Analyst; Operations Analyst,Keep any employment type when role-relevant; exclude generic part-time work,"Exclude generic sales, retail, hospitality, customer service and frontline roles",81,Analytics plus market-surveillance project helps; finance pedigree/domain depth is weaker than your business/implementation fit.,visible,core_harshit,TRUE,retained_or_replacement,,activated_2026_09_18 / live vacancy verification pending
92,Asana,https://asana.com/careers,86,P2 — Strong,Harshit primary,Finance / Risk,Risk/Compliance Analyst; Data/BI Analyst; Business Analyst; Operations Analyst,Keep any employment type when role-relevant; exclude generic part-time work,"Exclude generic sales, retail, hospitality, customer service and frontline roles",81,Analytics plus market-surveillance project helps; finance pedigree/domain depth is weaker than your business/implementation fit.,visible,core_harshit,TRUE,retained_or_replacement,,
93,ASL Aviation Holdings,https://www.aslaviationholdings.com/careers/,86,P2 — Strong,Harshit primary,Finance / Risk,Risk/Compliance Analyst; Data/BI Analyst; Business Analyst; Operations Analyst,Keep any employment type when role-relevant; exclude generic part-time work,"Exclude generic sales, retail, hospitality, customer service and frontline roles",81,Analytics plus market-surveillance project helps; finance pedigree/domain depth is weaker than your business/implementation fit.,visible,core_harshit,TRUE,retained_or_replacement,,
94,ASML,https://www.asml.com/en/careers,86,P2 — Strong,Harshit primary,Finance / Risk,Risk/Compliance Analyst; Data/BI Analyst; Business Analyst; Operations Analyst,Keep any employment type when role-relevant; exclude generic part-time work,"Exclude generic sales, retail, hospitality, customer service and frontline roles",81,Analytics plus market-surveillance project helps; finance pedigree/domain depth is weaker than your business/implementation fit.,visible,core_harshit,TRUE,retained_or_replacement,,activated_2026_09_18 / live vacancy verification pending
95,Astellas Pharma,https://www.astellas.com/en/careers,86,P2 — Strong,Harshit primary,Finance / Risk,Risk/Compliance Analyst; Data/BI Analyst; Business Analyst; Operations Analyst,Keep any employment type when role-relevant; exclude generic part-time work,"Exclude generic sales, retail, hospitality, customer service and frontline roles",81,Analytics plus market-surveillance project helps; finance pedigree/domain depth is weaker than your business/implementation fit.,visible,core_harshit,TRUE,retained_or_replacement,,
96,AstraZeneca,https://careers.astrazeneca.com/search-jobs/Ireland,86,P2 — Strong,Harshit primary,Finance / Risk,Risk/Compliance Analyst; Data/BI Analyst; Business Analyst; Operations Analyst,Keep any employment type when role-relevant; exclude generic part-time work,"Exclude generic sales, retail, hospitality, customer service and frontline roles",81,Analytics plus market-surveillance project helps; finance pedigree/domain depth is weaker than your business/implementation fit.,visible,core_harshit,TRUE,retained_or_replacement,,
97,AtkinsRéalis,https://careers.atkinsrealis.com/en,86,P2 — Strong,Harshit primary,Finance / Risk,Risk/Compliance Analyst; Data/BI Analyst; Business Analyst; Operations Analyst,Keep any employment type when role-relevant; exclude generic part-time work,"Exclude generic sales, retail, hospitality, customer service and frontline roles",81,Analytics plus market-surveillance project helps; finance pedigree/domain depth is weaker than your business/implementation fit.,visible,core_harshit,TRUE,retained_or_replacement,,
98,Autodesk,https://autodesk.wd1.myworkdayjobs.com/Ext,86,P2 — Strong,Harshit primary,Finance / Risk,Risk/Compliance Analyst; Data/BI Analyst; Business Analyst; Operations Analyst,Keep any employment type when role-relevant; exclude generic part-time work,"Exclude generic sales, retail, hospitality, customer service and frontline roles",81,Analytics plus market-surveillance project helps; finance pedigree/domain depth is weaker than your business/implementation fit.,visible,core_harshit,TRUE,retained_or_replacement,,
99,Aviva Ireland,https://www.aviva.ie/about/careers/,86,P2 — Strong,Harshit primary,Finance / Risk,Risk/Compliance Analyst; Data/BI Analyst; Business Analyst; Operations Analyst,Keep any employment type when role-relevant; exclude generic part-time work,"Exclude generic sales, retail, hospitality, customer service and frontline roles",81,Analytics plus market-surveillance project helps; finance pedigree/domain depth is weaker than your business/implementation fit.,visible,core_harshit,TRUE,retained_or_replacement,,activated_2026_09_18 / live vacancy verification pending
100,AXA Ireland,https://www.axa.ie/careers/,86,P2 — Strong,Harshit primary,Finance / Risk,Risk/Compliance Analyst; Data/BI Analyst; Business Analyst; Operations Analyst,Keep any employment type when role-relevant; exclude generic part-time work,"Exclude generic sales, retail, hospitality, customer service and frontline roles",81,Analytics plus market-surveillance project helps; finance pedigree/domain depth is weaker than your business/implementation fit.,visible,core_harshit,TRUE,retained_or_replacement,,
101,AXA XL,https://careers.axa.com/careers-home/jobs?tags3=AXA%20XL&iisc=referral&iis=axaxl_website&iisn=axaxl_careers_page&page=1&lat=53.40820732213721&lng=-6.16041279943103&radiusUnit=MILES&radius=10,86,P2 — Strong,Harshit primary,Finance / Risk,Risk/Compliance Analyst; Data/BI Analyst; Business Analyst; Operations Analyst,Keep any employment type when role-relevant; exclude generic part-time work,"Exclude generic sales, retail, hospitality, customer service and frontline roles",81,Analytics plus market-surveillance project helps; finance pedigree/domain depth is weaker than your business/implementation fit.,visible,core_harshit,TRUE,retained_or_replacement,,
102,Baker Tilly Ireland,https://www.bakertilly.ie/careers/,86,P2 — Strong,Harshit primary,Finance / Risk,Risk/Compliance Analyst; Data/BI Analyst; Business Analyst; Operations Analyst,Keep any employment type when role-relevant; exclude generic part-time work,"Exclude generic sales, retail, hospitality, customer service and frontline roles",81,Analytics plus market-surveillance project helps; finance pedigree/domain depth is weaker than your business/implementation fit.,visible,core_harshit,TRUE,retained_or_replacement,,
103,Bank of Ireland,https://www.bankofireland.com/about-bank-of-ireland/careers/,86,P2 — Strong,Harshit primary,Finance / Risk,Risk/Compliance Analyst; Data/BI Analyst; Business Analyst; Operations Analyst,Keep any employment type when role-relevant; exclude generic part-time work,"Exclude generic sales, retail, hospitality, customer service and frontline roles",81,Analytics plus market-surveillance project helps; finance pedigree/domain depth is weaker than your business/implementation fit.,visible,core_harshit,TRUE,retained_or_replacement,,
104,Bausch + Lomb,https://bauschhealth.wd1.myworkdayjobs.com/BauschHealthCareers,86,P2 — Strong,Harshit primary,Finance / Risk,Risk/Compliance Analyst; Data/BI Analyst; Business Analyst; Operations Analyst,Keep any employment type when role-relevant; exclude generic part-time work,"Exclude generic sales, retail, hospitality, customer service and frontline roles",81,Analytics plus market-surveillance project helps; finance pedigree/domain depth is weaker than your business/implementation fit.,visible,core_harshit,TRUE,retained_or_replacement,,
105,Baxter International,https://jobs.baxter.com/search-jobs/Ireland,86,P2 — Strong,Harshit primary,Finance / Risk,Risk/Compliance Analyst; Data/BI Analyst; Business Analyst; Operations Analyst,Keep any employment type when role-relevant; exclude generic part-time work,"Exclude generic sales, retail, hospitality, customer service and frontline roles",81,Analytics plus market-surveillance project helps; finance pedigree/domain depth is weaker than your business/implementation fit.,visible,core_harshit,TRUE,retained_or_replacement,,
106,BDO Ireland,https://www.bdo.ie/en-gb/careers,86,P2 — Strong,Harshit primary,Finance / Risk,Risk/Compliance Analyst; Data/BI Analyst; Business Analyst; Operations Analyst,Keep any employment type when role-relevant; exclude generic part-time work,"Exclude generic sales, retail, hospitality, customer service and frontline roles",81,Analytics plus market-surveillance project helps; finance pedigree/domain depth is weaker than your business/implementation fit.,visible,core_harshit,TRUE,retained_or_replacement,,
107,Becton Dickinson (BD),https://bd.wd1.myworkdayjobs.com/BD_External,86,P2 — Strong,Harshit primary,Finance / Risk,Risk/Compliance Analyst; Data/BI Analyst; Business Analyst; Operations Analyst,Keep any employment type when role-relevant; exclude generic part-time work,"Exclude generic sales, retail, hospitality, customer service and frontline roles",81,Analytics plus market-surveillance project helps; finance pedigree/domain depth is weaker than your business/implementation fit.,visible,core_harshit,TRUE,retained_or_replacement,,
108,BioMarin,https://www.biomarin.com/careers/jobs/,86,P2 — Strong,Harshit primary,Finance / Risk,Risk/Compliance Analyst; Data/BI Analyst; Business Analyst; Operations Analyst,Keep any employment type when role-relevant; exclude generic part-time work,"Exclude generic sales, retail, hospitality, customer service and frontline roles",81,Analytics plus market-surveillance project helps; finance pedigree/domain depth is weaker than your business/implementation fit.,visible,core_harshit,TRUE,retained_or_replacement,,
109,BNP Paribas Ireland,https://group.bnpparibas/en/careers,86,P2 — Strong,Harshit primary,Finance / Risk,Risk/Compliance Analyst; Data/BI Analyst; Business Analyst; Operations Analyst,Keep any employment type when role-relevant; exclude generic part-time work,"Exclude generic sales, retail, hospitality, customer service and frontline roles",81,Analytics plus market-surveillance project helps; finance pedigree/domain depth is weaker than your business/implementation fit.,visible,core_harshit,TRUE,retained_or_replacement,,
110,Bord Gáis Energy,https://www.bordgaisenergy.ie/about-us/careers,86,P2 — Strong,Harshit primary,Finance / Risk,Risk/Compliance Analyst; Data/BI Analyst; Business Analyst; Operations Analyst,Keep any employment type when role-relevant; exclude generic part-time work,"Exclude generic sales, retail, hospitality, customer service and frontline roles",81,Analytics plus market-surveillance project helps; finance pedigree/domain depth is weaker than your business/implementation fit.,visible,core_harshit,TRUE,retained_or_replacement,,
111,Bristol Myers Squibb,https://careers.bms.com/us/en/search-results?m=3&location=Ireland,86,P2 — Strong,Harshit primary,Finance / Risk,Risk/Compliance Analyst; Data/BI Analyst; Business Analyst; Operations Analyst,Keep any employment type when role-relevant; exclude generic part-time work,"Exclude generic sales, retail, hospitality, customer service and frontline roles",81,Analytics plus market-surveillance project helps; finance pedigree/domain depth is weaker than your business/implementation fit.,visible,core_harshit,TRUE,retained_or_replacement,,
112,Broadcom,https://broadcom.wd1.myworkdayjobs.com/External_Career,86,P2 — Strong,Harshit primary,Finance / Risk,Risk/Compliance Analyst; Data/BI Analyst; Business Analyst; Operations Analyst,Keep any employment type when role-relevant; exclude generic part-time work,"Exclude generic sales, retail, hospitality, customer service and frontline roles",81,Analytics plus market-surveillance project helps; finance pedigree/domain depth is weaker than your business/implementation fit.,visible,core_harshit,TRUE,retained_or_replacement,,
113,Cadence Design Systems,https://cadence.wd1.myworkdayjobs.com/External_Careers,86,P2 — Strong,Harshit primary,Finance / Risk,Risk/Compliance Analyst; Data/BI Analyst; Business Analyst; Operations Analyst,Keep any employment type when role-relevant; exclude generic part-time work,"Exclude generic sales, retail, hospitality, customer service and frontline roles",81,Analytics plus market-surveillance project helps; finance pedigree/domain depth is weaker than your business/implementation fit.,visible,core_harshit,TRUE,retained_or_replacement,,
114,Canto,https://www.canto.com/careers/,86,P2 — Strong,Harshit primary,Finance / Risk,Risk/Compliance Analyst; Data/BI Analyst; Business Analyst; Operations Analyst,Keep any employment type when role-relevant; exclude generic part-time work,"Exclude generic sales, retail, hospitality, customer service and frontline roles",81,Analytics plus market-surveillance project helps; finance pedigree/domain depth is weaker than your business/implementation fit.,visible,core_harshit,TRUE,retained_or_replacement,,
115,CarTrawler,https://www.cartrawler.com/careers/,86,P2 — Strong,Harshit primary,Finance / Risk,Risk/Compliance Analyst; Data/BI Analyst; Business Analyst; Operations Analyst,Keep any employment type when role-relevant; exclude generic part-time work,"Exclude generic sales, retail, hospitality, customer service and frontline roles",81,Analytics plus market-surveillance project helps; finance pedigree/domain depth is weaker than your business/implementation fit.,visible,core_harshit,TRUE,retained_or_replacement,,
116,Central Bank of Ireland,https://www.centralbank.ie/careers,86,P2 — Strong,Harshit primary,Finance / Risk,Risk/Compliance Analyst; Data/BI Analyst; Business Analyst; Operations Analyst,Keep any employment type when role-relevant; exclude generic part-time work,"Exclude generic sales, retail, hospitality, customer service and frontline roles",81,Analytics plus market-surveillance project helps; finance pedigree/domain depth is weaker than your business/implementation fit.,visible,core_harshit,TRUE,retained_or_replacement,,
117,Chubb,https://careers.chubb.com/,86,P2 — Strong,Harshit primary,Finance / Risk,Risk/Compliance Analyst; Data/BI Analyst; Business Analyst; Operations Analyst,Keep any employment type when role-relevant; exclude generic part-time work,"Exclude generic sales, retail, hospitality, customer service and frontline roles",81,Analytics plus market-surveillance project helps; finance pedigree/domain depth is weaker than your business/implementation fit.,visible,core_harshit,TRUE,retained_or_replacement,,
118,Citco,https://www.citco.com/careers,86,P2 — Strong,Harshit primary,Finance / Risk,Risk/Compliance Analyst; Data/BI Analyst; Business Analyst; Operations Analyst,Keep any employment type when role-relevant; exclude generic part-time work,"Exclude generic sales, retail, hospitality, customer service and frontline roles",81,Analytics plus market-surveillance project helps; finance pedigree/domain depth is weaker than your business/implementation fit.,visible,core_harshit,TRUE,retained_or_replacement,,
119,ClickUp,https://clickup.com/careers,86,P2 — Strong,Harshit primary,Finance / Risk,Risk/Compliance Analyst; Data/BI Analyst; Business Analyst; Operations Analyst,Keep any employment type when role-relevant; exclude generic part-time work,"Exclude generic sales, retail, hospitality, customer service and frontline roles",81,Analytics plus market-surveillance project helps; finance pedigree/domain depth is weaker than your business/implementation fit.,visible,core_harshit,TRUE,retained_or_replacement,,
120,Coca-Cola HBC Ireland,https://ie.coca-colahellenic.com/en/careers,86,P2 — Strong,Harshit primary,Finance / Risk,Risk/Compliance Analyst; Data/BI Analyst; Business Analyst; Operations Analyst,Keep any employment type when role-relevant; exclude generic part-time work,"Exclude generic sales, retail, hospitality, customer service and frontline roles",81,Analytics plus market-surveillance project helps; finance pedigree/domain depth is weaker than your business/implementation fit.,visible,core_harshit,TRUE,retained_or_replacement,,
121,Concentrix (Ireland),https://www.concentrix.com/careers/,86,P2 — Strong,Harshit primary,Finance / Risk,Risk/Compliance Analyst; Data/BI Analyst; Business Analyst; Operations Analyst,Keep any employment type when role-relevant; exclude generic part-time work,"Exclude generic sales, retail, hospitality, customer service and frontline roles",81,Analytics plus market-surveillance project helps; finance pedigree/domain depth is weaker than your business/implementation fit.,visible,core_harshit,TRUE,retained_or_replacement,,
122,CRH,https://www.crh.com/careers,86,P2 — Strong,Harshit primary,Finance / Risk,Risk/Compliance Analyst; Data/BI Analyst; Business Analyst; Operations Analyst,Keep any employment type when role-relevant; exclude generic part-time work,"Exclude generic sales, retail, hospitality, customer service and frontline roles",81,Analytics plus market-surveillance project helps; finance pedigree/domain depth is weaker than your business/implementation fit.,visible,core_harshit,TRUE,retained_or_replacement,,
123,daa (Dublin Airport Authority),https://www.daa.ie/careers/,86,P2 — Strong,Harshit primary,Finance / Risk,Risk/Compliance Analyst; Data/BI Analyst; Business Analyst; Operations Analyst,Keep any employment type when role-relevant; exclude generic part-time work,"Exclude generic sales, retail, hospitality, customer service and frontline roles",81,Analytics plus market-surveillance project helps; finance pedigree/domain depth is weaker than your business/implementation fit.,visible,core_harshit,TRUE,retained_or_replacement,,
124,Danaher Corporation,https://jobs.danaher.com/global/en/search-results?m=3&location=Ireland,86,P2 — Strong,Harshit primary,Finance / Risk,Risk/Compliance Analyst; Data/BI Analyst; Business Analyst; Operations Analyst,Keep any employment type when role-relevant; exclude generic part-time work,"Exclude generic sales, retail, hospitality, customer service and frontline roles",81,Analytics plus market-surveillance project helps; finance pedigree/domain depth is weaker than your business/implementation fit.,visible,core_harshit,TRUE,retained_or_replacement,,
125,Davy,https://www.davy.ie/working-at-davy/opportunities,86,P2 — Strong,Harshit primary,Finance / Risk,Risk/Compliance Analyst; Data/BI Analyst; Business Analyst; Operations Analyst,Keep any employment type when role-relevant; exclude generic part-time work,"Exclude generic sales, retail, hospitality, customer service and frontline roles",81,Analytics plus market-surveillance project helps; finance pedigree/domain depth is weaker than your business/implementation fit.,visible,core_harshit,TRUE,retained_or_replacement,,
126,DCC plc,https://www.dcc.ie/careers,86,P2 — Strong,Harshit primary,Finance / Risk,Risk/Compliance Analyst; Data/BI Analyst; Business Analyst; Operations Analyst,Keep any employment type when role-relevant; exclude generic part-time work,"Exclude generic sales, retail, hospitality, customer service and frontline roles",81,Analytics plus market-surveillance project helps; finance pedigree/domain depth is weaker than your business/implementation fit.,visible,core_harshit,TRUE,retained_or_replacement,,
127,Dexcom,https://www.dexcom.com/en-IE/careers,86,P2 — Strong,Harshit primary,Finance / Risk,Risk/Compliance Analyst; Data/BI Analyst; Business Analyst; Operations Analyst,Keep any employment type when role-relevant; exclude generic part-time work,"Exclude generic sales, retail, hospitality, customer service and frontline roles",81,Analytics plus market-surveillance project helps; finance pedigree/domain depth is weaker than your business/implementation fit.,visible,core_harshit,TRUE,retained_or_replacement,,
128,DHL Ireland,https://www.dhl.com/ie-en/home/careers.html,86,P2 — Strong,Harshit primary,Finance / Risk,Risk/Compliance Analyst; Data/BI Analyst; Business Analyst; Operations Analyst,Keep any employment type when role-relevant; exclude generic part-time work,"Exclude generic sales, retail, hospitality, customer service and frontline roles",81,Analytics plus market-surveillance project helps; finance pedigree/domain depth is weaker than your business/implementation fit.,visible,core_harshit,TRUE,retained_or_replacement,,
129,Dillon Eustace,https://www.dilloneustace.com/careers,86,P2 — Strong,Harshit primary,Finance / Risk,Risk/Compliance Analyst; Data/BI Analyst; Business Analyst; Operations Analyst,Keep any employment type when role-relevant; exclude generic part-time work,"Exclude generic sales, retail, hospitality, customer service and frontline roles",81,Analytics plus market-surveillance project helps; finance pedigree/domain depth is weaker than your business/implementation fit.,visible,core_harshit,TRUE,retained_or_replacement,,
130,DPS Group (Arcadis),https://www.dpsgroupglobal.com/careers,86,P2 — Strong,Harshit primary,Finance / Risk,Risk/Compliance Analyst; Data/BI Analyst; Business Analyst; Operations Analyst,Keep any employment type when role-relevant; exclude generic part-time work,"Exclude generic sales, retail, hospitality, customer service and frontline roles",81,Analytics plus market-surveillance project helps; finance pedigree/domain depth is weaker than your business/implementation fit.,visible,core_harshit,TRUE,retained_or_replacement,,
131,Dublin Port Company,https://www.dublinport.ie/careers/,86,P2 — Strong,Harshit primary,Finance / Risk,Risk/Compliance Analyst; Data/BI Analyst; Business Analyst; Operations Analyst,Keep any employment type when role-relevant; exclude generic part-time work,"Exclude generic sales, retail, hospitality, customer service and frontline roles",81,Analytics plus market-surveillance project helps; finance pedigree/domain depth is weaker than your business/implementation fit.,visible,core_harshit,TRUE,retained_or_replacement,,
132,Eaton,https://eaton.eightfold.ai/careers,86,P2 — Strong,Harshit primary,Industrial / Technology,Operations Analyst; Business Analyst; Data/BI Analyst,Keep any employment type when role-relevant; exclude generic part-time work,"Exclude generic sales, retail, hospitality, customer service and frontline roles",81,No current Republic of Ireland vacancies on the official Eightfold board.,hidden,currently_not_hiring_roi,TRUE,audited_zero,Official Eightfold board returned zero Republic of Ireland jobs.,verified_2026_08_31
133,eBay,https://jobs.ebayinc.com/,86,P2 — Strong,Harshit primary,Finance / Risk,Risk/Compliance Analyst; Data/BI Analyst; Business Analyst; Operations Analyst,Keep any employment type when role-relevant; exclude generic part-time work,"Exclude generic sales, retail, hospitality, customer service and frontline roles",81,Analytics plus market-surveillance project helps; finance pedigree/domain depth is weaker than your business/implementation fit.,visible,core_harshit,TRUE,retained_or_replacement,,
134,Eir,https://www.eir.ie/careers/,86,P2 — Strong,Harshit primary,Finance / Risk,Risk/Compliance Analyst; Data/BI Analyst; Business Analyst; Operations Analyst,Keep any employment type when role-relevant; exclude generic part-time work,"Exclude generic sales, retail, hospitality, customer service and frontline roles",81,Analytics plus market-surveillance project helps; finance pedigree/domain depth is weaker than your business/implementation fit.,visible,core_harshit,TRUE,retained_or_replacement,,
135,EirGrid,https://www.eirgrid.ie/careers,86,P2 — Strong,Harshit primary,Finance / Risk,Risk/Compliance Analyst; Data/BI Analyst; Business Analyst; Operations Analyst,Keep any employment type when role-relevant; exclude generic part-time work,"Exclude generic sales, retail, hospitality, customer service and frontline roles",81,Analytics plus market-surveillance project helps; finance pedigree/domain depth is weaker than your business/implementation fit.,visible,core_harshit,TRUE,retained_or_replacement,,
136,Elavon,https://usbank.wd1.myworkdayjobs.com/Elavon_Careers,86,P2 — Strong,Harshit primary,Finance / Risk,Risk/Compliance Analyst; Data/BI Analyst; Business Analyst; Operations Analyst,Keep any employment type when role-relevant; exclude generic part-time work,"Exclude generic sales, retail, hospitality, customer service and frontline roles",81,Analytics plus market-surveillance project helps; finance pedigree/domain depth is weaker than your business/implementation fit.,visible,core_harshit,TRUE,retained_or_replacement,,
137,Eli Lilly,https://be.gatekeeper.lilly.com/careers/search-jobs?location=Ireland,86,P2 — Strong,Harshit primary,Finance / Risk,Risk/Compliance Analyst; Data/BI Analyst; Business Analyst; Operations Analyst,Keep any employment type when role-relevant; exclude generic part-time work,"Exclude generic sales, retail, hospitality, customer service and frontline roles",81,Analytics plus market-surveillance project helps; finance pedigree/domain depth is weaker than your business/implementation fit.,visible,core_harshit,TRUE,retained_or_replacement,,
138,ESB,https://careers.esb.ie/,86,P2 — Strong,Harshit primary,Finance / Risk,Risk/Compliance Analyst; Data/BI Analyst; Business Analyst; Operations Analyst,Keep any employment type when role-relevant; exclude generic part-time work,"Exclude generic sales, retail, hospitality, customer service and frontline roles",81,Analytics plus market-surveillance project helps; finance pedigree/domain depth is weaker than your business/implementation fit.,visible,core_harshit,TRUE,retained_or_replacement,,
139,ESW,https://esw.com/careers/,86,P2 — Strong,Harshit primary,Finance / Risk,Risk/Compliance Analyst; Data/BI Analyst; Business Analyst; Operations Analyst,Keep any employment type when role-relevant; exclude generic part-time work,"Exclude generic sales, retail, hospitality, customer service and frontline roles",81,Analytics plus market-surveillance project helps; finance pedigree/domain depth is weaker than your business/implementation fit.,visible,core_harshit,TRUE,retained_or_replacement,,
140,Eurofins Scientific,https://careers.eurofins.com/ie/,86,P2 — Strong,Harshit primary,Finance / Risk,Risk/Compliance Analyst; Data/BI Analyst; Business Analyst; Operations Analyst,Keep any employment type when role-relevant; exclude generic part-time work,"Exclude generic sales, retail, hospitality, customer service and frontline roles",81,Analytics plus market-surveillance project helps; finance pedigree/domain depth is weaker than your business/implementation fit.,visible,core_harshit,TRUE,retained_or_replacement,,
141,FactSet,https://careers.factset.com/,86,P2 — Strong,Harshit primary,Finance / Risk,Risk/Compliance Analyst; Data/BI Analyst; Business Analyst; Operations Analyst,Keep any employment type when role-relevant; exclude generic part-time work,"Exclude generic sales, retail, hospitality, customer service and frontline roles",81,Analytics plus market-surveillance project helps; finance pedigree/domain depth is weaker than your business/implementation fit.,visible,core_harshit,TRUE,retained_or_replacement,,
142,FBD Insurance,https://www.fbd.ie/about/careers/,86,P2 — Strong,Harshit primary,Finance / Risk,Risk/Compliance Analyst; Data/BI Analyst; Business Analyst; Operations Analyst,Keep any employment type when role-relevant; exclude generic part-time work,"Exclude generic sales, retail, hospitality, customer service and frontline roles",81,Analytics plus market-surveillance project helps; finance pedigree/domain depth is weaker than your business/implementation fit.,visible,core_harshit,TRUE,retained_or_replacement,,
143,Fenergo,https://www.fenergo.com/careers,86,P2 — Strong,Harshit primary,Finance / Risk,Risk/Compliance Analyst; Data/BI Analyst; Business Analyst; Operations Analyst,Keep any employment type when role-relevant; exclude generic part-time work,"Exclude generic sales, retail, hospitality, customer service and frontline roles",81,Analytics plus market-surveillance project helps; finance pedigree/domain depth is weaker than your business/implementation fit.,visible,core_harshit,TRUE,retained_or_replacement,,
144,Fiserv,https://www.careers.fiserv.com/search-jobs/Ireland,86,P2 — Strong,Harshit primary,Finance / Risk,Risk/Compliance Analyst; Data/BI Analyst; Business Analyst; Operations Analyst,Keep any employment type when role-relevant; exclude generic part-time work,"Exclude generic sales, retail, hospitality, customer service and frontline roles",81,Analytics plus market-surveillance project helps; finance pedigree/domain depth is weaker than your business/implementation fit.,visible,core_harshit,TRUE,retained_or_replacement,,
145,Fitch Ratings,https://www.fitchratings.com/careers,86,P2 — Strong,Harshit primary,Finance / Risk,Risk/Compliance Analyst; Data/BI Analyst; Business Analyst; Operations Analyst,Keep any employment type when role-relevant; exclude generic part-time work,"Exclude generic sales, retail, hospitality, customer service and frontline roles",81,Analytics plus market-surveillance project helps; finance pedigree/domain depth is weaker than your business/implementation fit.,visible,core_harshit,TRUE,retained_or_replacement,,
146,Flipdish,https://www.flipdish.com/ie/careers,86,P2 — Strong,Harshit primary,Finance / Risk,Risk/Compliance Analyst; Data/BI Analyst; Business Analyst; Operations Analyst,Keep any employment type when role-relevant; exclude generic part-time work,"Exclude generic sales, retail, hospitality, customer service and frontline roles",81,Analytics plus market-surveillance project helps; finance pedigree/domain depth is weaker than your business/implementation fit.,visible,core_harshit,TRUE,retained_or_replacement,,
147,Forvis Mazars Ireland,https://www.mazars.ie/Home/Join-us/Our-job-offers,86,P2 — Strong,Harshit primary,Finance / Risk,Risk/Compliance Analyst; Data/BI Analyst; Business Analyst; Operations Analyst,Keep any employment type when role-relevant; exclude generic part-time work,"Exclude generic sales, retail, hospitality, customer service and frontline roles",81,Analytics plus market-surveillance project helps; finance pedigree/domain depth is weaker than your business/implementation fit.,visible,core_harshit,TRUE,retained_or_replacement,,
148,Gas Networks Ireland,https://www.gasnetworks.ie/about-us/careers/,86,P2 — Strong,Harshit primary,Finance / Risk,Risk/Compliance Analyst; Data/BI Analyst; Business Analyst; Operations Analyst,Keep any employment type when role-relevant; exclude generic part-time work,"Exclude generic sales, retail, hospitality, customer service and frontline roles",81,Analytics plus market-surveillance project helps; finance pedigree/domain depth is weaker than your business/implementation fit.,visible,core_harshit,TRUE,retained_or_replacement,,
149,GE HealthCare,https://careers.gehealthcare.com/,86,P2 — Strong,Harshit primary,Finance / Risk,Risk/Compliance Analyst; Data/BI Analyst; Business Analyst; Operations Analyst,Keep any employment type when role-relevant; exclude generic part-time work,"Exclude generic sales, retail, hospitality, customer service and frontline roles",81,Analytics plus market-surveillance project helps; finance pedigree/domain depth is weaker than your business/implementation fit.,visible,core_harshit,TRUE,retained_or_replacement,,
150,Genesys,https://genesys.wd1.myworkdayjobs.com/Genesys,86,P2 — Strong,Harshit primary,Finance / Risk,Risk/Compliance Analyst; Data/BI Analyst; Business Analyst; Operations Analyst,Keep any employment type when role-relevant; exclude generic part-time work,"Exclude generic sales, retail, hospitality, customer service and frontline roles",81,Analytics plus market-surveillance project helps; finance pedigree/domain depth is weaker than your business/implementation fit.,visible,core_harshit,TRUE,retained_or_replacement,,
151,Gilead Sciences,https://gilead.wd1.myworkdayjobs.com/gileadcareers,86,P2 — Strong,Harshit primary,Finance / Risk,Risk/Compliance Analyst; Data/BI Analyst; Business Analyst; Operations Analyst,Keep any employment type when role-relevant; exclude generic part-time work,"Exclude generic sales, retail, hospitality, customer service and frontline roles",81,Analytics plus market-surveillance project helps; finance pedigree/domain depth is weaker than your business/implementation fit.,visible,core_harshit,TRUE,retained_or_replacement,,
152,Glanbia / Tirlán,https://www.tirlan.com/careers,86,P2 — Strong,Harshit primary,Finance / Risk,Risk/Compliance Analyst; Data/BI Analyst; Business Analyst; Operations Analyst,Keep any employment type when role-relevant; exclude generic part-time work,"Exclude generic sales, retail, hospitality, customer service and frontline roles",81,Analytics plus market-surveillance project helps; finance pedigree/domain depth is weaker than your business/implementation fit.,visible,core_harshit,TRUE,retained_or_replacement,,
153,Grant Thornton Ireland,https://iegt.wd3.myworkdayjobs.com/GTI_External_Careers_Experienced_Hires_ROI,86,P2 — Strong,Harshit primary,Finance / Risk,Risk/Compliance Analyst; Data/BI Analyst; Business Analyst; Operations Analyst,Keep any employment type when role-relevant; exclude generic part-time work,"Exclude generic sales, retail, hospitality, customer service and frontline roles",81,Analytics plus market-surveillance project helps; finance pedigree/domain depth is weaker than your business/implementation fit.,visible,core_harshit,TRUE,retained_or_replacement,,
154,Heineken Ireland,https://www.heinekenireland.ie/careers/,86,P2 — Strong,Harshit primary,Finance / Risk,Risk/Compliance Analyst; Data/BI Analyst; Business Analyst; Operations Analyst,Keep any employment type when role-relevant; exclude generic part-time work,"Exclude generic sales, retail, hospitality, customer service and frontline roles",81,Analytics plus market-surveillance project helps; finance pedigree/domain depth is weaker than your business/implementation fit.,visible,core_harshit,TRUE,retained_or_replacement,,
155,Honeywell,https://ibqbjb.fa.ocs.oraclecloud.com/hcmUI/CandidateExperience/en/sites/Honeywell/jobs,86,P2 — Strong,Harshit primary,Finance / Risk,Risk/Compliance Analyst; Data/BI Analyst; Business Analyst; Operations Analyst,Keep any employment type when role-relevant; exclude generic part-time work,"Exclude generic sales, retail, hospitality, customer service and frontline roles",81,Analytics plus market-surveillance project helps; finance pedigree/domain depth is weaker than your business/implementation fit.,visible,core_harshit,TRUE,retained_or_replacement,,
156,HSBC Ireland,https://www.about.hsbc.ie/careers,86,P2 — Strong,Harshit primary,Finance / Risk,Risk/Compliance Analyst; Data/BI Analyst; Business Analyst; Operations Analyst,Keep any employment type when role-relevant; exclude generic part-time work,"Exclude generic sales, retail, hospitality, customer service and frontline roles",81,Analytics plus market-surveillance project helps; finance pedigree/domain depth is weaker than your business/implementation fit.,visible,core_harshit,TRUE,retained_or_replacement,,
157,Huawei Ireland,https://career.huawei.com/,86,P2 — Strong,Harshit primary,Finance / Risk,Risk/Compliance Analyst; Data/BI Analyst; Business Analyst; Operations Analyst,Keep any employment type when role-relevant; exclude generic part-time work,"Exclude generic sales, retail, hospitality, customer service and frontline roles",81,Analytics plus market-surveillance project helps; finance pedigree/domain depth is weaker than your business/implementation fit.,visible,core_harshit,TRUE,retained_or_replacement,,
158,Illumina,https://illumina.wd1.myworkdayjobs.com/illumina-careers,86,P2 — Strong,Harshit primary,Finance / Risk,Risk/Compliance Analyst; Data/BI Analyst; Business Analyst; Operations Analyst,Keep any employment type when role-relevant; exclude generic part-time work,"Exclude generic sales, retail, hospitality, customer service and frontline roles",81,Analytics plus market-surveillance project helps; finance pedigree/domain depth is weaker than your business/implementation fit.,visible,core_harshit,TRUE,retained_or_replacement,,
159,Indeed,https://www.indeed.jobs/,86,P2 — Strong,Harshit primary,Finance / Risk,Risk/Compliance Analyst; Data/BI Analyst; Business Analyst; Operations Analyst,Keep any employment type when role-relevant; exclude generic part-time work,"Exclude generic sales, retail, hospitality, customer service and frontline roles",81,Analytics plus market-surveillance project helps; finance pedigree/domain depth is weaker than your business/implementation fit.,visible,core_harshit,TRUE,retained_or_replacement,,
160,Intercom,https://www.intercom.com/careers,86,P2 — Strong,Harshit primary,Finance / Risk,Risk/Compliance Analyst; Data/BI Analyst; Business Analyst; Operations Analyst,Keep any employment type when role-relevant; exclude generic part-time work,"Exclude generic sales, retail, hospitality, customer service and frontline roles",81,Analytics plus market-surveillance project helps; finance pedigree/domain depth is weaker than your business/implementation fit.,visible,core_harshit,TRUE,retained_or_replacement,,
161,Irish Life,https://www.irishlife.ie/about-us/careers,86,P2 — Strong,Harshit primary,Finance / Risk,Risk/Compliance Analyst; Data/BI Analyst; Business Analyst; Operations Analyst,Keep any employment type when role-relevant; exclude generic part-time work,"Exclude generic sales, retail, hospitality, customer service and frontline roles",81,Analytics plus market-surveillance project helps; finance pedigree/domain depth is weaker than your business/implementation fit.,visible,core_harshit,TRUE,retained_or_replacement,,
162,Irish Rail (Iarnród Éireann),https://www.irishrail.ie/en-ie/about-us/careers,86,P2 — Strong,Harshit primary,Finance / Risk,Risk/Compliance Analyst; Data/BI Analyst; Business Analyst; Operations Analyst,Keep any employment type when role-relevant; exclude generic part-time work,"Exclude generic sales, retail, hospitality, customer service and frontline roles",81,Analytics plus market-surveillance project helps; finance pedigree/domain depth is weaker than your business/implementation fit.,visible,core_harshit,TRUE,retained_or_replacement,,
163,Jabil,https://careers.jabil.com/,86,P2 — Strong,Harshit primary,Finance / Risk,Risk/Compliance Analyst; Data/BI Analyst; Business Analyst; Operations Analyst,Keep any employment type when role-relevant; exclude generic part-time work,"Exclude generic sales, retail, hospitality, customer service and frontline roles",81,Analytics plus market-surveillance project helps; finance pedigree/domain depth is weaker than your business/implementation fit.,visible,core_harshit,TRUE,retained_or_replacement,,
164,Jacobs,https://www.jacobs.com/careers,86,P2 — Strong,Harshit primary,Finance / Risk,Risk/Compliance Analyst; Data/BI Analyst; Business Analyst; Operations Analyst,Keep any employment type when role-relevant; exclude generic part-time work,"Exclude generic sales, retail, hospitality, customer service and frontline roles",81,Analytics plus market-surveillance project helps; finance pedigree/domain depth is weaker than your business/implementation fit.,visible,core_harshit,TRUE,retained_or_replacement,,
165,Johnson Controls,https://jobs.johnsoncontrols.com/,86,P2 — Strong,Harshit primary,Finance / Risk,Risk/Compliance Analyst; Data/BI Analyst; Business Analyst; Operations Analyst,Keep any employment type when role-relevant; exclude generic part-time work,"Exclude generic sales, retail, hospitality, customer service and frontline roles",81,Analytics plus market-surveillance project helps; finance pedigree/domain depth is weaker than your business/implementation fit.,visible,core_harshit,TRUE,retained_or_replacement,,
166,Keysight Technologies,https://about.keysight.com/en/careers/,86,P2 — Strong,Harshit primary,Finance / Risk,Risk/Compliance Analyst; Data/BI Analyst; Business Analyst; Operations Analyst,Keep any employment type when role-relevant; exclude generic part-time work,"Exclude generic sales, retail, hospitality, customer service and frontline roles",81,Analytics plus market-surveillance project helps; finance pedigree/domain depth is weaker than your business/implementation fit.,visible,core_harshit,TRUE,retained_or_replacement,,
167,Kuehne+Nagel Ireland,https://jobs.kuehne-nagel.com/global/en/search-results?m=3&location=Ireland,86,P2 — Strong,Harshit primary,Finance / Risk,Risk/Compliance Analyst; Data/BI Analyst; Business Analyst; Operations Analyst,Keep any employment type when role-relevant; exclude generic part-time work,"Exclude generic sales, retail, hospitality, customer service and frontline roles",81,Analytics plus market-surveillance project helps; finance pedigree/domain depth is weaker than your business/implementation fit.,visible,core_harshit,TRUE,retained_or_replacement,,
168,Lam Research,https://www.lamresearch.com/careers/,86,P2 — Strong,Harshit primary,Finance / Risk,Risk/Compliance Analyst; Data/BI Analyst; Business Analyst; Operations Analyst,Keep any employment type when role-relevant; exclude generic part-time work,"Exclude generic sales, retail, hospitality, customer service and frontline roles",81,Analytics plus market-surveillance project helps; finance pedigree/domain depth is weaker than your business/implementation fit.,visible,core_harshit,TRUE,retained_or_replacement,,
169,LearnUpon,https://www.learnupon.com/careers/,86,P2 — Strong,Harshit primary,Finance / Risk,Risk/Compliance Analyst; Data/BI Analyst; Business Analyst; Operations Analyst,Keep any employment type when role-relevant; exclude generic part-time work,"Exclude generic sales, retail, hospitality, customer service and frontline roles",81,Analytics plus market-surveillance project helps; finance pedigree/domain depth is weaker than your business/implementation fit.,visible,core_harshit,TRUE,retained_or_replacement,,
170,Macquarie Group,https://www.macquarie.com/au/en/careers.html,86,P2 — Strong,Harshit primary,Finance / Risk,Risk/Compliance Analyst; Data/BI Analyst; Business Analyst; Operations Analyst,Keep any employment type when role-relevant; exclude generic part-time work,"Exclude generic sales, retail, hospitality, customer service and frontline roles",81,Analytics plus market-surveillance project helps; finance pedigree/domain depth is weaker than your business/implementation fit.,visible,core_harshit,TRUE,retained_or_replacement,,
171,Marsh McLennan,https://mmc.wd1.myworkdayjobs.com/MMC,86,P2 — Strong,Harshit primary,Finance / Risk,Risk/Compliance Analyst; Data/BI Analyst; Business Analyst; Operations Analyst,Keep any employment type when role-relevant; exclude generic part-time work,"Exclude generic sales, retail, hospitality, customer service and frontline roles",81,Analytics plus market-surveillance project helps; finance pedigree/domain depth is weaker than your business/implementation fit.,visible,core_harshit,TRUE,retained_or_replacement,,
172,Marvell Technology,https://www.marvell.com/company/careers.html,86,P2 — Strong,Harshit primary,Finance / Risk,Risk/Compliance Analyst; Data/BI Analyst; Business Analyst; Operations Analyst,Keep any employment type when role-relevant; exclude generic part-time work,"Exclude generic sales, retail, hospitality, customer service and frontline roles",81,Analytics plus market-surveillance project helps; finance pedigree/domain depth is weaker than your business/implementation fit.,visible,core_harshit,TRUE,retained_or_replacement,,
173,Mercer,https://mmc.wd1.myworkdayjobs.com/MMC,86,P2 — Strong,Harshit primary,Finance / Risk,Risk/Compliance Analyst; Data/BI Analyst; Business Analyst; Operations Analyst,Keep any employment type when role-relevant; exclude generic part-time work,"Exclude generic sales, retail, hospitality, customer service and frontline roles",81,Analytics plus market-surveillance project helps; finance pedigree/domain depth is weaker than your business/implementation fit.,visible,core_harshit,TRUE,retained_or_replacement,,
174,Merit Medical,https://www.merit.com/careers/,86,P2 — Strong,Harshit primary,Finance / Risk,Risk/Compliance Analyst; Data/BI Analyst; Business Analyst; Operations Analyst,Keep any employment type when role-relevant; exclude generic part-time work,"Exclude generic sales, retail, hospitality, customer service and frontline roles",81,Analytics plus market-surveillance project helps; finance pedigree/domain depth is weaker than your business/implementation fit.,visible,core_harshit,TRUE,retained_or_replacement,,
175,Microchip Technology,https://careers.microchip.com/,86,P2 — Strong,Harshit primary,Finance / Risk,Risk/Compliance Analyst; Data/BI Analyst; Business Analyst; Operations Analyst,Keep any employment type when role-relevant; exclude generic part-time work,"Exclude generic sales, retail, hospitality, customer service and frontline roles",81,Analytics plus market-surveillance project helps; finance pedigree/domain depth is weaker than your business/implementation fit.,visible,core_harshit,TRUE,retained_or_replacement,,
176,Monzo,https://monzo.com/careers,86,P2 — Strong,Harshit primary,Finance / Risk,Risk/Compliance Analyst; Data/BI Analyst; Business Analyst; Operations Analyst,Keep any employment type when role-relevant; exclude generic part-time work,"Exclude generic sales, retail, hospitality, customer service and frontline roles",81,Analytics plus market-surveillance project helps; finance pedigree/domain depth is weaker than your business/implementation fit.,visible,core_harshit,TRUE,retained_or_replacement,,
177,Morningstar,https://www.morningstar.com/careers,86,P2 — Strong,Harshit primary,Finance / Risk,Risk/Compliance Analyst; Data/BI Analyst; Business Analyst; Operations Analyst,Keep any employment type when role-relevant; exclude generic part-time work,"Exclude generic sales, retail, hospitality, customer service and frontline roles",81,Analytics plus market-surveillance project helps; finance pedigree/domain depth is weaker than your business/implementation fit.,visible,core_harshit,TRUE,retained_or_replacement,,
178,MSCI,https://www.msci.com/careers,86,P2 — Strong,Harshit primary,Finance / Risk,Risk/Compliance Analyst; Data/BI Analyst; Business Analyst; Operations Analyst,Keep any employment type when role-relevant; exclude generic part-time work,"Exclude generic sales, retail, hospitality, customer service and frontline roles",81,Analytics plus market-surveillance project helps; finance pedigree/domain depth is weaker than your business/implementation fit.,visible,core_harshit,TRUE,retained_or_replacement,,
179,MSD (Merck Sharp & Dohme),https://msd.wd5.myworkdayjobs.com/SearchJobs,86,P2 — Strong,Harshit primary,Finance / Risk,Risk/Compliance Analyst; Data/BI Analyst; Business Analyst; Operations Analyst,Keep any employment type when role-relevant; exclude generic part-time work,"Exclude generic sales, retail, hospitality, customer service and frontline roles",81,Analytics plus market-surveillance project helps; finance pedigree/domain depth is weaker than your business/implementation fit.,visible,core_harshit,TRUE,retained_or_replacement,,
180,NetApp,https://www.netapp.com/company/careers/,86,P2 — Strong,Harshit primary,Finance / Risk,Risk/Compliance Analyst; Data/BI Analyst; Business Analyst; Operations Analyst,Keep any employment type when role-relevant; exclude generic part-time work,"Exclude generic sales, retail, hospitality, customer service and frontline roles",81,Analytics plus market-surveillance project helps; finance pedigree/domain depth is weaker than your business/implementation fit.,visible,core_harshit,TRUE,retained_or_replacement,,
181,Nokia,https://www.nokia.com/careers/,86,P2 — Strong,Harshit primary,Finance / Risk,Risk/Compliance Analyst; Data/BI Analyst; Business Analyst; Operations Analyst,Keep any employment type when role-relevant; exclude generic part-time work,"Exclude generic sales, retail, hospitality, customer service and frontline roles",81,Analytics plus market-surveillance project helps; finance pedigree/domain depth is weaker than your business/implementation fit.,visible,core_harshit,TRUE,retained_or_replacement,,
182,Northern Trust,https://northerntrust.wd1.myworkdayjobs.com/External_Careers,86,P2 — Strong,Harshit primary,Finance / Risk,Risk/Compliance Analyst; Data/BI Analyst; Business Analyst; Operations Analyst,Keep any employment type when role-relevant; exclude generic part-time work,"Exclude generic sales, retail, hospitality, customer service and frontline roles",81,Analytics plus market-surveillance project helps; finance pedigree/domain depth is weaker than your business/implementation fit.,visible,core_harshit,TRUE,retained_or_replacement,,
183,Notion,https://www.notion.so/careers,86,P2 — Strong,Harshit primary,Finance / Risk,Risk/Compliance Analyst; Data/BI Analyst; Business Analyst; Operations Analyst,Keep any employment type when role-relevant; exclude generic part-time work,"Exclude generic sales, retail, hospitality, customer service and frontline roles",81,Analytics plus market-surveillance project helps; finance pedigree/domain depth is weaker than your business/implementation fit.,visible,core_harshit,TRUE,retained_or_replacement,,
184,Novartis,https://www.novartis.com/careers/career-search?country%5B0%5D=IE,86,P2 — Strong,Harshit primary,Finance / Risk,Risk/Compliance Analyst; Data/BI Analyst; Business Analyst; Operations Analyst,Keep any employment type when role-relevant; exclude generic part-time work,"Exclude generic sales, retail, hospitality, customer service and frontline roles",81,Analytics plus market-surveillance project helps; finance pedigree/domain depth is weaker than your business/implementation fit.,visible,core_harshit,TRUE,retained_or_replacement,,
185,Nutanix,https://www.nutanix.com/careers,86,P2 — Strong,Harshit primary,Finance / Risk,Risk/Compliance Analyst; Data/BI Analyst; Business Analyst; Operations Analyst,Keep any employment type when role-relevant; exclude generic part-time work,"Exclude generic sales, retail, hospitality, customer service and frontline roles",81,Analytics plus market-surveillance project helps; finance pedigree/domain depth is weaker than your business/implementation fit.,visible,core_harshit,TRUE,retained_or_replacement,,
186,NVIDIA,https://nvidia.wd5.myworkdayjobs.com/NVIDIAExternalCareerSite,86,P2 — Strong,Harshit primary,Finance / Risk,Risk/Compliance Analyst; Data/BI Analyst; Business Analyst; Operations Analyst,Keep any employment type when role-relevant; exclude generic part-time work,"Exclude generic sales, retail, hospitality, customer service and frontline roles",81,Analytics plus market-surveillance project helps; finance pedigree/domain depth is weaker than your business/implementation fit.,visible,core_harshit,TRUE,retained_or_replacement,,
187,NXP Semiconductors,https://nxp.wd3.myworkdayjobs.com/careers,86,P2 — Strong,Harshit primary,Finance / Risk,Risk/Compliance Analyst; Data/BI Analyst; Business Analyst; Operations Analyst,Keep any employment type when role-relevant; exclude generic part-time work,"Exclude generic sales, retail, hospitality, customer service and frontline roles",81,Analytics plus market-surveillance project helps; finance pedigree/domain depth is weaker than your business/implementation fit.,visible,core_harshit,TRUE,retained_or_replacement,,
188,Okta,https://www.okta.com/careers/,86,P2 — Strong,Harshit primary,Finance / Risk,Risk/Compliance Analyst; Data/BI Analyst; Business Analyst; Operations Analyst,Keep any employment type when role-relevant; exclude generic part-time work,"Exclude generic sales, retail, hospitality, customer service and frontline roles",81,Analytics plus market-surveillance project helps; finance pedigree/domain depth is weaker than your business/implementation fit.,visible,core_harshit,TRUE,retained_or_replacement,,
189,Optum,https://www.optum.ie/careers.html,86,P2 — Strong,Harshit primary,Finance / Risk,Risk/Compliance Analyst; Data/BI Analyst; Business Analyst; Operations Analyst,Keep any employment type when role-relevant; exclude generic part-time work,"Exclude generic sales, retail, hospitality, customer service and frontline roles",81,Analytics plus market-surveillance project helps; finance pedigree/domain depth is weaker than your business/implementation fit.,visible,core_harshit,TRUE,retained_or_replacement,,
190,Palo Alto Networks,https://jobs.paloaltonetworks.com/en/jobs/,86,P2 — Strong,Harshit primary,Cybersecurity / SaaS,Risk/Compliance Analyst; Data/BI Analyst; Business Analyst; Technical Consultant; Operations Analyst,Keep any employment type when role-relevant; exclude generic part-time work,"Exclude generic sales, retail, hospitality, customer service and frontline roles",81,Replaces CyberArk after its official careers destination moved to Palo Alto Networks.,visible,core_harshit,TRUE,replacement_for_cyberark,Official Palo Alto Networks careers board.,
191,PayPal,https://paypal.wd1.myworkdayjobs.com/jobs,86,P2 — Strong,Harshit primary,Finance / Risk,Risk/Compliance Analyst; Data/BI Analyst; Business Analyst; Operations Analyst,Keep any employment type when role-relevant; exclude generic part-time work,"Exclude generic sales, retail, hospitality, customer service and frontline roles",81,Analytics plus market-surveillance project helps; finance pedigree/domain depth is weaker than your business/implementation fit.,visible,core_harshit,TRUE,retained_or_replacement,,
192,Perrigo,https://careers.perrigo.com/,86,P2 — Strong,Harshit primary,Finance / Risk,Risk/Compliance Analyst; Data/BI Analyst; Business Analyst; Operations Analyst,Keep any employment type when role-relevant; exclude generic part-time work,"Exclude generic sales, retail, hospitality, customer service and frontline roles",81,Analytics plus market-surveillance project helps; finance pedigree/domain depth is weaker than your business/implementation fit.,visible,core_harshit,TRUE,retained_or_replacement,,
193,PIMCO,https://careers.pimco.com/,86,P2 — Strong,Harshit primary,Finance / Risk,Risk/Compliance Analyst; Data/BI Analyst; Business Analyst; Operations Analyst,Keep any employment type when role-relevant; exclude generic part-time work,"Exclude generic sales, retail, hospitality, customer service and frontline roles",81,Analytics plus market-surveillance project helps; finance pedigree/domain depth is weaker than your business/implementation fit.,visible,core_harshit,TRUE,retained_or_replacement,,
194,PTSB (Permanent TSB),https://www.ptsb.ie/about-us/careers/,86,P2 — Strong,Harshit primary,Finance / Risk,Risk/Compliance Analyst; Data/BI Analyst; Business Analyst; Operations Analyst,Keep any employment type when role-relevant; exclude generic part-time work,"Exclude generic sales, retail, hospitality, customer service and frontline roles",81,Analytics plus market-surveillance project helps; finance pedigree/domain depth is weaker than your business/implementation fit.,visible,core_harshit,TRUE,retained_or_replacement,,
195,Public Jobs / Civil Service,https://publicjobs.ie,86,P2 — Strong,Harshit primary,Finance / Risk,Risk/Compliance Analyst; Data/BI Analyst; Business Analyst; Operations Analyst,Keep any employment type when role-relevant; exclude generic part-time work,"Exclude generic sales, retail, hospitality, customer service and frontline roles",81,Analytics plus market-surveillance project helps; finance pedigree/domain depth is weaker than your business/implementation fit.,visible,core_harshit,TRUE,retained_or_replacement,,
196,Pure Storage,https://job-boards.greenhouse.io/purestorage,86,P2 — Strong,Harshit primary,Data Infrastructure,Solutions Architect; Data/Platform; Business Operations; Technical Consulting,Keep any employment type when role-relevant; exclude generic part-time/frontline work,"Exclude generic sales, retail, hospitality, customer service and frontline roles",74,Public Dublin solutions-architecture footprint validates Ireland relevance.,visible,core_harshit,TRUE,validated_addition,Public Dublin solutions-architecture footprint validates Ireland relevance.,Ireland-relevance validated / vacancy-level verification still required
197,Qualcomm,https://www.qualcomm.com/company/careers,86,P2 — Strong,Harshit primary,Finance / Risk,Risk/Compliance Analyst; Data/BI Analyst; Business Analyst; Operations Analyst,Keep any employment type when role-relevant; exclude generic part-time work,"Exclude generic sales, retail, hospitality, customer service and frontline roles",81,Analytics plus market-surveillance project helps; finance pedigree/domain depth is weaker than your business/implementation fit.,visible,core_harshit,TRUE,retained_or_replacement,,
198,Qualtrics,https://www.qualtrics.com/careers/us/en/search-results?keywords=Dublin,86,P2 — Strong,Harshit primary,Finance / Risk,Risk/Compliance Analyst; Data/BI Analyst; Business Analyst; Operations Analyst,Keep any employment type when role-relevant; exclude generic part-time work,"Exclude generic sales, retail, hospitality, customer service and frontline roles",81,Analytics plus market-surveillance project helps; finance pedigree/domain depth is weaker than your business/implementation fit.,visible,core_harshit,TRUE,retained_or_replacement,,
199,Quantexa,https://www.quantexa.com/careers/,86,P2 — Strong,Harshit primary,Finance / Risk,Risk/Compliance Analyst; Data/BI Analyst; Business Analyst; Operations Analyst,Keep any employment type when role-relevant; exclude generic part-time work,"Exclude generic sales, retail, hospitality, customer service and frontline roles",81,Analytics plus market-surveillance project helps; finance pedigree/domain depth is weaker than your business/implementation fit.,visible,core_harshit,TRUE,retained_or_replacement,,
200,Reddit,https://www.redditinc.com/careers,86,P2 — Strong,Harshit primary,Finance / Risk,Risk/Compliance Analyst; Data/BI Analyst; Business Analyst; Operations Analyst,Keep any employment type when role-relevant; exclude generic part-time work,"Exclude generic sales, retail, hospitality, customer service and frontline roles",81,Analytics plus market-surveillance project helps; finance pedigree/domain depth is weaker than your business/implementation fit.,visible,core_harshit,TRUE,retained_or_replacement,,
201,Revenue,https://www.revenue.ie/en/corporate/information-about-revenue/careers/index.aspx,86,P2 — Strong,Harshit primary,Finance / Risk,Risk/Compliance Analyst; Data/BI Analyst; Business Analyst; Operations Analyst,Keep any employment type when role-relevant; exclude generic part-time work,"Exclude generic sales, retail, hospitality, customer service and frontline roles",81,Analytics plus market-surveillance project helps; finance pedigree/domain depth is weaker than your business/implementation fit.,visible,core_harshit,TRUE,retained_or_replacement,,
202,Riot Games,https://www.riotgames.com/en/work-with-us/offices/dublin,86,P2 — Strong,Harshit primary,Finance / Risk,Risk/Compliance Analyst; Data/BI Analyst; Business Analyst; Operations Analyst,Keep any employment type when role-relevant; exclude generic part-time work,"Exclude generic sales, retail, hospitality, customer service and frontline roles",81,Analytics plus market-surveillance project helps; finance pedigree/domain depth is weaker than your business/implementation fit.,visible,core_harshit,TRUE,retained_or_replacement,,
203,Roche,https://www.roche.com/careers/jobs?country=Ireland,86,P2 — Strong,Harshit primary,Finance / Risk,Risk/Compliance Analyst; Data/BI Analyst; Business Analyst; Operations Analyst,Keep any employment type when role-relevant; exclude generic part-time work,"Exclude generic sales, retail, hospitality, customer service and frontline roles",81,Analytics plus market-surveillance project helps; finance pedigree/domain depth is weaker than your business/implementation fit.,visible,core_harshit,TRUE,retained_or_replacement,,
204,Rockwell Automation,https://rockwellautomation.wd1.myworkdayjobs.com/External_Rockwell_Automation,86,P2 — Strong,Harshit primary,Finance / Risk,Risk/Compliance Analyst; Data/BI Analyst; Business Analyst; Operations Analyst,Keep any employment type when role-relevant; exclude generic part-time work,"Exclude generic sales, retail, hospitality, customer service and frontline roles",81,Analytics plus market-surveillance project helps; finance pedigree/domain depth is weaker than your business/implementation fit.,visible,core_harshit,TRUE,retained_or_replacement,,
205,S&P Global,https://www.spglobal.com/en/careers/overview,86,P2 — Strong,Harshit primary,Finance / Risk,Risk/Compliance Analyst; Data/BI Analyst; Business Analyst; Operations Analyst,Keep any employment type when role-relevant; exclude generic part-time work,"Exclude generic sales, retail, hospitality, customer service and frontline roles",81,Analytics plus market-surveillance project helps; finance pedigree/domain depth is weaker than your business/implementation fit.,visible,core_harshit,TRUE,retained_or_replacement,,
206,Sanofi,https://sanofi.wd3.myworkdayjobs.com/SanofiCareers,86,P2 — Strong,Harshit primary,Finance / Risk,Risk/Compliance Analyst; Data/BI Analyst; Business Analyst; Operations Analyst,Keep any employment type when role-relevant; exclude generic part-time work,"Exclude generic sales, retail, hospitality, customer service and frontline roles",81,Analytics plus market-surveillance project helps; finance pedigree/domain depth is weaker than your business/implementation fit.,visible,core_harshit,TRUE,retained_or_replacement,,
207,Schneider Electric,https://www.se.com/ww/en/about-us/careers/overview.jsp,86,P2 — Strong,Harshit primary,Finance / Risk,Risk/Compliance Analyst; Data/BI Analyst; Business Analyst; Operations Analyst,Keep any employment type when role-relevant; exclude generic part-time work,"Exclude generic sales, retail, hospitality, customer service and frontline roles",81,Analytics plus market-surveillance project helps; finance pedigree/domain depth is weaker than your business/implementation fit.,visible,core_harshit,TRUE,retained_or_replacement,,
208,Seagate,https://www.seagate.com/careers/,86,P2 — Strong,Harshit primary,Finance / Risk,Risk/Compliance Analyst; Data/BI Analyst; Business Analyst; Operations Analyst,Keep any employment type when role-relevant; exclude generic part-time work,"Exclude generic sales, retail, hospitality, customer service and frontline roles",81,Analytics plus market-surveillance project helps; finance pedigree/domain depth is weaker than your business/implementation fit.,visible,core_harshit,TRUE,retained_or_replacement,,
209,Smartling,https://www.smartling.com/careers/,86,P2 — Strong,Harshit primary,Finance / Risk,Risk/Compliance Analyst; Data/BI Analyst; Business Analyst; Operations Analyst,Keep any employment type when role-relevant; exclude generic part-time work,"Exclude generic sales, retail, hospitality, customer service and frontline roles",81,Analytics plus market-surveillance project helps; finance pedigree/domain depth is weaker than your business/implementation fit.,visible,core_harshit,TRUE,retained_or_replacement,,
210,Squarespace,https://www.squarespace.com/careers/jobs,86,P2 — Strong,Harshit primary,Finance / Risk,Risk/Compliance Analyst; Data/BI Analyst; Business Analyst; Operations Analyst,Keep any employment type when role-relevant; exclude generic part-time work,"Exclude generic sales, retail, hospitality, customer service and frontline roles",81,Analytics plus market-surveillance project helps; finance pedigree/domain depth is weaker than your business/implementation fit.,visible,core_harshit,TRUE,retained_or_replacement,,
211,STMicroelectronics,https://www.st.com/content/st_com/en/about/careers.html,86,P2 — Strong,Harshit primary,Finance / Risk,Risk/Compliance Analyst; Data/BI Analyst; Business Analyst; Operations Analyst,Keep any employment type when role-relevant; exclude generic part-time work,"Exclude generic sales, retail, hospitality, customer service and frontline roles",81,Analytics plus market-surveillance project helps; finance pedigree/domain depth is weaker than your business/implementation fit.,visible,core_harshit,TRUE,retained_or_replacement,,
212,Stryker,https://careers.stryker.com/en-US/search?keywords=&location=Ireland,86,P2 — Strong,Harshit primary,Finance / Risk,Risk/Compliance Analyst; Data/BI Analyst; Business Analyst; Operations Analyst,Keep any employment type when role-relevant; exclude generic part-time work,"Exclude generic sales, retail, hospitality, customer service and frontline roles",81,Analytics plus market-surveillance project helps; finance pedigree/domain depth is weaker than your business/implementation fit.,visible,core_harshit,TRUE,retained_or_replacement,,
213,SumUp,https://www.sumup.com/careers/,86,P2 — Strong,Harshit primary,Finance / Risk,Risk/Compliance Analyst; Data/BI Analyst; Business Analyst; Operations Analyst,Keep any employment type when role-relevant; exclude generic part-time work,"Exclude generic sales, retail, hospitality, customer service and frontline roles",81,Analytics plus market-surveillance project helps; finance pedigree/domain depth is weaker than your business/implementation fit.,visible,core_harshit,TRUE,retained_or_replacement,,
214,Susquehanna International Group (SIG),https://sig.com/careers/jobs/?location=dublin,86,P2 — Strong,Harshit primary,Finance / Risk,Risk/Compliance Analyst; Data/BI Analyst; Business Analyst; Operations Analyst,Keep any employment type when role-relevant; exclude generic part-time work,"Exclude generic sales, retail, hospitality, customer service and frontline roles",81,Analytics plus market-surveillance project helps; finance pedigree/domain depth is weaker than your business/implementation fit.,visible,core_harshit,TRUE,retained_or_replacement,,
215,Synopsys,https://careers.synopsys.com/search-jobs,86,P2 — Strong,Harshit primary,Finance / Risk,Risk/Compliance Analyst; Data/BI Analyst; Business Analyst; Operations Analyst,Keep any employment type when role-relevant; exclude generic part-time work,"Exclude generic sales, retail, hospitality, customer service and frontline roles",81,Analytics plus market-surveillance project helps; finance pedigree/domain depth is weaker than your business/implementation fit.,visible,core_harshit,TRUE,retained_or_replacement,,
216,Takeda,https://takeda.wd3.myworkdayjobs.com/External,86,P2 — Strong,Harshit primary,Finance / Risk,Risk/Compliance Analyst; Data/BI Analyst; Business Analyst; Operations Analyst,Keep any employment type when role-relevant; exclude generic part-time work,"Exclude generic sales, retail, hospitality, customer service and frontline roles",81,Analytics plus market-surveillance project helps; finance pedigree/domain depth is weaker than your business/implementation fit.,visible,core_harshit,TRUE,retained_or_replacement,,
217,Tenable,https://www.tenable.com/careers,86,P2 — Strong,Harshit primary,Finance / Risk,Risk/Compliance Analyst; Data/BI Analyst; Business Analyst; Operations Analyst,Keep any employment type when role-relevant; exclude generic part-time work,"Exclude generic sales, retail, hospitality, customer service and frontline roles",81,Analytics plus market-surveillance project helps; finance pedigree/domain depth is weaker than your business/implementation fit.,visible,core_harshit,TRUE,retained_or_replacement,,
218,Teva Pharmaceuticals,https://teva.wd1.myworkdayjobs.com/Teva_Careers,86,P2 — Strong,Harshit primary,Finance / Risk,Risk/Compliance Analyst; Data/BI Analyst; Business Analyst; Operations Analyst,Keep any employment type when role-relevant; exclude generic part-time work,"Exclude generic sales, retail, hospitality, customer service and frontline roles",81,Analytics plus market-surveillance project helps; finance pedigree/domain depth is weaker than your business/implementation fit.,visible,core_harshit,TRUE,retained_or_replacement,,
219,Texas Instruments,https://careers.ti.com/,86,P2 — Strong,Harshit primary,Finance / Risk,Risk/Compliance Analyst; Data/BI Analyst; Business Analyst; Operations Analyst,Keep any employment type when role-relevant; exclude generic part-time work,"Exclude generic sales, retail, hospitality, customer service and frontline roles",81,Analytics plus market-surveillance project helps; finance pedigree/domain depth is weaker than your business/implementation fit.,visible,core_harshit,TRUE,retained_or_replacement,,
220,Thermo Fisher Scientific,https://jobs.thermofisher.com/global/en/search-results?m=3&location=Ireland,86,P2 — Strong,Harshit primary,Finance / Risk,Risk/Compliance Analyst; Data/BI Analyst; Business Analyst; Operations Analyst,Keep any employment type when role-relevant; exclude generic part-time work,"Exclude generic sales, retail, hospitality, customer service and frontline roles",81,Analytics plus market-surveillance project helps; finance pedigree/domain depth is weaker than your business/implementation fit.,visible,core_harshit,TRUE,retained_or_replacement,,
221,Three Ireland,https://www.three.ie/about/careers.html,86,P2 — Strong,Harshit primary,Finance / Risk,Risk/Compliance Analyst; Data/BI Analyst; Business Analyst; Operations Analyst,Keep any employment type when role-relevant; exclude generic part-time work,"Exclude generic sales, retail, hospitality, customer service and frontline roles",81,Analytics plus market-surveillance project helps; finance pedigree/domain depth is weaker than your business/implementation fit.,visible,core_harshit,TRUE,retained_or_replacement,,
222,Toast,https://pos.toasttab.com/careers,86,P2 — Strong,Harshit primary,Finance / Risk,Risk/Compliance Analyst; Data/BI Analyst; Business Analyst; Operations Analyst,Keep any employment type when role-relevant; exclude generic part-time work,"Exclude generic sales, retail, hospitality, customer service and frontline roles",81,Analytics plus market-surveillance project helps; finance pedigree/domain depth is weaker than your business/implementation fit.,visible,core_harshit,TRUE,retained_or_replacement,,
223,Trading 212,https://www.trading212.com/careers,86,P2 — Strong,Harshit primary,Finance / Risk,Risk/Compliance Analyst; Data/BI Analyst; Business Analyst; Operations Analyst,Keep any employment type when role-relevant; exclude generic part-time work,"Exclude generic sales, retail, hospitality, customer service and frontline roles",81,Analytics plus market-surveillance project helps; finance pedigree/domain depth is weaker than your business/implementation fit.,visible,core_harshit,TRUE,retained_or_replacement,,
224,TransferMate,https://www.transfermate.com/careers/,86,P2 — Strong,Harshit primary,Finance / Risk,Risk/Compliance Analyst; Data/BI Analyst; Business Analyst; Operations Analyst,Keep any employment type when role-relevant; exclude generic part-time work,"Exclude generic sales, retail, hospitality, customer service and frontline roles",81,Analytics plus market-surveillance project helps; finance pedigree/domain depth is weaker than your business/implementation fit.,visible,core_harshit,TRUE,retained_or_replacement,,
225,Trend Micro,https://www.trendmicro.com/en_ie/about/careers.html,86,P2 — Strong,Harshit primary,Finance / Risk,Risk/Compliance Analyst; Data/BI Analyst; Business Analyst; Operations Analyst,Keep any employment type when role-relevant; exclude generic part-time work,"Exclude generic sales, retail, hospitality, customer service and frontline roles",81,Analytics plus market-surveillance project helps; finance pedigree/domain depth is weaker than your business/implementation fit.,visible,core_harshit,TRUE,retained_or_replacement,,
226,UBS,https://www.ubs.com/ie/en/careers.html,86,P2 — Strong,Harshit primary,Finance / Risk,Risk/Compliance Analyst; Data/BI Analyst; Business Analyst; Operations Analyst,Keep any employment type when role-relevant; exclude generic part-time work,"Exclude generic sales, retail, hospitality, customer service and frontline roles",81,Analytics plus market-surveillance project helps; finance pedigree/domain depth is weaker than your business/implementation fit.,visible,core_harshit,TRUE,retained_or_replacement,,
227,Udemy,https://about.udemy.com/careers/,86,P2 — Strong,Harshit primary,Finance / Risk,Risk/Compliance Analyst; Data/BI Analyst; Business Analyst; Operations Analyst,Keep any employment type when role-relevant; exclude generic part-time work,"Exclude generic sales, retail, hospitality, customer service and frontline roles",81,Analytics plus market-surveillance project helps; finance pedigree/domain depth is weaker than your business/implementation fit.,visible,core_harshit,TRUE,retained_or_replacement,,
228,Uisce Éireann (Irish Water),https://www.water.ie/about/careers/,86,P2 — Strong,Harshit primary,Finance / Risk,Risk/Compliance Analyst; Data/BI Analyst; Business Analyst; Operations Analyst,Keep any employment type when role-relevant; exclude generic part-time work,"Exclude generic sales, retail, hospitality, customer service and frontline roles",81,Analytics plus market-surveillance project helps; finance pedigree/domain depth is weaker than your business/implementation fit.,visible,core_harshit,TRUE,retained_or_replacement,,
229,VHI Healthcare,https://www.vhi.ie/about-us/careers,86,P2 — Strong,Harshit primary,Finance / Risk,Risk/Compliance Analyst; Data/BI Analyst; Business Analyst; Operations Analyst,Keep any employment type when role-relevant; exclude generic part-time work,"Exclude generic sales, retail, hospitality, customer service and frontline roles",81,Analytics plus market-surveillance project helps; finance pedigree/domain depth is weaker than your business/implementation fit.,visible,core_harshit,TRUE,retained_or_replacement,,
230,Viatris,https://viatris.wd1.myworkdayjobs.com/ViatrisCareers,86,P2 — Strong,Harshit primary,Finance / Risk,Risk/Compliance Analyst; Data/BI Analyst; Business Analyst; Operations Analyst,Keep any employment type when role-relevant; exclude generic part-time work,"Exclude generic sales, retail, hospitality, customer service and frontline roles",81,Analytics plus market-surveillance project helps; finance pedigree/domain depth is weaker than your business/implementation fit.,visible,core_harshit,TRUE,retained_or_replacement,,
231,Virgin Media Ireland,https://www.virginmedia.ie/careers/,86,P2 — Strong,Harshit primary,Finance / Risk,Risk/Compliance Analyst; Data/BI Analyst; Business Analyst; Operations Analyst,Keep any employment type when role-relevant; exclude generic part-time work,"Exclude generic sales, retail, hospitality, customer service and frontline roles",81,Analytics plus market-surveillance project helps; finance pedigree/domain depth is weaker than your business/implementation fit.,visible,core_harshit,TRUE,retained_or_replacement,,
232,Vodafone Ireland,https://jobs.vodafone.com/search-jobs/Ireland,86,P2 — Strong,Harshit primary,Finance / Risk,Risk/Compliance Analyst; Data/BI Analyst; Business Analyst; Operations Analyst,Keep any employment type when role-relevant; exclude generic part-time work,"Exclude generic sales, retail, hospitality, customer service and frontline roles",81,Analytics plus market-surveillance project helps; finance pedigree/domain depth is weaker than your business/implementation fit.,visible,core_harshit,TRUE,retained_or_replacement,,
233,Wayflyer,https://wayflyer.com/careers,86,P2 — Strong,Harshit primary,Finance / Risk,Risk/Compliance Analyst; Data/BI Analyst; Business Analyst; Operations Analyst,Keep any employment type when role-relevant; exclude generic part-time work,"Exclude generic sales, retail, hospitality, customer service and frontline roles",81,Analytics plus market-surveillance project helps; finance pedigree/domain depth is weaker than your business/implementation fit.,visible,core_harshit,TRUE,retained_or_replacement,,
234,Waystone,https://www.waystone.com/careers/,86,P2 — Strong,Harshit primary,Finance / Risk,Risk/Compliance Analyst; Data/BI Analyst; Business Analyst; Operations Analyst,Keep any employment type when role-relevant; exclude generic part-time work,"Exclude generic sales, retail, hospitality, customer service and frontline roles",81,Analytics plus market-surveillance project helps; finance pedigree/domain depth is weaker than your business/implementation fit.,visible,core_harshit,TRUE,retained_or_replacement,,
235,Wells Fargo,https://www.wellsfargojobs.com/,86,P2 — Strong,Harshit primary,Finance / Risk,Risk/Compliance Analyst; Data/BI Analyst; Business Analyst; Operations Analyst,Keep any employment type when role-relevant; exclude generic part-time work,"Exclude generic sales, retail, hospitality, customer service and frontline roles",81,Analytics plus market-surveillance project helps; finance pedigree/domain depth is weaker than your business/implementation fit.,visible,core_harshit,TRUE,retained_or_replacement,,
236,Workhuman,https://workhuman.com/careers,86,P2 — Strong,Harshit primary,Finance / Risk,Risk/Compliance Analyst; Data/BI Analyst; Business Analyst; Operations Analyst,Keep any employment type when role-relevant; exclude generic part-time work,"Exclude generic sales, retail, hospitality, customer service and frontline roles",81,Analytics plus market-surveillance project helps; finance pedigree/domain depth is weaker than your business/implementation fit.,visible,core_harshit,TRUE,retained_or_replacement,,
237,WuXi Biologics,https://www.wuxibiologics.com/careers/,86,P2 — Strong,Harshit primary,Finance / Risk,Risk/Compliance Analyst; Data/BI Analyst; Business Analyst; Operations Analyst,Keep any employment type when role-relevant; exclude generic part-time work,"Exclude generic sales, retail, hospitality, customer service and frontline roles",81,Analytics plus market-surveillance project helps; finance pedigree/domain depth is weaker than your business/implementation fit.,visible,core_harshit,TRUE,retained_or_replacement,,
238,Zimmer Biomet,https://zimmerbiomet.wd1.myworkdayjobs.com/Zimmer_Biomet_Careers,86,P2 — Strong,Harshit primary,Finance / Risk,Risk/Compliance Analyst; Data/BI Analyst; Business Analyst; Operations Analyst,Keep any employment type when role-relevant; exclude generic part-time work,"Exclude generic sales, retail, hospitality, customer service and frontline roles",81,Analytics plus market-surveillance project helps; finance pedigree/domain depth is weaker than your business/implementation fit.,visible,core_harshit,TRUE,retained_or_replacement,,
239,Zscaler,https://www.zscaler.com/careers,86,P2 — Strong,Harshit primary,Finance / Risk,Risk/Compliance Analyst; Data/BI Analyst; Business Analyst; Operations Analyst,Keep any employment type when role-relevant; exclude generic part-time work,"Exclude generic sales, retail, hospitality, customer service and frontline roles",81,Analytics plus market-surveillance project helps; finance pedigree/domain depth is weaker than your business/implementation fit.,visible,core_harshit,TRUE,retained_or_replacement,,
240,Zurich Insurance,https://www.zurich.ie/about-us/careers/,86,P2 — Strong,Harshit primary,Finance / Risk,Risk/Compliance Analyst; Data/BI Analyst; Business Analyst; Operations Analyst,Keep any employment type when role-relevant; exclude generic part-time work,"Exclude generic sales, retail, hospitality, customer service and frontline roles",81,Analytics plus market-surveillance project helps; finance pedigree/domain depth is weaker than your business/implementation fit.,visible,core_harshit,TRUE,retained_or_replacement,,
241,Aiven,https://aiven.io/careers,85,P2 — Strong,Harshit primary,Technology / SaaS,Data/BI Analyst; Business Operations Analyst; Customer/Revenue Analytics; Implementation/CS Ops,Keep any employment type when role-relevant; exclude generic part-time work,"Exclude generic sales, retail, hospitality, customer service and frontline roles",64,Good for BI/ops/implementation roles; pure software engineering/data science roles are materially harder.,visible,core_harshit,TRUE,retained_or_replacement,,
242,Anthropic,https://www.anthropic.com/careers,85,P2 — Strong,Harshit primary,Technology / SaaS,Data/BI Analyst; Business Operations Analyst; Customer/Revenue Analytics; Implementation/CS Ops,Keep any employment type when role-relevant; exclude generic part-time work,"Exclude generic sales, retail, hospitality, customer service and frontline roles",64,Good for BI/ops/implementation roles; pure software engineering/data science roles are materially harder.,visible,core_harshit,TRUE,retained_or_replacement,,
243,CitySwift,https://www.cityswift.com/careers,85,P2 — Strong,Harshit primary,Technology / SaaS,Data/BI Analyst; Business Operations Analyst; Customer/Revenue Analytics; Implementation/CS Ops,Keep any employment type when role-relevant; exclude generic part-time work,"Exclude generic sales, retail, hospitality, customer service and frontline roles",64,Good for BI/ops/implementation roles; pure software engineering/data science roles are materially harder.,visible,core_harshit,TRUE,retained_or_replacement,,
244,Clio,https://www.clio.com/about/careers/search/,85,P2 — Strong,Harshit primary,Technology / SaaS,Data/BI Analyst; Business Operations Analyst; Customer/Revenue Analytics; Implementation/CS Ops,Keep any employment type when role-relevant; exclude generic part-time work,"Exclude generic sales, retail, hospitality, customer service and frontline roles",64,Good for BI/ops/implementation roles; pure software engineering/data science roles are materially harder.,visible,core_harshit,TRUE,verified_careers_page,,
245,Crusoe,https://www.crusoe.ai/careers,85,P2 — Strong,Harshit primary,Technology / SaaS,Data/BI Analyst; Business Operations Analyst; Customer/Revenue Analytics; Implementation/CS Ops,Keep any employment type when role-relevant; exclude generic part-time work,"Exclude generic sales, retail, hospitality, customer service and frontline roles",64,Good for BI/ops/implementation roles; pure software engineering/data science roles are materially harder.,visible,core_harshit,TRUE,retained_or_replacement,,
246,Cubic³,https://jobs.ashbyhq.com/cubic3,85,P2 — Strong,Harshit primary,Technology / SaaS,Data/BI Analyst; Business Operations Analyst; Customer/Revenue Analytics; Implementation/CS Ops,Keep any employment type when role-relevant; exclude generic part-time work,"Exclude generic sales, retail, hospitality, customer service and frontline roles",64,Good for BI/ops/implementation roles; pure software engineering/data science roles are materially harder.,visible,core_harshit,TRUE,retained_or_replacement,,
247,Daon,https://www.daon.com/careers/,85,P2 — Strong,Harshit primary,Technology / SaaS,Data/BI Analyst; Business Operations Analyst; Customer/Revenue Analytics; Implementation/CS Ops,Keep any employment type when role-relevant; exclude generic part-time work,"Exclude generic sales, retail, hospitality, customer service and frontline roles",64,Good for BI/ops/implementation roles; pure software engineering/data science roles are materially harder.,visible,core_harshit,TRUE,retained_or_replacement,,
248,EXL,https://www.exlservice.com/careers,85,P2 — Strong,Harshit primary,Technology / SaaS,Data/BI Analyst; Business Operations Analyst; Customer/Revenue Analytics; Implementation/CS Ops,Keep any employment type when role-relevant; exclude generic part-time work,"Exclude generic sales, retail, hospitality, customer service and frontline roles",64,Good for BI/ops/implementation roles; pure software engineering/data science roles are materially harder.,visible,core_harshit,TRUE,retained_or_replacement,,
249,Gong,https://www.gong.io/careers/,85,P2 — Strong,Harshit primary,Technology / SaaS,Data/BI Analyst; Business Operations Analyst; Customer/Revenue Analytics; Implementation/CS Ops,Keep any employment type when role-relevant; exclude generic part-time work,"Exclude generic sales, retail, hospitality, customer service and frontline roles",64,Good for BI/ops/implementation roles; pure software engineering/data science roles are materially harder.,visible,core_harshit,TRUE,retained_or_replacement,,
250,Hitachi Energy,https://www.hitachienergy.com/careers,85,P2 — Strong,Harshit primary,Technology / SaaS,Data/BI Analyst; Business Operations Analyst; Customer/Revenue Analytics; Implementation/CS Ops,Keep any employment type when role-relevant; exclude generic part-time work,"Exclude generic sales, retail, hospitality, customer service and frontline roles",64,Good for BI/ops/implementation roles; pure software engineering/data science roles are materially harder.,visible,core_harshit,TRUE,retained_or_replacement,,
251,Motorola Solutions,https://motorolasolutions.wd5.myworkdayjobs.com/Careers?locationCountry=04a05835925f45b3a59406a2a6b72c8a,85,P2 — Strong,Harshit primary,Technology / SaaS,Data/BI Analyst; Business Operations Analyst; Customer/Revenue Analytics; Implementation/CS Ops,Keep any employment type when role-relevant; exclude generic part-time work,"Exclude generic sales, retail, hospitality, customer service and frontline roles",64,Good for BI/ops/implementation roles; pure software engineering/data science roles are materially harder.,visible,core_harshit,TRUE,retained_or_replacement,Official Motorola Solutions Workday board has an Ireland country filter.,validated_official_board
252,Tines,https://www.tines.com/careers/,85,P2 — Strong,Harshit primary,Technology / SaaS,Data/BI Analyst; Business Operations Analyst; Customer/Revenue Analytics; Implementation/CS Ops,Keep any employment type when role-relevant; exclude generic part-time work,"Exclude generic sales, retail, hospitality, customer service and frontline roles",64,Good for BI/ops/implementation roles; pure software engineering/data science roles are materially harder.,visible,core_harshit,TRUE,retained_or_replacement,,
253,CACEIS,https://groupecreditagricole.jobs/en/our-jobs-offer/,84,P2 — Strong,Business or Technical — choose by vacancy,Asset Servicing / Financial Services,Business Analyst; Data; Change; Operations; Technology,Keep any employment type when role-relevant; exclude generic part-time work,"Exclude generic sales, retail, hospitality, customer service and frontline roles",,Verified Republic of Ireland hiring presence,visible,core_harshit,TRUE,official_verified,Active Dublin hiring including business-analysis roles,Verified
254,Veeva Systems,https://careers.veeva.com/,84,P2 — Strong,Business or Technical — choose by vacancy,Life Sciences SaaS,Professional Services; Implementation; Business Consulting; Data,Keep any employment type when role-relevant; exclude generic part-time work,"Exclude generic sales, retail, hospitality, customer service and frontline roles",,Verified Republic of Ireland hiring presence,visible,core_harshit,TRUE,official_verified,Republic of Ireland professional-services/implementation hiring,Verified
255,Trinity College Dublin,https://jobs.tcd.ie,84,P2 — Strong,Harshit primary,Higher Education / Research,Data/BI Analyst; Business Analyst; IT/Systems; Project/Programme; Research Data/Operations; Professional Services,Include university vacancies including relevant part-time/fixed-term roles,University jobs are allowed; unrelated campus retail/catering/frontline roles can still be filtered by role relevance,58,"Official Irish university employer; include all university vacancies, with especially strong relevance for data, analytics, IT, systems, project, research operations and professional-services roles. Primary location: Dublin, Ireland.",visible,core_harshit,TRUE,university_official,"Official Irish university employer; include all university vacancies, with especially strong relevance for data, analytics, IT, systems, project, research operations and professional-services roles. Primary location: Dublin, Ireland.",Official Irish university careers/vacancy source
256,University College Cork (UCC),https://www.ucc.ie/en/hr/work-at-ucc/,84,P2 — Strong,Harshit primary,Higher Education / Research,Data/BI Analyst; Business Analyst; IT/Systems; Project/Programme; Research Data/Operations; Professional Services,Include university vacancies including relevant part-time/fixed-term roles,University jobs are allowed; unrelated campus retail/catering/frontline roles can still be filtered by role relevance,58,"Official Irish university employer; include all university vacancies, with especially strong relevance for data, analytics, IT, systems, project, research operations and professional-services roles. Primary location: Cork, Ireland.",visible,core_harshit,TRUE,university_official,"Official Irish university employer; include all university vacancies, with especially strong relevance for data, analytics, IT, systems, project, research operations and professional-services roles. Primary location: Cork, Ireland.",Official Irish university careers/vacancy source
257,Competition and Consumer Protection Commission (CCPC),https://www.ccpc.ie/about-us/careers/current-vacancies/,82,P2 — Strong,Business CV,Government / Regulator,Business Analyst; Data; Digital Transformation; Research,Keep any employment type when role-relevant; exclude generic part-time work,"Exclude generic sales, retail, hospitality, customer service and frontline roles",,Republic of Ireland public body,visible,core_harshit,TRUE,official_verified,Dublin-based Irish regulator with direct recruitment,Verified
258,Vanguard,https://www.vanguardjobs.com/,82,P2 — Strong,Technical CV,Asset Management / Finance,Data Analyst; Analytics; Investment Operations; Technology,Keep any employment type when role-relevant; exclude generic part-time work,"Exclude generic sales, retail, hospitality, customer service and frontline roles",,Verified Republic of Ireland hiring presence,visible,core_harshit,TRUE,official_verified,Dublin hiring presence including analytics/data roles,Verified
259,Dublin City University (DCU),https://www.dcu.ie/people/jobs,82,P2 — Strong,Harshit primary,Higher Education / Research,Data/BI Analyst; Business Analyst; IT/Systems; Project/Programme; Research Data/Operations; Professional Services,Include university vacancies including relevant part-time/fixed-term roles,University jobs are allowed; unrelated campus retail/catering/frontline roles can still be filtered by role relevance,58,"Official Irish university employer; include all university vacancies, with especially strong relevance for data, analytics, IT, systems, project, research operations and professional-services roles. Primary location: Dublin, Ireland.",visible,core_harshit,TRUE,university_official,"Official Irish university employer; include all university vacancies, with especially strong relevance for data, analytics, IT, systems, project, research operations and professional-services roles. Primary location: Dublin, Ireland.",Official Irish university careers/vacancy source
260,University of Galway,https://www.universityofgalway.ie/about-us/jobs/,82,P2 — Strong,Harshit primary,Higher Education / Research,Data/BI Analyst; Business Analyst; IT/Systems; Project/Programme; Research Data/Operations; Professional Services,Include university vacancies including relevant part-time/fixed-term roles,University jobs are allowed; unrelated campus retail/catering/frontline roles can still be filtered by role relevance,58,"Official Irish university employer; include all university vacancies, with especially strong relevance for data, analytics, IT, systems, project, research operations and professional-services roles. Primary location: Galway, Ireland.",visible,core_harshit,TRUE,university_official,"Official Irish university employer; include all university vacancies, with especially strong relevance for data, analytics, IT, systems, project, research operations and professional-services roles. Primary location: Galway, Ireland.",Official Irish university careers/vacancy source
261,Goldman Sachs,https://www.goldmansachs.com/careers/,82,P2 — Strong,Secondary / exact-fit,Finance / Risk,Compliance Associate; Risk Analyst; Data/Operations Analyst,Keep associate; graduate; permanent; contract and fixed-term roles when profile-relevant,"Exclude generic sales, retail, hospitality, customer service and frontline roles",82,Current Dublin compliance associate hiring matches market-surveillance and financial analytics project experience.,visible,core_harshit,TRUE,validated_live_addition,Three current Dublin roles verified.,verified_2026_08_31
262,Munster Technological University (MTU),https://www.mtu.ie/vacancies/,80,P2 — Strong,Harshit primary,Higher Education / Research,Data/BI Analyst; Business Analyst; IT/Systems; Project/Programme; Research Data/Operations; Professional Services,Include university vacancies including relevant part-time/fixed-term roles,University jobs are allowed; unrelated campus retail/catering/frontline roles can still be filtered by role relevance,58,"Official Irish university employer; include all university vacancies, with especially strong relevance for data, analytics, IT, systems, project, research operations and professional-services roles. Primary location: Cork / Kerry, Ireland.",visible,core_harshit,TRUE,university_official,"Official Irish university employer; include all university vacancies, with especially strong relevance for data, analytics, IT, systems, project, research operations and professional-services roles. Primary location: Cork / Kerry, Ireland.",Official Irish university careers/vacancy source
263,RCSI University of Medicine and Health Sciences,https://www.rcsi.com/careers/ireland,80,P2 — Strong,Harshit primary,Higher Education / Research,Data/BI Analyst; Business Analyst; IT/Systems; Project/Programme; Research Data/Operations; Professional Services,Include university vacancies including relevant part-time/fixed-term roles,University jobs are allowed; unrelated campus retail/catering/frontline roles can still be filtered by role relevance,58,"Official Irish university employer; include all university vacancies, with especially strong relevance for data, analytics, IT, systems, project, research operations and professional-services roles. Primary location: Dublin, Ireland.",visible,core_harshit,TRUE,university_official,"Official Irish university employer; include all university vacancies, with especially strong relevance for data, analytics, IT, systems, project, research operations and professional-services roles. Primary location: Dublin, Ireland.",Official Irish university careers/vacancy source
264,Technological University Dublin (TU Dublin),https://www.tudublin.ie/explore/jobs/current-vacancies/,80,P2 — Strong,Harshit primary,Higher Education / Research,Data/BI Analyst; Business Analyst; IT/Systems; Project/Programme; Research Data/Operations; Professional Services,Include university vacancies including relevant part-time/fixed-term roles,University jobs are allowed; unrelated campus retail/catering/frontline roles can still be filtered by role relevance,58,"Official Irish university employer; include all university vacancies, with especially strong relevance for data, analytics, IT, systems, project, research operations and professional-services roles. Primary location: Dublin, Ireland.",visible,core_harshit,TRUE,university_official,"Official Irish university employer; include all university vacancies, with especially strong relevance for data, analytics, IT, systems, project, research operations and professional-services roles. Primary location: Dublin, Ireland.",Official Irish university careers/vacancy source
265,KLA Corporation,https://www.kla.com/careers,78,P3 — Selective,Harshit primary,Semiconductor / Technology,Data/BI; Business Systems; Operations; Supply Chain; Project,Keep any employment type when role-relevant; exclude generic part-time/frontline work,"Exclude generic sales, retail, hospitality, customer service and frontline roles",66,Technology/operations employer; exact-role fit in Ireland.,visible,core_harshit,TRUE,validated_addition,Technology/operations employer; exact-role fit in Ireland.,Ireland-relevance validated / vacancy-level verification still required
266,Figma,https://www.figma.com/careers/,78,P3 — Selective,Secondary / exact-fit,SaaS / Analytics,Revenue Analyst; Business Operations Analyst; Data/BI Analyst,Keep analyst; permanent; contract and fixed-term roles when profile-relevant; enforce experience-level filter,"Exclude generic sales, retail, hospitality, customer service and frontline roles",76,"Current Dublin technical revenue analytics hiring is relevant but presently senior-level, so keep as selective rather than a primary target.",visible,selective_live_employers,TRUE,validated_live_addition,One current Dublin role verified; seniority warning retained.,verified_2026_08_31
267,Atlantic Technological University (ATU),https://www.atu.ie/jobs,76,P3 — Selective,Harshit primary,Higher Education / Research,Data/BI Analyst; Business Analyst; IT/Systems; Project/Programme; Research Data/Operations; Professional Services,Include university vacancies including relevant part-time/fixed-term roles,University jobs are allowed; unrelated campus retail/catering/frontline roles can still be filtered by role relevance,58,"Official Irish university employer; include all university vacancies, with especially strong relevance for data, analytics, IT, systems, project, research operations and professional-services roles. Primary location: Ireland.",visible,core_harshit,TRUE,university_official,"Official Irish university employer; include all university vacancies, with especially strong relevance for data, analytics, IT, systems, project, research operations and professional-services roles. Primary location: Ireland.",Official Irish university careers/vacancy source
268,Technological University of the Shannon (TUS),https://tus.ie/hr/vacancies/,76,P3 — Selective,Harshit primary,Higher Education / Research,Data/BI Analyst; Business Analyst; IT/Systems; Project/Programme; Research Data/Operations; Professional Services,Include university vacancies including relevant part-time/fixed-term roles,University jobs are allowed; unrelated campus retail/catering/frontline roles can still be filtered by role relevance,58,"Official Irish university employer; include all university vacancies, with especially strong relevance for data, analytics, IT, systems, project, research operations and professional-services roles. Primary location: Midlands / Midwest, Ireland.",visible,core_harshit,TRUE,university_official,"Official Irish university employer; include all university vacancies, with especially strong relevance for data, analytics, IT, systems, project, research operations and professional-services roles. Primary location: Midlands / Midwest, Ireland.",Official Irish university careers/vacancy source
269,Abbott,https://www.jobs.abbott/us/en/search-results?m=3&location=Ireland,75,P3 — Selective,Secondary / exact-fit,Finance / Risk,Risk/Compliance Analyst; Data/BI Analyst; Business Analyst; Operations Analyst,Keep any employment type when role-relevant; exclude generic part-time work,"Exclude generic sales, retail, hospitality, customer service and frontline roles",70,Analytics plus market-surveillance project helps; finance pedigree/domain depth is weaker than your business/implementation fit.,visible,core_harshit,TRUE,retained_or_replacement,,
270,AbbVie,https://careers.abbvie.com/en/jobs?q=&options=&page=1&ln=Ireland&lr=100&li=IE,75,P3 — Selective,Secondary / exact-fit,Finance / Risk,Risk/Compliance Analyst; Data/BI Analyst; Business Analyst; Operations Analyst,Keep any employment type when role-relevant; exclude generic part-time work,"Exclude generic sales, retail, hospitality, customer service and frontline roles",70,Analytics plus market-surveillance project helps; finance pedigree/domain depth is weaker than your business/implementation fit.,visible,core_harshit,TRUE,retained_or_replacement,,
271,Amgen,https://careers.amgen.com/search-jobs/Ireland,75,P3 — Selective,Secondary / exact-fit,Finance / Risk,Risk/Compliance Analyst; Data/BI Analyst; Business Analyst; Operations Analyst,Keep any employment type when role-relevant; exclude generic part-time work,"Exclude generic sales, retail, hospitality, customer service and frontline roles",70,Analytics plus market-surveillance project helps; finance pedigree/domain depth is weaker than your business/implementation fit.,visible,core_harshit,TRUE,retained_or_replacement,,
272,Analog Devices,https://analogdevices.wd1.myworkdayjobs.com/External,75,P3 — Selective,Secondary / exact-fit,Finance / Risk,Risk/Compliance Analyst; Data/BI Analyst; Business Analyst; Operations Analyst,Keep any employment type when role-relevant; exclude generic part-time work,"Exclude generic sales, retail, hospitality, customer service and frontline roles",70,Analytics plus market-surveillance project helps; finance pedigree/domain depth is weaker than your business/implementation fit.,visible,core_harshit,TRUE,retained_or_replacement,,
273,Avolon,https://www.avolon.aero/careers,75,P3 — Selective,Secondary / exact-fit,Finance / Risk,Risk/Compliance Analyst; Data/BI Analyst; Business Analyst; Operations Analyst,Keep any employment type when role-relevant; exclude generic part-time work,"Exclude generic sales, retail, hospitality, customer service and frontline roles",70,Analytics plus market-surveillance project helps; finance pedigree/domain depth is weaker than your business/implementation fit.,visible,core_harshit,TRUE,retained_or_replacement,,
274,Bank of America,https://careers.bankofamerica.com,75,P3 — Selective,Secondary / exact-fit,Finance / Risk,Risk/Compliance Analyst; Data/BI Analyst; Business Analyst; Operations Analyst,Keep any employment type when role-relevant; exclude generic part-time work,"Exclude generic sales, retail, hospitality, customer service and frontline roles",70,Analytics plus market-surveillance project helps; finance pedigree/domain depth is weaker than your business/implementation fit.,visible,core_harshit,TRUE,retained_or_replacement,,
275,Barclays,https://search.jobs.barclays/search-jobs/Ireland,75,P3 — Selective,Secondary / exact-fit,Finance / Risk,Risk/Compliance Analyst; Data/BI Analyst; Business Analyst; Operations Analyst,Keep any employment type when role-relevant; exclude generic part-time work,"Exclude generic sales, retail, hospitality, customer service and frontline roles",70,Analytics plus market-surveillance project helps; finance pedigree/domain depth is weaker than your business/implementation fit.,visible,core_harshit,TRUE,retained_or_replacement,Official Barclays Ireland search surface and Workday-backed vacancies.,validated_official_board
276,BlackRock,https://careers.blackrock.com/search-jobs,75,P3 — Selective,Secondary / exact-fit,Finance / Risk,Risk/Compliance Analyst; Data/BI Analyst; Business Analyst; Operations Analyst,Keep any employment type when role-relevant; exclude generic part-time work,"Exclude generic sales, retail, hospitality, customer service and frontline roles",70,Analytics plus market-surveillance project helps; finance pedigree/domain depth is weaker than your business/implementation fit.,visible,core_harshit,TRUE,retained_or_replacement,,
277,Boston Scientific,https://jobs.bostonscientific.com/search/?q=&locationsearch=Ireland,75,P3 — Selective,Secondary / exact-fit,Finance / Risk,Risk/Compliance Analyst; Data/BI Analyst; Business Analyst; Operations Analyst,Keep any employment type when role-relevant; exclude generic part-time work,"Exclude generic sales, retail, hospitality, customer service and frontline roles",70,Analytics plus market-surveillance project helps; finance pedigree/domain depth is weaker than your business/implementation fit.,visible,core_harshit,TRUE,retained_or_replacement,,
278,Citi,https://jobs.citi.com/search-jobs/Ireland,75,P3 — Selective,Secondary / exact-fit,Finance / Risk,Risk/Compliance Analyst; Data/BI Analyst; Business Analyst; Operations Analyst,Keep any employment type when role-relevant; exclude generic part-time work,"Exclude generic sales, retail, hospitality, customer service and frontline roles",70,Analytics plus market-surveillance project helps; finance pedigree/domain depth is weaker than your business/implementation fit.,visible,core_harshit,TRUE,retained_or_replacement,,
279,Deutsche Bank,https://careers.db.com/professionals/search-roles/,75,P3 — Selective,Secondary / exact-fit,Finance / Risk,Risk/Compliance Analyst; Data/BI Analyst; Business Analyst; Operations Analyst,Keep any employment type when role-relevant; exclude generic part-time work,"Exclude generic sales, retail, hospitality, customer service and frontline roles",70,Analytics plus market-surveillance project helps; finance pedigree/domain depth is weaker than your business/implementation fit.,visible,core_harshit,TRUE,retained_or_replacement,,
280,Fidelity International,https://careers.fidelityinternational.com/,75,P3 — Selective,Secondary / exact-fit,Finance / Risk,Risk/Compliance Analyst; Data/BI Analyst; Business Analyst; Operations Analyst,Keep any employment type when role-relevant; exclude generic part-time work,"Exclude generic sales, retail, hospitality, customer service and frontline roles",70,Analytics plus market-surveillance project helps; finance pedigree/domain depth is weaker than your business/implementation fit.,visible,core_harshit,TRUE,retained_or_replacement,,
281,Fidelity Investments,https://jobs.fidelity.com/location/ireland-jobs/2324/2963597/2,75,P3 — Selective,Secondary / exact-fit,Finance / Risk,Risk/Compliance Analyst; Data/BI Analyst; Business Analyst; Operations Analyst,Keep any employment type when role-relevant; exclude generic part-time work,"Exclude generic sales, retail, hospitality, customer service and frontline roles",70,Analytics plus market-surveillance project helps; finance pedigree/domain depth is weaker than your business/implementation fit.,visible,core_harshit,TRUE,retained_or_replacement,,
282,Intel,https://jobs.intel.com/en/search-jobs/Ireland,75,P3 — Selective,Secondary / exact-fit,Finance / Risk,Risk/Compliance Analyst; Data/BI Analyst; Business Analyst; Operations Analyst,Keep any employment type when role-relevant; exclude generic part-time work,"Exclude generic sales, retail, hospitality, customer service and frontline roles",70,Analytics plus market-surveillance project helps; finance pedigree/domain depth is weaker than your business/implementation fit.,visible,core_harshit,TRUE,retained_or_replacement,,
283,Johnson & Johnson,https://jobs.jnj.com/en/jobs/?search=Ireland,75,P3 — Selective,Secondary / exact-fit,Finance / Risk,Risk/Compliance Analyst; Data/BI Analyst; Business Analyst; Operations Analyst,Keep any employment type when role-relevant; exclude generic part-time work,"Exclude generic sales, retail, hospitality, customer service and frontline roles",70,Analytics plus market-surveillance project helps; finance pedigree/domain depth is weaker than your business/implementation fit.,visible,core_harshit,TRUE,retained_or_replacement,,
284,JPMorgan Chase,https://jpmc.fa.oraclecloud.com/hcmUI/CandidateExperience/en/sites/CX_1001/jobs?location=Ireland&locationId=300000000289351&locationLevel=country&mode=location,75,P3 — Selective,Secondary / exact-fit,Finance / Risk,Risk/Compliance Analyst; Data/BI Analyst; Business Analyst; Operations Analyst,Keep any employment type when role-relevant; exclude generic part-time work,"Exclude generic sales, retail, hospitality, customer service and frontline roles",70,Analytics plus market-surveillance project helps; finance pedigree/domain depth is weaker than your business/implementation fit.,visible,core_harshit,TRUE,retained_or_replacement,,
285,Mastercard,https://mastercard.wd1.myworkdayjobs.com/CorporateCareers,75,P3 — Selective,Secondary / exact-fit,Finance / Risk,Risk/Compliance Analyst; Data/BI Analyst; Business Analyst; Operations Analyst,Keep any employment type when role-relevant; exclude generic part-time work,"Exclude generic sales, retail, hospitality, customer service and frontline roles",70,Analytics plus market-surveillance project helps; finance pedigree/domain depth is weaker than your business/implementation fit.,visible,core_harshit,TRUE,retained_or_replacement,,
286,Medtronic,https://medtronic.wd1.myworkdayjobs.com/medtroniccareers?locationCountry=04a05835925f45b3a59406a2a6b72c8a,75,P3 — Selective,Secondary / exact-fit,Finance / Risk,Risk/Compliance Analyst; Data/BI Analyst; Business Analyst; Operations Analyst,Keep any employment type when role-relevant; exclude generic part-time work,"Exclude generic sales, retail, hospitality, customer service and frontline roles",70,Analytics plus market-surveillance project helps; finance pedigree/domain depth is weaker than your business/implementation fit.,visible,core_harshit,TRUE,retained_or_replacement,,
287,Morgan Stanley,https://morganstanley.tal.net/vx/lang-en-GB/mobile-0/brand-2/user-home,75,P3 — Selective,Secondary / exact-fit,Finance / Risk,Risk/Compliance Analyst; Data/BI Analyst; Business Analyst; Operations Analyst,Keep any employment type when role-relevant; exclude generic part-time work,"Exclude generic sales, retail, hospitality, customer service and frontline roles",70,Analytics plus market-surveillance project helps; finance pedigree/domain depth is weaker than your business/implementation fit.,visible,core_harshit,TRUE,retained_or_replacement,,
288,PepsiCo,https://www.pepsicojobs.com/,75,P3 — Selective,Secondary / exact-fit,Finance / Risk,Risk/Compliance Analyst; Data/BI Analyst; Business Analyst; Operations Analyst,Keep any employment type when role-relevant; exclude generic part-time work,"Exclude generic sales, retail, hospitality, customer service and frontline roles",70,Analytics plus market-surveillance project helps; finance pedigree/domain depth is weaker than your business/implementation fit.,visible,core_harshit,TRUE,retained_or_replacement,,
289,Pfizer,https://pfizer.wd1.myworkdayjobs.com/PfizerCareers?locationCountry=0878e1d528b846e38b3940173bc5b43a,75,P3 — Selective,Secondary / exact-fit,Finance / Risk,Risk/Compliance Analyst; Data/BI Analyst; Business Analyst; Operations Analyst,Keep any employment type when role-relevant; exclude generic part-time work,"Exclude generic sales, retail, hospitality, customer service and frontline roles",70,Analytics plus market-surveillance project helps; finance pedigree/domain depth is weaker than your business/implementation fit.,visible,core_harshit,TRUE,retained_or_replacement,,
290,Siemens,https://www.siemens.com/ie/en/company/jobs.html,75,P3 — Selective,Secondary / exact-fit,Finance / Risk,Risk/Compliance Analyst; Data/BI Analyst; Business Analyst; Operations Analyst,Keep any employment type when role-relevant; exclude generic part-time work,"Exclude generic sales, retail, hospitality, customer service and frontline roles",70,Analytics plus market-surveillance project helps; finance pedigree/domain depth is weaker than your business/implementation fit.,visible,core_harshit,TRUE,retained_or_replacement,,
291,Siemens Healthineers,https://www.siemens-healthineers.com/careers,75,P3 — Selective,Secondary / exact-fit,Finance / Risk,Risk/Compliance Analyst; Data/BI Analyst; Business Analyst; Operations Analyst,Keep any employment type when role-relevant; exclude generic part-time work,"Exclude generic sales, retail, hospitality, customer service and frontline roles",70,Analytics plus market-surveillance project helps; finance pedigree/domain depth is weaker than your business/implementation fit.,visible,core_harshit,TRUE,retained_or_replacement,,
292,SMBC Aviation Capital,https://www.smbc.com/careers,75,P3 — Selective,Secondary / exact-fit,Finance / Risk,Risk/Compliance Analyst; Data/BI Analyst; Business Analyst; Operations Analyst,Keep any employment type when role-relevant; exclude generic part-time work,"Exclude generic sales, retail, hospitality, customer service and frontline roles",70,Analytics plus market-surveillance project helps; finance pedigree/domain depth is weaker than your business/implementation fit.,visible,core_harshit,TRUE,retained_or_replacement,,
293,State Street,https://statestreet.wd1.myworkdayjobs.com/Global,75,P3 — Selective,Secondary / exact-fit,Finance / Risk,Risk/Compliance Analyst; Data/BI Analyst; Business Analyst; Operations Analyst,Keep any employment type when role-relevant; exclude generic part-time work,"Exclude generic sales, retail, hospitality, customer service and frontline roles",70,Analytics plus market-surveillance project helps; finance pedigree/domain depth is weaker than your business/implementation fit.,visible,core_harshit,TRUE,retained_or_replacement,,
294,Unilever Ireland,https://careers.unilever.com/,75,P3 — Selective,Secondary / exact-fit,Finance / Risk,Risk/Compliance Analyst; Data/BI Analyst; Business Analyst; Operations Analyst,Keep any employment type when role-relevant; exclude generic part-time work,"Exclude generic sales, retail, hospitality, customer service and frontline roles",70,Analytics plus market-surveillance project helps; finance pedigree/domain depth is weaker than your business/implementation fit.,visible,core_harshit,TRUE,retained_or_replacement,,
295,Visa,https://search.visa.com/careers?location=Ireland,75,P3 — Selective,Secondary / exact-fit,Finance / Risk,Risk/Compliance Analyst; Data/BI Analyst; Business Analyst; Operations Analyst,Keep any employment type when role-relevant; exclude generic part-time work,"Exclude generic sales, retail, hospitality, customer service and frontline roles",70,Analytics plus market-surveillance project helps; finance pedigree/domain depth is weaker than your business/implementation fit.,visible,core_harshit,TRUE,retained_or_replacement,,
296,Kefron,https://kefron.com/careers/,72,P3 — Selective,Business CV,Document / Information Management Technology,Implementation; Business Systems; Digital Transformation,Keep any employment type when role-relevant; exclude generic part-time work,"Exclude generic sales, retail, hospitality, customer service and frontline roles",,Verified Republic of Ireland hiring presence,visible,core_harshit,TRUE,official_verified,Dublin technology/implementation hiring presence,Verified
297,Microsoft,https://jobs.careers.microsoft.com/global/en/search?lc=Ireland,67,P4 — Exact-fit only,Low priority,Finance / Risk,Risk/Compliance Analyst; Data/BI Analyst; Business Analyst; Operations Analyst,Keep any employment type when role-relevant; exclude generic part-time work,"Exclude generic sales, retail, hospitality, customer service and frontline roles",62,"Strong analytics/implementation foundation, but brand-selective hiring and role competition make this a reach; referral + exact-role fit matters.",visible,core_harshit,TRUE,retained_or_replacement,,
298,Adobe,https://adobe.wd5.myworkdayjobs.com/external_experienced,64,P4 — Exact-fit only,Low priority,Finance / Risk,Risk/Compliance Analyst; Data/BI Analyst; Business Analyst; Operations Analyst,Keep any employment type when role-relevant; exclude generic part-time work,"Exclude generic sales, retail, hospitality, customer service and frontline roles",59,"Strong analytics/implementation foundation, but brand-selective hiring and role competition make this a reach; referral + exact-role fit matters.",visible,core_harshit,TRUE,retained_or_replacement,,
299,Airbnb,https://careers.airbnb.com/,64,P4 — Exact-fit only,Low priority,Finance / Risk,Risk/Compliance Analyst; Data/BI Analyst; Business Analyst; Operations Analyst,Keep any employment type when role-relevant; exclude generic part-time work,"Exclude generic sales, retail, hospitality, customer service and frontline roles",59,"Strong analytics/implementation foundation, but brand-selective hiring and role competition make this a reach; referral + exact-role fit matters.",visible,core_harshit,TRUE,retained_or_replacement,,
300,Amazon,https://www.amazon.jobs/en/locations/dublin-ireland,64,P4 — Exact-fit only,Low priority,Finance / Risk,Risk/Compliance Analyst; Data/BI Analyst; Business Analyst; Operations Analyst,Keep any employment type when role-relevant; exclude generic part-time work,"Exclude generic sales, retail, hospitality, customer service and frontline roles",59,"Strong analytics/implementation foundation, but brand-selective hiring and role competition make this a reach; referral + exact-role fit matters.",visible,core_harshit,TRUE,retained_or_replacement,,
301,Apple,https://jobs.apple.com/en-ie/search?location=ireland-IRL,64,P4 — Exact-fit only,Low priority,Finance / Risk,Risk/Compliance Analyst; Data/BI Analyst; Business Analyst; Operations Analyst,Keep any employment type when role-relevant; exclude generic part-time work,"Exclude generic sales, retail, hospitality, customer service and frontline roles",59,"Strong analytics/implementation foundation, but brand-selective hiring and role competition make this a reach; referral + exact-role fit matters.",visible,core_harshit,TRUE,retained_or_replacement,,
302,Coinbase,https://www.coinbase.com/careers/positions?location=dublin,64,P4 — Exact-fit only,Low priority,Finance / Risk,Risk/Compliance Analyst; Data/BI Analyst; Business Analyst; Operations Analyst,Keep any employment type when role-relevant; exclude generic part-time work,"Exclude generic sales, retail, hospitality, customer service and frontline roles",59,"Strong analytics/implementation foundation, but brand-selective hiring and role competition make this a reach; referral + exact-role fit matters.",visible,core_harshit,TRUE,retained_or_replacement,,
303,Datadog,https://www.datadoghq.com/careers/,64,P4 — Exact-fit only,Low priority,Finance / Risk,Risk/Compliance Analyst; Data/BI Analyst; Business Analyst; Operations Analyst,Keep any employment type when role-relevant; exclude generic part-time work,"Exclude generic sales, retail, hospitality, customer service and frontline roles",59,"Strong analytics/implementation foundation, but brand-selective hiring and role competition make this a reach; referral + exact-role fit matters.",visible,core_harshit,TRUE,retained_or_replacement,,
304,Google,https://www.google.com/about/careers/applications/jobs/results/?location=Ireland,64,P4 — Exact-fit only,Low priority,Finance / Risk,Risk/Compliance Analyst; Data/BI Analyst; Business Analyst; Operations Analyst,Keep any employment type when role-relevant; exclude generic part-time work,"Exclude generic sales, retail, hospitality, customer service and frontline roles",59,"Strong analytics/implementation foundation, but brand-selective hiring and role competition make this a reach; referral + exact-role fit matters.",visible,core_harshit,TRUE,retained_or_replacement,,
305,HubSpot,https://www.hubspot.com/careers/jobs?location=dublin,64,P4 — Exact-fit only,Low priority,Finance / Risk,Risk/Compliance Analyst; Data/BI Analyst; Business Analyst; Operations Analyst,Keep any employment type when role-relevant; exclude generic part-time work,"Exclude generic sales, retail, hospitality, customer service and frontline roles",59,"Strong analytics/implementation foundation, but brand-selective hiring and role competition make this a reach; referral + exact-role fit matters.",visible,core_harshit,TRUE,retained_or_replacement,,
306,LinkedIn,https://careers.linkedin.com/Locations/Dublin,64,P4 — Exact-fit only,Low priority,Finance / Risk,Risk/Compliance Analyst; Data/BI Analyst; Business Analyst; Operations Analyst,Keep any employment type when role-relevant; exclude generic part-time work,"Exclude generic sales, retail, hospitality, customer service and frontline roles",59,"Strong analytics/implementation foundation, but brand-selective hiring and role competition make this a reach; referral + exact-role fit matters.",visible,core_harshit,TRUE,retained_or_replacement,,
307,Meta,https://www.metacareers.com/jobs?locations[0]=Dublin%2C%20Ireland,64,P4 — Exact-fit only,Low priority,Finance / Risk,Risk/Compliance Analyst; Data/BI Analyst; Business Analyst; Operations Analyst,Keep any employment type when role-relevant; exclude generic part-time work,"Exclude generic sales, retail, hospitality, customer service and frontline roles",59,"Strong analytics/implementation foundation, but brand-selective hiring and role competition make this a reach; referral + exact-role fit matters.",visible,core_harshit,TRUE,retained_or_replacement,,
308,MongoDB,https://www.mongodb.com/careers/jobs?location=Dublin%2C%20Ireland,64,P4 — Exact-fit only,Low priority,Finance / Risk,Risk/Compliance Analyst; Data/BI Analyst; Business Analyst; Operations Analyst,Keep any employment type when role-relevant; exclude generic part-time work,"Exclude generic sales, retail, hospitality, customer service and frontline roles",59,"Strong analytics/implementation foundation, but brand-selective hiring and role competition make this a reach; referral + exact-role fit matters.",visible,core_harshit,TRUE,retained_or_replacement,,
309,Pinterest,https://www.pinterestcareers.com/en/jobs/?location=Dublin,64,P4 — Exact-fit only,Low priority,Finance / Risk,Risk/Compliance Analyst; Data/BI Analyst; Business Analyst; Operations Analyst,Keep any employment type when role-relevant; exclude generic part-time work,"Exclude generic sales, retail, hospitality, customer service and frontline roles",59,"Strong analytics/implementation foundation, but brand-selective hiring and role competition make this a reach; referral + exact-role fit matters.",visible,core_harshit,TRUE,retained_or_replacement,,
310,Salesforce,https://salesforce.wd12.myworkdayjobs.com/External_Career_Site,64,P4 — Exact-fit only,Low priority,Finance / Risk,Risk/Compliance Analyst; Data/BI Analyst; Business Analyst; Operations Analyst,Keep any employment type when role-relevant; exclude generic part-time work,"Exclude generic sales, retail, hospitality, customer service and frontline roles",59,"Strong analytics/implementation foundation, but brand-selective hiring and role competition make this a reach; referral + exact-role fit matters.",visible,core_harshit,TRUE,retained_or_replacement,,
311,ServiceNow,https://careers.servicenow.com/jobs?location=Dublin%2C%20Ireland,64,P4 — Exact-fit only,Low priority,Finance / Risk,Risk/Compliance Analyst; Data/BI Analyst; Business Analyst; Operations Analyst,Keep any employment type when role-relevant; exclude generic part-time work,"Exclude generic sales, retail, hospitality, customer service and frontline roles",59,"Strong analytics/implementation foundation, but brand-selective hiring and role competition make this a reach; referral + exact-role fit matters.",visible,core_harshit,TRUE,retained_or_replacement,,
312,Snowflake,https://careers.snowflake.com/us/en/search-results?m=3&location=Ireland,64,P4 — Exact-fit only,Low priority,Finance / Risk,Risk/Compliance Analyst; Data/BI Analyst; Business Analyst; Operations Analyst,Keep any employment type when role-relevant; exclude generic part-time work,"Exclude generic sales, retail, hospitality, customer service and frontline roles",59,"Strong analytics/implementation foundation, but brand-selective hiring and role competition make this a reach; referral + exact-role fit matters.",visible,core_harshit,TRUE,retained_or_replacement,,
313,Stripe,https://stripe.com/jobs,64,P4 — Exact-fit only,Low priority,Finance / Risk,Risk/Compliance Analyst; Data/BI Analyst; Business Analyst; Operations Analyst,Keep any employment type when role-relevant; exclude generic part-time work,"Exclude generic sales, retail, hospitality, customer service and frontline roles",59,"Strong analytics/implementation foundation, but brand-selective hiring and role competition make this a reach; referral + exact-role fit matters.",visible,core_harshit,TRUE,retained_or_replacement,,
314,TikTok,https://careers.tiktok.com/position?keyword=&location=Dublin%2C+Ireland,64,P4 — Exact-fit only,Low priority,Finance / Risk,Risk/Compliance Analyst; Data/BI Analyst; Business Analyst; Operations Analyst,Keep any employment type when role-relevant; exclude generic part-time work,"Exclude generic sales, retail, hospitality, customer service and frontline roles",59,"Strong analytics/implementation foundation, but brand-selective hiring and role competition make this a reach; referral + exact-role fit matters.",visible,core_harshit,TRUE,retained_or_replacement,,
315,Twilio,https://www.twilio.com/en-us/company/jobs,64,P4 — Exact-fit only,Low priority,Finance / Risk,Risk/Compliance Analyst; Data/BI Analyst; Business Analyst; Operations Analyst,Keep any employment type when role-relevant; exclude generic part-time work,"Exclude generic sales, retail, hospitality, customer service and frontline roles",59,"Strong analytics/implementation foundation, but brand-selective hiring and role competition make this a reach; referral + exact-role fit matters.",visible,core_harshit,TRUE,retained_or_replacement,,
316,Workday,https://workday.wd5.myworkdayjobs.com/Workday,64,P4 — Exact-fit only,Low priority,Finance / Risk,Risk/Compliance Analyst; Data/BI Analyst; Business Analyst; Operations Analyst,Keep any employment type when role-relevant; exclude generic part-time work,"Exclude generic sales, retail, hospitality, customer service and frontline roles",59,"Strong analytics/implementation foundation, but brand-selective hiring and role competition make this a reach; referral + exact-role fit matters.",visible,core_harshit,TRUE,retained_or_replacement,,
317,Klaviyo,https://www.klaviyo.com/careers,63,P4 — Exact-fit only,Low priority,Technology / SaaS,Data/BI Analyst; Business Operations Analyst; Customer/Revenue Analytics; Implementation/CS Ops,Keep any employment type when role-relevant; exclude generic part-time work,"Exclude generic sales, retail, hospitality, customer service and frontline roles",42,"Strong analytics/implementation foundation, but brand-selective hiring and role competition make this a reach; referral + exact-role fit matters.",visible,core_harshit,TRUE,retained_or_replacement,,
318,OpenAI,https://openai.com/careers/,63,P4 — Exact-fit only,Low priority,Technology / SaaS,Data/BI Analyst; Business Operations Analyst; Customer/Revenue Analytics; Implementation/CS Ops,Keep any employment type when role-relevant; exclude generic part-time work,"Exclude generic sales, retail, hospitality, customer service and frontline roles",42,"Strong analytics/implementation foundation, but brand-selective hiring and role competition make this a reach; referral + exact-role fit matters.",visible,core_harshit,TRUE,retained_or_replacement,,
319,McKinsey & Company,https://www.mckinsey.com/careers/search-jobs?locations=Dublin,55,P4 — Exact-fit only,Low priority,Strategy / Consulting,Technology/Data Consultant; Business Analyst; Transformation Consultant,Keep any employment type when role-relevant; exclude generic part-time work,"Exclude generic sales, retail, hospitality, customer service and frontline roles",34,"Profile has consulting/client strengths, but generalist strategy hiring is exceptionally selective; target data/tech/transformation tracks.",visible,core_harshit,TRUE,retained_or_replacement,,
320,LetsGetChecked,https://www.letsgetchecked.com/careers/,100,P1 — Focus,Harshit primary,Industrial / Operations,Operations/Supply Chain Analyst; Business Analyst; ERP/BI Analyst,Keep any employment type when role-relevant; exclude generic part-time work,"Exclude generic sales, retail, hospitality, customer service and frontline roles",76,No current Republic of Ireland vacancies on the official board.,hidden,currently_not_hiring_roi,FALSE,audited_zero,Official Greenhouse board returned zero Republic of Ireland jobs.,verified_2026_08_31
321,Publift,https://www.publift.com/careers,100,P1 — Focus,Harshit primary,Industrial / Operations,Operations/Supply Chain Analyst; Business Analyst; ERP/BI Analyst,Keep any employment type when role-relevant; exclude generic part-time work,"Exclude generic sales, retail, hospitality, customer service and frontline roles",76,"Engineering + ERP + operations/process experience is a differentiated fit; target digital, supply-chain and systems analytics.",visible,core_harshit,FALSE,retained_or_replacement,,
322,Quest Software,https://careers.quest.com/,99,P1 — Focus,Harshit primary,Tech Consulting / Enterprise,Business Analyst; ERP/D365/Implementation Analyst; Technology Consultant; BI Analyst,Keep any employment type when role-relevant; exclude generic part-time work,"Exclude generic sales, retail, hospitality, customer service and frontline roles",78,"Your ERP/D365, UAT, SQL/Python and client-delivery background maps directly to implementation/transformation roles.",visible,core_harshit,FALSE,retained_or_replacement,,
323,Red Hat,https://www.redhat.com/en/jobs,99,P1 — Focus,Harshit primary,Tech Consulting / Enterprise,Business Analyst; ERP/D365/Implementation Analyst; Technology Consultant; BI Analyst,Keep any employment type when role-relevant; exclude generic part-time work,"Exclude generic sales, retail, hospitality, customer service and frontline roles",78,"Your ERP/D365, UAT, SQL/Python and client-delivery background maps directly to implementation/transformation roles.",visible,core_harshit,FALSE,retained_or_replacement,,
324,Tricentis,https://www.tricentis.com/company/careers,99,P1 — Focus,Harshit primary,Tech Consulting / Enterprise,Business Analyst; ERP/D365/Implementation Analyst; Technology Consultant; BI Analyst,Keep any employment type when role-relevant; exclude generic part-time work,"Exclude generic sales, retail, hospitality, customer service and frontline roles",78,"Your ERP/D365, UAT, SQL/Python and client-delivery background maps directly to implementation/transformation roles.",visible,core_harshit,FALSE,retained_or_replacement,,
325,Tesco Ireland,https://www.tesco-careers.com/search-jobs/?location=Ireland,90,P1 — Focus,Harshit primary,Finance / Risk,Risk/Compliance Analyst; Data/BI Analyst; Business Analyst; Operations Analyst,Keep any employment type when role-relevant; exclude generic part-time work,"Exclude generic sales, retail, hospitality, customer service and frontline roles",85,Analytics plus market-surveillance project helps; finance pedigree/domain depth is weaker than your business/implementation fit.,visible,core_harshit,FALSE,retained_or_replacement,,
326,Boston Consulting Group (BCG),https://careers.bcg.com/locations/ireland,90,P2 — Strong,Harshit primary,Strategy / Consulting,Business Analyst; Data/Analytics Consultant; Digital Transformation; Strategy; Operations,Keep any employment type when role-relevant; exclude generic part-time/frontline work,"Exclude generic sales, retail, hospitality, customer service and frontline roles",78,"Ireland consulting presence with transformation, strategy and analytics pathways.",visible,core_harshit,FALSE,validated_addition,"Ireland consulting presence with transformation, strategy and analytics pathways.",Ireland-relevance validated / vacancy-level verification still required
327,Bain & Company,https://www.bain.com/careers/,88,P2 — Strong,Harshit primary,Strategy / Consulting,Business Analyst; Strategy Analyst; Digital Transformation; Operations,Keep any employment type when role-relevant; exclude generic part-time/frontline work,"Exclude generic sales, retail, hospitality, customer service and frontline roles",76,High-value consulting fit; selective Ireland opportunity density.,visible,core_harshit,FALSE,validated_addition,High-value consulting fit; selective Ireland opportunity density.,Ireland-relevance validated / vacancy-level verification still required
328,ABB,https://careers.abb/global/en,86,P2 — Strong,Harshit primary,Finance / Risk,Risk/Compliance Analyst; Data/BI Analyst; Business Analyst; Operations Analyst,Keep any employment type when role-relevant; exclude generic part-time work,"Exclude generic sales, retail, hospitality, customer service and frontline roles",81,Analytics plus market-surveillance project helps; finance pedigree/domain depth is weaker than your business/implementation fit.,visible,core_harshit,FALSE,retained_or_replacement,,
329,Bayer,https://career.bayer.com/en/search-jobs/Ireland,86,P2 — Strong,Harshit primary,Life Sciences / Operations,Data/BI Analyst; Business Analyst; Operations Analyst,Keep any employment type when role-relevant; exclude generic part-time work,"Exclude generic sales, retail, hospitality, customer service and frontline roles",81,No current Republic of Ireland vacancies on the official board.,hidden,currently_not_hiring_roi,FALSE,audited_zero,Official Ireland search returned zero jobs.,verified_2026_08_31
330,Block,https://block.xyz/careers,86,P2 — Strong,Harshit primary,Finance / Risk,Risk/Compliance Analyst; Data/BI Analyst; Business Analyst; Operations Analyst,Keep any employment type when role-relevant; exclude generic part-time work,"Exclude generic sales, retail, hospitality, customer service and frontline roles",81,Analytics plus market-surveillance project helps; finance pedigree/domain depth is weaker than your business/implementation fit.,visible,core_harshit,FALSE,retained_or_replacement,,
331,Boehringer Ingelheim,https://www.boehringer-ingelheim.com/ie/careers,86,P2 — Strong,Harshit primary,Finance / Risk,Risk/Compliance Analyst; Data/BI Analyst; Business Analyst; Operations Analyst,Keep any employment type when role-relevant; exclude generic part-time work,"Exclude generic sales, retail, hospitality, customer service and frontline roles",81,Analytics plus market-surveillance project helps; finance pedigree/domain depth is weaker than your business/implementation fit.,visible,core_harshit,FALSE,retained_or_replacement,,
332,Bord na Móna,https://www.bordnamona.ie/careers/,86,P2 — Strong,Harshit primary,Finance / Risk,Risk/Compliance Analyst; Data/BI Analyst; Business Analyst; Operations Analyst,Keep any employment type when role-relevant; exclude generic part-time work,"Exclude generic sales, retail, hospitality, customer service and frontline roles",81,Analytics plus market-surveillance project helps; finance pedigree/domain depth is weaker than your business/implementation fit.,visible,core_harshit,FALSE,retained_or_replacement,,
333,Brown Brothers Harriman,https://careers.bbh.com/,86,P2 — Strong,Harshit primary,Finance / Risk,Risk/Compliance Analyst; Data/BI Analyst; Business Analyst; Operations Analyst,Keep any employment type when role-relevant; exclude generic part-time work,"Exclude generic sales, retail, hospitality, customer service and frontline roles",81,Official careers hostname is no longer reliable and no current Republic of Ireland jobs were verified.,hidden,stale_career_source,FALSE,audited_unverified,No verifiable Republic of Ireland hiring source.,verified_2026_08_31
334,BT Ireland,https://jobs.bt.com/search/?q=&locationsearch=Ireland,86,P2 — Strong,Harshit primary,Technology / Operations,Business Analyst; Data/BI Analyst; Operations Analyst,Keep any employment type when role-relevant; exclude generic part-time work,"Exclude generic sales, retail, hospitality, customer service and frontline roles",81,No current Republic of Ireland vacancies on the official search.,hidden,currently_not_hiring_roi,FALSE,audited_zero,Official SuccessFactors Ireland search returned zero jobs.,verified_2026_08_31
335,Bus Éireann,https://careers.buseireann.ie/,86,P2 — Strong,Harshit primary,Finance / Risk,Risk/Compliance Analyst; Data/BI Analyst; Business Analyst; Operations Analyst,Keep any employment type when role-relevant; exclude generic part-time work,"Exclude generic sales, retail, hospitality, customer service and frontline roles",81,Analytics plus market-surveillance project helps; finance pedigree/domain depth is weaker than your business/implementation fit.,visible,core_harshit,FALSE,retained_or_replacement,,
336,ByrneWallace,https://byrnewallace.com/careers/,86,P2 — Strong,Harshit primary,Finance / Risk,Risk/Compliance Analyst; Data/BI Analyst; Business Analyst; Operations Analyst,Keep any employment type when role-relevant; exclude generic part-time work,"Exclude generic sales, retail, hospitality, customer service and frontline roles",81,Analytics plus market-surveillance project helps; finance pedigree/domain depth is weaker than your business/implementation fit.,visible,core_harshit,FALSE,retained_or_replacement,,
337,C&C Group,https://www.candcgroupplc.com/careers/,86,P2 — Strong,Harshit primary,Finance / Risk,Risk/Compliance Analyst; Data/BI Analyst; Business Analyst; Operations Analyst,Keep any employment type when role-relevant; exclude generic part-time work,"Exclude generic sales, retail, hospitality, customer service and frontline roles",81,Analytics plus market-surveillance project helps; finance pedigree/domain depth is weaker than your business/implementation fit.,visible,core_harshit,FALSE,retained_or_replacement,,
338,Cairn Homes,https://www.cairnhomes.com/careers/,86,P2 — Strong,Harshit primary,Finance / Risk,Risk/Compliance Analyst; Data/BI Analyst; Business Analyst; Operations Analyst,Keep any employment type when role-relevant; exclude generic part-time work,"Exclude generic sales, retail, hospitality, customer service and frontline roles",81,Analytics plus market-surveillance project helps; finance pedigree/domain depth is weaker than your business/implementation fit.,visible,core_harshit,FALSE,retained_or_replacement,,
339,Cantor Fitzgerald Ireland,https://cantorfitzgerald.ie/about-us/careers/,86,P2 — Strong,Harshit primary,Finance / Risk,Risk/Compliance Analyst; Data/BI Analyst; Business Analyst; Operations Analyst,Keep any employment type when role-relevant; exclude generic part-time work,"Exclude generic sales, retail, hospitality, customer service and frontline roles",81,Analytics plus market-surveillance project helps; finance pedigree/domain depth is weaker than your business/implementation fit.,visible,core_harshit,FALSE,retained_or_replacement,,
340,Carne Group,https://www.carnegroup.com/careers/,86,P2 — Strong,Harshit primary,Finance / Risk,Risk/Compliance Analyst; Data/BI Analyst; Business Analyst; Operations Analyst,Keep any employment type when role-relevant; exclude generic part-time work,"Exclude generic sales, retail, hospitality, customer service and frontline roles",81,Analytics plus market-surveillance project helps; finance pedigree/domain depth is weaker than your business/implementation fit.,visible,core_harshit,FALSE,retained_or_replacement,,
341,Catalent,https://catalent.wd1.myworkdayjobs.com/External,86,P2 — Strong,Harshit primary,Life Sciences / Operations,Data/BI Analyst; Business Analyst; Operations Analyst,Keep any employment type when role-relevant; exclude generic part-time work,"Exclude generic sales, retail, hospitality, customer service and frontline roles",81,No current Republic of Ireland vacancies on the official board.,hidden,currently_not_hiring_roi,FALSE,audited_zero,Official board returned zero Republic of Ireland jobs.,verified_2026_08_31
342,CBRE Ireland,https://www.cbre.ie/careers,86,P2 — Strong,Harshit primary,Finance / Risk,Risk/Compliance Analyst; Data/BI Analyst; Business Analyst; Operations Analyst,Keep any employment type when role-relevant; exclude generic part-time work,"Exclude generic sales, retail, hospitality, customer service and frontline roles",81,Analytics plus market-surveillance project helps; finance pedigree/domain depth is weaker than your business/implementation fit.,visible,core_harshit,FALSE,retained_or_replacement,,
343,CDB Aviation,https://cdbaviation.aero/careers,86,P2 — Strong,Harshit primary,Finance / Risk,Risk/Compliance Analyst; Data/BI Analyst; Business Analyst; Operations Analyst,Keep any employment type when role-relevant; exclude generic part-time work,"Exclude generic sales, retail, hospitality, customer service and frontline roles",81,Analytics plus market-surveillance project helps; finance pedigree/domain depth is weaker than your business/implementation fit.,visible,core_harshit,FALSE,retained_or_replacement,,
344,CGI,https://cgi.com/en/careers,86,P2 — Strong,Harshit primary,Finance / Risk,Risk/Compliance Analyst; Data/BI Analyst; Business Analyst; Operations Analyst,Keep any employment type when role-relevant; exclude generic part-time work,"Exclude generic sales, retail, hospitality, customer service and frontline roles",81,Analytics plus market-surveillance project helps; finance pedigree/domain depth is weaker than your business/implementation fit.,visible,core_harshit,FALSE,retained_or_replacement,,
345,Charles River Laboratories,https://jobs.criver.com/search-jobs/Ireland,86,P2 — Strong,Harshit primary,Life Sciences / Operations,Data/BI Analyst; Business Analyst; Operations Analyst,Keep any employment type when role-relevant; exclude generic part-time work,"Exclude generic sales, retail, hospitality, customer service and frontline roles",81,No current Republic of Ireland vacancies on the official board.,hidden,currently_not_hiring_roi,FALSE,audited_zero,Official Greenhouse board returned zero Republic of Ireland jobs.,verified_2026_08_31
346,Check Point Software,https://www.checkpoint.com/careers/,86,P2 — Strong,Harshit primary,Finance / Risk,Risk/Compliance Analyst; Data/BI Analyst; Business Analyst; Operations Analyst,Keep any employment type when role-relevant; exclude generic part-time work,"Exclude generic sales, retail, hospitality, customer service and frontline roles",81,Analytics plus market-surveillance project helps; finance pedigree/domain depth is weaker than your business/implementation fit.,visible,core_harshit,FALSE,retained_or_replacement,,
347,Citrix,https://jobs.citrix.com/,86,P2 — Strong,Harshit primary,Finance / Risk,Risk/Compliance Analyst; Data/BI Analyst; Business Analyst; Operations Analyst,Keep any employment type when role-relevant; exclude generic part-time work,"Exclude generic sales, retail, hospitality, customer service and frontline roles",81,Analytics plus market-surveillance project helps; finance pedigree/domain depth is weaker than your business/implementation fit.,visible,core_harshit,FALSE,retained_or_replacement,,
348,Cloudflare,https://www.cloudflare.com/careers/jobs/,86,P2 — Strong,Harshit primary,Finance / Risk,Risk/Compliance Analyst; Data/BI Analyst; Business Analyst; Operations Analyst,Keep any employment type when role-relevant; exclude generic part-time work,"Exclude generic sales, retail, hospitality, customer service and frontline roles",81,Analytics plus market-surveillance project helps; finance pedigree/domain depth is weaker than your business/implementation fit.,visible,core_harshit,FALSE,retained_or_replacement,,
349,CluneTech,https://www.clunetech.com/careers/,86,P2 — Strong,Harshit primary,Finance / Risk,Risk/Compliance Analyst; Data/BI Analyst; Business Analyst; Operations Analyst,Keep any employment type when role-relevant; exclude generic part-time work,"Exclude generic sales, retail, hospitality, customer service and frontline roles",81,Analytics plus market-surveillance project helps; finance pedigree/domain depth is weaker than your business/implementation fit.,visible,core_harshit,FALSE,retained_or_replacement,,
350,Coillte,https://www.coillte.ie/about-us/careers/,86,P2 — Strong,Harshit primary,Finance / Risk,Risk/Compliance Analyst; Data/BI Analyst; Business Analyst; Operations Analyst,Keep any employment type when role-relevant; exclude generic part-time work,"Exclude generic sales, retail, hospitality, customer service and frontline roles",81,Analytics plus market-surveillance project helps; finance pedigree/domain depth is weaker than your business/implementation fit.,visible,core_harshit,FALSE,retained_or_replacement,,
351,Coloplast,https://www.coloplast.com/about-us/careers/,86,P2 — Strong,Harshit primary,Finance / Risk,Risk/Compliance Analyst; Data/BI Analyst; Business Analyst; Operations Analyst,Keep any employment type when role-relevant; exclude generic part-time work,"Exclude generic sales, retail, hospitality, customer service and frontline roles",81,Analytics plus market-surveillance project helps; finance pedigree/domain depth is weaker than your business/implementation fit.,visible,core_harshit,FALSE,retained_or_replacement,,
352,Convatec,https://www.convatecgroup.com/careers/,86,P2 — Strong,Harshit primary,Finance / Risk,Risk/Compliance Analyst; Data/BI Analyst; Business Analyst; Operations Analyst,Keep any employment type when role-relevant; exclude generic part-time work,"Exclude generic sales, retail, hospitality, customer service and frontline roles",81,Analytics plus market-surveillance project helps; finance pedigree/domain depth is weaker than your business/implementation fit.,visible,core_harshit,FALSE,retained_or_replacement,,
353,Cook Medical,https://www.cookmedical.eu/careers/,86,P2 — Strong,Harshit primary,Finance / Risk,Risk/Compliance Analyst; Data/BI Analyst; Business Analyst; Operations Analyst,Keep any employment type when role-relevant; exclude generic part-time work,"Exclude generic sales, retail, hospitality, customer service and frontline roles",81,Analytics plus market-surveillance project helps; finance pedigree/domain depth is weaker than your business/implementation fit.,visible,core_harshit,FALSE,retained_or_replacement,,
354,Cushman & Wakefield Ireland,https://www.cushmanwakefield.com/en/ireland/careers,86,P2 — Strong,Harshit primary,Finance / Risk,Risk/Compliance Analyst; Data/BI Analyst; Business Analyst; Operations Analyst,Keep any employment type when role-relevant; exclude generic part-time work,"Exclude generic sales, retail, hospitality, customer service and frontline roles",81,Analytics plus market-surveillance project helps; finance pedigree/domain depth is weaker than your business/implementation fit.,visible,core_harshit,FALSE,retained_or_replacement,,
355,CyberArk,https://www.cyberark.com/careers/,86,P2 — Strong,Harshit primary,Cybersecurity / SaaS,Business Analyst; Technical Consultant; Customer Success Engineering; Operations; Data,Keep any employment type when role-relevant; exclude generic part-time/frontline work,"Exclude generic sales, retail, hospitality, customer service and frontline roles",74,Official careers URL now redirects to Palo Alto Networks.,hidden,lower_priority_companies,FALSE,replaced_by_palo_alto,Official careers URL now redirects to Palo Alto Networks.,
356,DAE Capital,https://dubaiaerospace.com/careers,86,P2 — Strong,Harshit primary,Finance / Risk,Risk/Compliance Analyst; Data/BI Analyst; Business Analyst; Operations Analyst,Keep any employment type when role-relevant; exclude generic part-time work,"Exclude generic sales, retail, hospitality, customer service and frontline roles",81,Analytics plus market-surveillance project helps; finance pedigree/domain depth is weaker than your business/implementation fit.,visible,core_harshit,FALSE,retained_or_replacement,,
357,Dalata Hotel Group,https://dalatahotelgroup.com/careers/,86,P2 — Strong,Harshit primary,Finance / Risk,Risk/Compliance Analyst; Data/BI Analyst; Business Analyst; Operations Analyst,Keep any employment type when role-relevant; exclude generic part-time work,"Exclude generic sales, retail, hospitality, customer service and frontline roles",81,Analytics plus market-surveillance project helps; finance pedigree/domain depth is weaker than your business/implementation fit.,visible,core_harshit,FALSE,retained_or_replacement,,
358,Datalex,https://datalex.com/careers,86,P2 — Strong,Harshit primary,Finance / Risk,Risk/Compliance Analyst; Data/BI Analyst; Business Analyst; Operations Analyst,Keep any employment type when role-relevant; exclude generic part-time work,"Exclude generic sales, retail, hospitality, customer service and frontline roles",81,Analytics plus market-surveillance project helps; finance pedigree/domain depth is weaker than your business/implementation fit.,visible,core_harshit,FALSE,retained_or_replacement,,
359,DePuy Synthes,https://jobs.jnj.com/en/jobs/?search=Ireland,86,P2 — Strong,Harshit primary,Finance / Risk,Risk/Compliance Analyst; Data/BI Analyst; Business Analyst; Operations Analyst,Keep any employment type when role-relevant; exclude generic part-time work,"Exclude generic sales, retail, hospitality, customer service and frontline roles",81,Analytics plus market-surveillance project helps; finance pedigree/domain depth is weaker than your business/implementation fit.,visible,core_harshit,FALSE,retained_or_replacement,,
360,DNV,https://www.dnv.com/careers/,86,P2 — Strong,Harshit primary,Finance / Risk,Risk/Compliance Analyst; Data/BI Analyst; Business Analyst; Operations Analyst,Keep any employment type when role-relevant; exclude generic part-time work,"Exclude generic sales, retail, hospitality, customer service and frontline roles",81,Analytics plus market-surveillance project helps; finance pedigree/domain depth is weaker than your business/implementation fit.,visible,core_harshit,FALSE,retained_or_replacement,,
361,DocuSign,https://www.docusign.com/company/careers/jobs?location=Dublin,86,P2 — Strong,Harshit primary,Finance / Risk,Risk/Compliance Analyst; Data/BI Analyst; Business Analyst; Operations Analyst,Keep any employment type when role-relevant; exclude generic part-time work,"Exclude generic sales, retail, hospitality, customer service and frontline roles",81,Analytics plus market-surveillance project helps; finance pedigree/domain depth is weaker than your business/implementation fit.,visible,core_harshit,FALSE,retained_or_replacement,,
362,DraftKings,https://careers.draftkings.com,86,P2 — Strong,Harshit primary,Finance / Risk,Risk/Compliance Analyst; Data/BI Analyst; Business Analyst; Operations Analyst,Keep any employment type when role-relevant; exclude generic part-time work,"Exclude generic sales, retail, hospitality, customer service and frontline roles",81,Analytics plus market-surveillance project helps; finance pedigree/domain depth is weaker than your business/implementation fit.,visible,core_harshit,FALSE,retained_or_replacement,,
363,DSV Ireland,https://www.dsv.com/en/careers,86,P2 — Strong,Harshit primary,Finance / Risk,Risk/Compliance Analyst; Data/BI Analyst; Business Analyst; Operations Analyst,Keep any employment type when role-relevant; exclude generic part-time work,"Exclude generic sales, retail, hospitality, customer service and frontline roles",81,Analytics plus market-surveillance project helps; finance pedigree/domain depth is weaker than your business/implementation fit.,visible,core_harshit,FALSE,retained_or_replacement,,
364,Dublin Bus,https://www.dublinbus.ie/careers,86,P2 — Strong,Harshit primary,Finance / Risk,Risk/Compliance Analyst; Data/BI Analyst; Business Analyst; Operations Analyst,Keep any employment type when role-relevant; exclude generic part-time work,"Exclude generic sales, retail, hospitality, customer service and frontline roles",81,Analytics plus market-surveillance project helps; finance pedigree/domain depth is weaker than your business/implementation fit.,visible,core_harshit,FALSE,retained_or_replacement,,
365,Dynatrace,https://www.dynatrace.com/careers/,86,P2 — Strong,Harshit primary,Finance / Risk,Risk/Compliance Analyst; Data/BI Analyst; Business Analyst; Operations Analyst,Keep any employment type when role-relevant; exclude generic part-time work,"Exclude generic sales, retail, hospitality, customer service and frontline roles",81,Analytics plus market-surveillance project helps; finance pedigree/domain depth is weaker than your business/implementation fit.,visible,core_harshit,FALSE,retained_or_replacement,,
366,Edwards Lifesciences,https://edwards.wd1.myworkdayjobs.com/EdwardsCareers,86,P2 — Strong,Harshit primary,Finance / Risk,Risk/Compliance Analyst; Data/BI Analyst; Business Analyst; Operations Analyst,Keep any employment type when role-relevant; exclude generic part-time work,"Exclude generic sales, retail, hospitality, customer service and frontline roles",81,Analytics plus market-surveillance project helps; finance pedigree/domain depth is weaker than your business/implementation fit.,visible,core_harshit,FALSE,retained_or_replacement,,
367,Emerald Airlines,https://www.emeraldairlines.com/careers,86,P2 — Strong,Harshit primary,Finance / Risk,Risk/Compliance Analyst; Data/BI Analyst; Business Analyst; Operations Analyst,Keep any employment type when role-relevant; exclude generic part-time work,"Exclude generic sales, retail, hospitality, customer service and frontline roles",81,Analytics plus market-surveillance project helps; finance pedigree/domain depth is weaker than your business/implementation fit.,visible,core_harshit,FALSE,retained_or_replacement,,
368,Emerson,https://www.emerson.com/en-us/careers,86,P2 — Strong,Harshit primary,Finance / Risk,Risk/Compliance Analyst; Data/BI Analyst; Business Analyst; Operations Analyst,Keep any employment type when role-relevant; exclude generic part-time work,"Exclude generic sales, retail, hospitality, customer service and frontline roles",81,Analytics plus market-surveillance project helps; finance pedigree/domain depth is weaker than your business/implementation fit.,visible,core_harshit,FALSE,retained_or_replacement,,
369,Energia Group,https://www.energiagroup.com/careers,86,P2 — Strong,Harshit primary,Finance / Risk,Risk/Compliance Analyst; Data/BI Analyst; Business Analyst; Operations Analyst,Keep any employment type when role-relevant; exclude generic part-time work,"Exclude generic sales, retail, hospitality, customer service and frontline roles",81,Analytics plus market-surveillance project helps; finance pedigree/domain depth is weaker than your business/implementation fit.,visible,core_harshit,FALSE,retained_or_replacement,,
370,Enterprise Ireland,https://www.enterprise-ireland.com/en/About-Us/Careers/,86,P2 — Strong,Harshit primary,Finance / Risk,Risk/Compliance Analyst; Data/BI Analyst; Business Analyst; Operations Analyst,Keep any employment type when role-relevant; exclude generic part-time work,"Exclude generic sales, retail, hospitality, customer service and frontline roles",81,Analytics plus market-surveillance project helps; finance pedigree/domain depth is weaker than your business/implementation fit.,visible,core_harshit,FALSE,retained_or_replacement,,
371,Etsy,https://careers.etsy.com/global/en,86,P2 — Strong,Harshit primary,Finance / Risk,Risk/Compliance Analyst; Data/BI Analyst; Business Analyst; Operations Analyst,Keep any employment type when role-relevant; exclude generic part-time work,"Exclude generic sales, retail, hospitality, customer service and frontline roles",81,Analytics plus market-surveillance project helps; finance pedigree/domain depth is weaker than your business/implementation fit.,visible,core_harshit,FALSE,retained_or_replacement,,
372,Eversheds Sutherland Ireland,https://www.eversheds-sutherland.com/en/ireland/careers,86,P2 — Strong,Harshit primary,Finance / Risk,Risk/Compliance Analyst; Data/BI Analyst; Business Analyst; Operations Analyst,Keep any employment type when role-relevant; exclude generic part-time work,"Exclude generic sales, retail, hospitality, customer service and frontline roles",81,Analytics plus market-surveillance project helps; finance pedigree/domain depth is weaker than your business/implementation fit.,visible,core_harshit,FALSE,retained_or_replacement,,
373,Expleo,https://careers.expleo.com/,86,P2 — Strong,Harshit primary,Finance / Risk,Risk/Compliance Analyst; Data/BI Analyst; Business Analyst; Operations Analyst,Keep any employment type when role-relevant; exclude generic part-time work,"Exclude generic sales, retail, hospitality, customer service and frontline roles",81,Analytics plus market-surveillance project helps; finance pedigree/domain depth is weaker than your business/implementation fit.,visible,core_harshit,FALSE,retained_or_replacement,,
374,Exyte,https://www.exyte.net/Careers,86,P2 — Strong,Harshit primary,Finance / Risk,Risk/Compliance Analyst; Data/BI Analyst; Business Analyst; Operations Analyst,Keep any employment type when role-relevant; exclude generic part-time work,"Exclude generic sales, retail, hospitality, customer service and frontline roles",81,Analytics plus market-surveillance project helps; finance pedigree/domain depth is weaker than your business/implementation fit.,visible,core_harshit,FALSE,retained_or_replacement,,
375,Fastway Couriers Ireland,https://www.fastway.ie/careers/,86,P2 — Strong,Harshit primary,Finance / Risk,Risk/Compliance Analyst; Data/BI Analyst; Business Analyst; Operations Analyst,Keep any employment type when role-relevant; exclude generic part-time work,"Exclude generic sales, retail, hospitality, customer service and frontline roles",81,Analytics plus market-surveillance project helps; finance pedigree/domain depth is weaker than your business/implementation fit.,visible,core_harshit,FALSE,retained_or_replacement,,
376,FedEx Express Ireland,https://careers.fedex.com/fedex/,86,P2 — Strong,Harshit primary,Finance / Risk,Risk/Compliance Analyst; Data/BI Analyst; Business Analyst; Operations Analyst,Keep any employment type when role-relevant; exclude generic part-time work,"Exclude generic sales, retail, hospitality, customer service and frontline roles",81,Analytics plus market-surveillance project helps; finance pedigree/domain depth is weaker than your business/implementation fit.,visible,core_harshit,FALSE,retained_or_replacement,,
377,FINEOS,https://www.fineos.com/careers/,86,P2 — Strong,Harshit primary,Finance / Risk,Risk/Compliance Analyst; Data/BI Analyst; Business Analyst; Operations Analyst,Keep any employment type when role-relevant; exclude generic part-time work,"Exclude generic sales, retail, hospitality, customer service and frontline roles",81,Analytics plus market-surveillance project helps; finance pedigree/domain depth is weaker than your business/implementation fit.,visible,core_harshit,FALSE,retained_or_replacement,,
378,Flutter Entertainment,https://flutter.com/careers/,86,P2 — Strong,Harshit primary,Finance / Risk,Risk/Compliance Analyst; Data/BI Analyst; Business Analyst; Operations Analyst,Keep any employment type when role-relevant; exclude generic part-time work,"Exclude generic sales, retail, hospitality, customer service and frontline roles",81,Analytics plus market-surveillance project helps; finance pedigree/domain depth is weaker than your business/implementation fit.,visible,core_harshit,FALSE,retained_or_replacement,,
379,Fortinet,https://jobs.fortinet.com/,86,P2 — Strong,Harshit primary,Finance / Risk,Risk/Compliance Analyst; Data/BI Analyst; Business Analyst; Operations Analyst,Keep any employment type when role-relevant; exclude generic part-time work,"Exclude generic sales, retail, hospitality, customer service and frontline roles",81,Analytics plus market-surveillance project helps; finance pedigree/domain depth is weaker than your business/implementation fit.,visible,core_harshit,FALSE,retained_or_replacement,,
380,Franklin Templeton,https://careers.franklintempleton.com/,86,P2 — Strong,Harshit primary,Finance / Risk,Risk/Compliance Analyst; Data/BI Analyst; Business Analyst; Operations Analyst,Keep any employment type when role-relevant; exclude generic part-time work,"Exclude generic sales, retail, hospitality, customer service and frontline roles",81,Analytics plus market-surveillance project helps; finance pedigree/domain depth is weaker than your business/implementation fit.,visible,core_harshit,FALSE,retained_or_replacement,,
381,Freudenberg Medical,https://careers.freudenberg.com/,86,P2 — Strong,Harshit primary,Finance / Risk,Risk/Compliance Analyst; Data/BI Analyst; Business Analyst; Operations Analyst,Keep any employment type when role-relevant; exclude generic part-time work,"Exclude generic sales, retail, hospitality, customer service and frontline roles",81,Analytics plus market-surveillance project helps; finance pedigree/domain depth is weaker than your business/implementation fit.,visible,core_harshit,FALSE,retained_or_replacement,,
382,FTI Consulting,https://www.fticonsulting.com/careers,86,P2 — Strong,Harshit primary,Finance / Risk,Risk/Compliance Analyst; Data/BI Analyst; Business Analyst; Operations Analyst,Keep any employment type when role-relevant; exclude generic part-time work,"Exclude generic sales, retail, hospitality, customer service and frontline roles",81,Analytics plus market-surveillance project helps; finance pedigree/domain depth is weaker than your business/implementation fit.,visible,core_harshit,FALSE,retained_or_replacement,,
383,Fáilte Ireland,https://www.failteireland.ie/About-Us/Careers.aspx,86,P2 — Strong,Harshit primary,Finance / Risk,Risk/Compliance Analyst; Data/BI Analyst; Business Analyst; Operations Analyst,Keep any employment type when role-relevant; exclude generic part-time work,"Exclude generic sales, retail, hospitality, customer service and frontline roles",81,Analytics plus market-surveillance project helps; finance pedigree/domain depth is weaker than your business/implementation fit.,visible,core_harshit,FALSE,retained_or_replacement,,
384,Gartner,https://jobs.gartner.com/locations/dublin/,86,P2 — Strong,Harshit primary,Finance / Risk,Risk/Compliance Analyst; Data/BI Analyst; Business Analyst; Operations Analyst,Keep any employment type when role-relevant; exclude generic part-time work,"Exclude generic sales, retail, hospitality, customer service and frontline roles",81,Analytics plus market-surveillance project helps; finance pedigree/domain depth is weaker than your business/implementation fit.,visible,core_harshit,FALSE,retained_or_replacement,,
385,Gemini,https://www.gemini.com/careers,86,P2 — Strong,Harshit primary,Finance / Risk,Risk/Compliance Analyst; Data/BI Analyst; Business Analyst; Operations Analyst,Keep any employment type when role-relevant; exclude generic part-time work,"Exclude generic sales, retail, hospitality, customer service and frontline roles",81,Analytics plus market-surveillance project helps; finance pedigree/domain depth is weaker than your business/implementation fit.,visible,core_harshit,FALSE,retained_or_replacement,,
386,Glanbia,https://glanbia.com/careers,86,P2 — Strong,Harshit primary,Finance / Risk,Risk/Compliance Analyst; Data/BI Analyst; Business Analyst; Operations Analyst,Keep any employment type when role-relevant; exclude generic part-time work,"Exclude generic sales, retail, hospitality, customer service and frontline roles",81,Analytics plus market-surveillance project helps; finance pedigree/domain depth is weaker than your business/implementation fit.,visible,core_harshit,FALSE,retained_or_replacement,,
387,GlaxoSmithKline (GSK),https://jobs.gsk.com/search-jobs/Ireland,86,P2 — Strong,Harshit primary,Finance / Risk,Risk/Compliance Analyst; Data/BI Analyst; Business Analyst; Operations Analyst,Keep any employment type when role-relevant; exclude generic part-time work,"Exclude generic sales, retail, hospitality, customer service and frontline roles",81,Analytics plus market-surveillance project helps; finance pedigree/domain depth is weaker than your business/implementation fit.,visible,core_harshit,FALSE,retained_or_replacement,,
388,Glen Dimplex,https://www.glendimplex.com/careers,86,P2 — Strong,Harshit primary,Finance / Risk,Risk/Compliance Analyst; Data/BI Analyst; Business Analyst; Operations Analyst,Keep any employment type when role-relevant; exclude generic part-time work,"Exclude generic sales, retail, hospitality, customer service and frontline roles",81,Analytics plus market-surveillance project helps; finance pedigree/domain depth is weaker than your business/implementation fit.,visible,core_harshit,FALSE,retained_or_replacement,,
389,Glenveagh Properties,https://glenveagh.ie/careers,86,P2 — Strong,Harshit primary,Finance / Risk,Risk/Compliance Analyst; Data/BI Analyst; Business Analyst; Operations Analyst,Keep any employment type when role-relevant; exclude generic part-time work,"Exclude generic sales, retail, hospitality, customer service and frontline roles",81,Analytics plus market-surveillance project helps; finance pedigree/domain depth is weaker than your business/implementation fit.,visible,core_harshit,FALSE,retained_or_replacement,,
390,Global Payments,https://jobs.globalpayments.com/,86,P2 — Strong,Harshit primary,Finance / Risk,Risk/Compliance Analyst; Data/BI Analyst; Business Analyst; Operations Analyst,Keep any employment type when role-relevant; exclude generic part-time work,"Exclude generic sales, retail, hospitality, customer service and frontline roles",81,Analytics plus market-surveillance project helps; finance pedigree/domain depth is weaker than your business/implementation fit.,visible,core_harshit,FALSE,retained_or_replacement,,
391,Goodbody,https://www.goodbody.ie/careers,86,P2 — Strong,Harshit primary,Finance / Risk,Risk/Compliance Analyst; Data/BI Analyst; Business Analyst; Operations Analyst,Keep any employment type when role-relevant; exclude generic part-time work,"Exclude generic sales, retail, hospitality, customer service and frontline roles",81,Analytics plus market-surveillance project helps; finance pedigree/domain depth is weaker than your business/implementation fit.,visible,core_harshit,FALSE,retained_or_replacement,,
392,Greencore,https://www.greencore.com/careers/,86,P2 — Strong,Harshit primary,Finance / Risk,Risk/Compliance Analyst; Data/BI Analyst; Business Analyst; Operations Analyst,Keep any employment type when role-relevant; exclude generic part-time work,"Exclude generic sales, retail, hospitality, customer service and frontline roles",81,Analytics plus market-surveillance project helps; finance pedigree/domain depth is weaker than your business/implementation fit.,visible,core_harshit,FALSE,retained_or_replacement,,
393,Haleon,https://careers.haleon.com/careers/*/ireland_ireland?domain=haleon.com,86,P2 — Strong,Harshit primary,Finance / Risk,Risk/Compliance Analyst; Data/BI Analyst; Business Analyst; Operations Analyst,Keep any employment type when role-relevant; exclude generic part-time work,"Exclude generic sales, retail, hospitality, customer service and frontline roles",81,Analytics plus market-surveillance project helps; finance pedigree/domain depth is weaker than your business/implementation fit.,visible,core_harshit,FALSE,retained_or_replacement,,
394,HIQA,https://www.hiqa.ie/about-us/careers,86,P2 — Strong,Harshit primary,Finance / Risk,Risk/Compliance Analyst; Data/BI Analyst; Business Analyst; Operations Analyst,Keep any employment type when role-relevant; exclude generic part-time work,"Exclude generic sales, retail, hospitality, customer service and frontline roles",81,Analytics plus market-surveillance project helps; finance pedigree/domain depth is weaker than your business/implementation fit.,visible,core_harshit,FALSE,retained_or_replacement,,
395,Hollister Incorporated,https://www.hollister.com/en/careers,86,P2 — Strong,Harshit primary,Finance / Risk,Risk/Compliance Analyst; Data/BI Analyst; Business Analyst; Operations Analyst,Keep any employment type when role-relevant; exclude generic part-time work,"Exclude generic sales, retail, hospitality, customer service and frontline roles",81,Analytics plus market-surveillance project helps; finance pedigree/domain depth is weaker than your business/implementation fit.,visible,core_harshit,FALSE,retained_or_replacement,,
396,Hostelworld,https://careers.hostelworldgroup.com/,86,P2 — Strong,Harshit primary,Finance / Risk,Risk/Compliance Analyst; Data/BI Analyst; Business Analyst; Operations Analyst,Keep any employment type when role-relevant; exclude generic part-time work,"Exclude generic sales, retail, hospitality, customer service and frontline roles",81,Analytics plus market-surveillance project helps; finance pedigree/domain depth is weaker than your business/implementation fit.,visible,core_harshit,FALSE,retained_or_replacement,,
397,HP (Hewlett-Packard),https://jobs.hp.com/search-jobs/Ireland,86,P2 — Strong,Harshit primary,Finance / Risk,Risk/Compliance Analyst; Data/BI Analyst; Business Analyst; Operations Analyst,Keep any employment type when role-relevant; exclude generic part-time work,"Exclude generic sales, retail, hospitality, customer service and frontline roles",81,Analytics plus market-surveillance project helps; finance pedigree/domain depth is weaker than your business/implementation fit.,visible,core_harshit,FALSE,retained_or_replacement,,
398,HSE (Health Service Executive),https://about.hse.ie/jobs/job-search/,86,P2 — Strong,Harshit primary,Finance / Risk,Risk/Compliance Analyst; Data/BI Analyst; Business Analyst; Operations Analyst,Keep any employment type when role-relevant; exclude generic part-time work,"Exclude generic sales, retail, hospitality, customer service and frontline roles",81,Analytics plus market-surveillance project helps; finance pedigree/domain depth is weaker than your business/implementation fit.,visible,core_harshit,FALSE,retained_or_replacement,,
399,ICON plc,https://careers.iconplc.com/search-jobs/Ireland,86,P2 — Strong,Harshit primary,Finance / Risk,Risk/Compliance Analyst; Data/BI Analyst; Business Analyst; Operations Analyst,Keep any employment type when role-relevant; exclude generic part-time work,"Exclude generic sales, retail, hospitality, customer service and frontline roles",81,Analytics plus market-surveillance project helps; finance pedigree/domain depth is weaker than your business/implementation fit.,visible,core_harshit,FALSE,retained_or_replacement,,
400,IDA Ireland,https://www.idaireland.com/about-ida-ireland/careers,86,P2 — Strong,Harshit primary,Finance / Risk,Risk/Compliance Analyst; Data/BI Analyst; Business Analyst; Operations Analyst,Keep any employment type when role-relevant; exclude generic part-time work,"Exclude generic sales, retail, hospitality, customer service and frontline roles",81,Analytics plus market-surveillance project helps; finance pedigree/domain depth is weaker than your business/implementation fit.,visible,core_harshit,FALSE,retained_or_replacement,,
401,Infineon Technologies,https://www.infineon.com/cms/en/careers/,86,P2 — Strong,Harshit primary,Finance / Risk,Risk/Compliance Analyst; Data/BI Analyst; Business Analyst; Operations Analyst,Keep any employment type when role-relevant; exclude generic part-time work,"Exclude generic sales, retail, hospitality, customer service and frontline roles",81,Analytics plus market-surveillance project helps; finance pedigree/domain depth is weaker than your business/implementation fit.,visible,core_harshit,FALSE,retained_or_replacement,,
402,Insulet Corporation,https://www.insulet.com/careers,86,P2 — Strong,Harshit primary,Finance / Risk,Risk/Compliance Analyst; Data/BI Analyst; Business Analyst; Operations Analyst,Keep any employment type when role-relevant; exclude generic part-time work,"Exclude generic sales, retail, hospitality, customer service and frontline roles",81,Analytics plus market-surveillance project helps; finance pedigree/domain depth is weaker than your business/implementation fit.,visible,core_harshit,FALSE,retained_or_replacement,,
403,Integer Holdings,https://integer.net/careers/,86,P2 — Strong,Harshit primary,Finance / Risk,Risk/Compliance Analyst; Data/BI Analyst; Business Analyst; Operations Analyst,Keep any employment type when role-relevant; exclude generic part-time work,"Exclude generic sales, retail, hospitality, customer service and frontline roles",81,Analytics plus market-surveillance project helps; finance pedigree/domain depth is weaker than your business/implementation fit.,visible,core_harshit,FALSE,retained_or_replacement,,
404,Integra LifeSciences,https://www.integralife.com/careers,86,P2 — Strong,Harshit primary,Finance / Risk,Risk/Compliance Analyst; Data/BI Analyst; Business Analyst; Operations Analyst,Keep any employment type when role-relevant; exclude generic part-time work,"Exclude generic sales, retail, hospitality, customer service and frontline roles",81,Analytics plus market-surveillance project helps; finance pedigree/domain depth is weaker than your business/implementation fit.,visible,core_harshit,FALSE,retained_or_replacement,,
405,Invesco,https://careers.invesco.com/,86,P2 — Strong,Harshit primary,Finance / Risk,Risk/Compliance Analyst; Data/BI Analyst; Business Analyst; Operations Analyst,Keep any employment type when role-relevant; exclude generic part-time work,"Exclude generic sales, retail, hospitality, customer service and frontline roles",81,Analytics plus market-surveillance project helps; finance pedigree/domain depth is weaker than your business/implementation fit.,visible,core_harshit,FALSE,retained_or_replacement,,
406,IQ-EQ,https://iqeq.com/careers/,86,P2 — Strong,Harshit primary,Finance / Risk,Risk/Compliance Analyst; Data/BI Analyst; Business Analyst; Operations Analyst,Keep any employment type when role-relevant; exclude generic part-time work,"Exclude generic sales, retail, hospitality, customer service and frontline roles",81,Analytics plus market-surveillance project helps; finance pedigree/domain depth is weaker than your business/implementation fit.,visible,core_harshit,FALSE,retained_or_replacement,,
407,Irish Aviation Authority,https://www.iaa.ie/careers,86,P2 — Strong,Harshit primary,Finance / Risk,Risk/Compliance Analyst; Data/BI Analyst; Business Analyst; Operations Analyst,Keep any employment type when role-relevant; exclude generic part-time work,"Exclude generic sales, retail, hospitality, customer service and frontline roles",81,Analytics plus market-surveillance project helps; finance pedigree/domain depth is weaker than your business/implementation fit.,visible,core_harshit,FALSE,retained_or_replacement,,
408,Irish Distillers (Pernod Ricard),https://www.irishdistillers.ie/careers/,86,P2 — Strong,Harshit primary,Finance / Risk,Risk/Compliance Analyst; Data/BI Analyst; Business Analyst; Operations Analyst,Keep any employment type when role-relevant; exclude generic part-time work,"Exclude generic sales, retail, hospitality, customer service and frontline roles",81,Analytics plus market-surveillance project helps; finance pedigree/domain depth is weaker than your business/implementation fit.,visible,core_harshit,FALSE,retained_or_replacement,,
409,Irish Ferries,https://www.irishferries.com/uk-en/careers/,86,P2 — Strong,Harshit primary,Finance / Risk,Risk/Compliance Analyst; Data/BI Analyst; Business Analyst; Operations Analyst,Keep any employment type when role-relevant; exclude generic part-time work,"Exclude generic sales, retail, hospitality, customer service and frontline roles",81,Analytics plus market-surveillance project helps; finance pedigree/domain depth is weaker than your business/implementation fit.,visible,core_harshit,FALSE,retained_or_replacement,,
410,Jamf,https://www.jamf.com/careers/,86,P2 — Strong,Harshit primary,Finance / Risk,Risk/Compliance Analyst; Data/BI Analyst; Business Analyst; Operations Analyst,Keep any employment type when role-relevant; exclude generic part-time work,"Exclude generic sales, retail, hospitality, customer service and frontline roles",81,Analytics plus market-surveillance project helps; finance pedigree/domain depth is weaker than your business/implementation fit.,visible,core_harshit,FALSE,retained_or_replacement,,
411,Jazz Pharmaceuticals,https://jazzpharma.wd5.myworkdayjobs.com/Jazz_Careers,86,P2 — Strong,Harshit primary,Finance / Risk,Risk/Compliance Analyst; Data/BI Analyst; Business Analyst; Operations Analyst,Keep any employment type when role-relevant; exclude generic part-time work,"Exclude generic sales, retail, hospitality, customer service and frontline roles",81,Analytics plus market-surveillance project helps; finance pedigree/domain depth is weaker than your business/implementation fit.,visible,core_harshit,FALSE,retained_or_replacement,,
412,John Sisk & Son (Sisk Group),https://www.johnsiskandson.com/careers,86,P2 — Strong,Harshit primary,Finance / Risk,Risk/Compliance Analyst; Data/BI Analyst; Business Analyst; Operations Analyst,Keep any employment type when role-relevant; exclude generic part-time work,"Exclude generic sales, retail, hospitality, customer service and frontline roles",81,Analytics plus market-surveillance project helps; finance pedigree/domain depth is weaker than your business/implementation fit.,visible,core_harshit,FALSE,retained_or_replacement,,
413,Keelings,https://www.keelings.com/careers/,86,P2 — Strong,Harshit primary,Finance / Risk,Risk/Compliance Analyst; Data/BI Analyst; Business Analyst; Operations Analyst,Keep any employment type when role-relevant; exclude generic part-time work,"Exclude generic sales, retail, hospitality, customer service and frontline roles",81,Analytics plus market-surveillance project helps; finance pedigree/domain depth is weaker than your business/implementation fit.,visible,core_harshit,FALSE,retained_or_replacement,,
414,Keywords Studios,https://www.keywordsstudios.com/en/careers/,86,P2 — Strong,Harshit primary,Finance / Risk,Risk/Compliance Analyst; Data/BI Analyst; Business Analyst; Operations Analyst,Keep any employment type when role-relevant; exclude generic part-time work,"Exclude generic sales, retail, hospitality, customer service and frontline roles",81,Analytics plus market-surveillance project helps; finance pedigree/domain depth is weaker than your business/implementation fit.,visible,core_harshit,FALSE,retained_or_replacement,,
415,Kingspan Group,https://www.kingspan.com/group/careers,86,P2 — Strong,Harshit primary,Finance / Risk,Risk/Compliance Analyst; Data/BI Analyst; Business Analyst; Operations Analyst,Keep any employment type when role-relevant; exclude generic part-time work,"Exclude generic sales, retail, hospitality, customer service and frontline roles",81,Analytics plus market-surveillance project helps; finance pedigree/domain depth is weaker than your business/implementation fit.,visible,core_harshit,FALSE,retained_or_replacement,,
416,Kirby Group Engineering,https://kirbygroup.com/careers/,86,P2 — Strong,Harshit primary,Finance / Risk,Risk/Compliance Analyst; Data/BI Analyst; Business Analyst; Operations Analyst,Keep any employment type when role-relevant; exclude generic part-time work,"Exclude generic sales, retail, hospitality, customer service and frontline roles",81,Analytics plus market-surveillance project helps; finance pedigree/domain depth is weaker than your business/implementation fit.,visible,core_harshit,FALSE,retained_or_replacement,,
417,Labcorp,https://careers.labcorp.com/global/en,86,P2 — Strong,Harshit primary,Finance / Risk,Risk/Compliance Analyst; Data/BI Analyst; Business Analyst; Operations Analyst,Keep any employment type when role-relevant; exclude generic part-time work,"Exclude generic sales, retail, hospitality, customer service and frontline roles",81,Analytics plus market-surveillance project helps; finance pedigree/domain depth is weaker than your business/implementation fit.,visible,core_harshit,FALSE,retained_or_replacement,,
418,Laya Healthcare,https://www.layahealthcare.ie/aboutus/careers/,86,P2 — Strong,Harshit primary,Finance / Risk,Risk/Compliance Analyst; Data/BI Analyst; Business Analyst; Operations Analyst,Keep any employment type when role-relevant; exclude generic part-time work,"Exclude generic sales, retail, hospitality, customer service and frontline roles",81,Analytics plus market-surveillance project helps; finance pedigree/domain depth is weaker than your business/implementation fit.,visible,core_harshit,FALSE,retained_or_replacement,,
419,Linesight,https://www.linesight.com/careers/,86,P2 — Strong,Harshit primary,Finance / Risk,Risk/Compliance Analyst; Data/BI Analyst; Business Analyst; Operations Analyst,Keep any employment type when role-relevant; exclude generic part-time work,"Exclude generic sales, retail, hospitality, customer service and frontline roles",81,Analytics plus market-surveillance project helps; finance pedigree/domain depth is weaker than your business/implementation fit.,visible,core_harshit,FALSE,retained_or_replacement,,
420,LK Shields,https://www.lkshields.ie/careers,86,P2 — Strong,Harshit primary,Finance / Risk,Risk/Compliance Analyst; Data/BI Analyst; Business Analyst; Operations Analyst,Keep any employment type when role-relevant; exclude generic part-time work,"Exclude generic sales, retail, hospitality, customer service and frontline roles",81,Analytics plus market-surveillance project helps; finance pedigree/domain depth is weaker than your business/implementation fit.,visible,core_harshit,FALSE,retained_or_replacement,,
421,Logitech,https://www.logitech.com/en-us/careers,86,P2 — Strong,Harshit primary,Finance / Risk,Risk/Compliance Analyst; Data/BI Analyst; Business Analyst; Operations Analyst,Keep any employment type when role-relevant; exclude generic part-time work,"Exclude generic sales, retail, hospitality, customer service and frontline roles",81,Analytics plus market-surveillance project helps; finance pedigree/domain depth is weaker than your business/implementation fit.,visible,core_harshit,FALSE,retained_or_replacement,,
422,Maples Group Ireland,https://maples.com/careers,86,P2 — Strong,Harshit primary,Finance / Risk,Risk/Compliance Analyst; Data/BI Analyst; Business Analyst; Operations Analyst,Keep any employment type when role-relevant; exclude generic part-time work,"Exclude generic sales, retail, hospitality, customer service and frontline roles",81,Analytics plus market-surveillance project helps; finance pedigree/domain depth is weaker than your business/implementation fit.,visible,core_harshit,FALSE,retained_or_replacement,,
423,Mars Ireland,https://careers.mars.com/,86,P2 — Strong,Harshit primary,Finance / Risk,Risk/Compliance Analyst; Data/BI Analyst; Business Analyst; Operations Analyst,Keep any employment type when role-relevant; exclude generic part-time work,"Exclude generic sales, retail, hospitality, customer service and frontline roles",81,Analytics plus market-surveillance project helps; finance pedigree/domain depth is weaker than your business/implementation fit.,visible,core_harshit,FALSE,retained_or_replacement,,
424,Mason Hayes & Curran,https://www.mhc.ie/careers,86,P2 — Strong,Harshit primary,Finance / Risk,Risk/Compliance Analyst; Data/BI Analyst; Business Analyst; Operations Analyst,Keep any employment type when role-relevant; exclude generic part-time work,"Exclude generic sales, retail, hospitality, customer service and frontline roles",81,Analytics plus market-surveillance project helps; finance pedigree/domain depth is weaker than your business/implementation fit.,visible,core_harshit,FALSE,retained_or_replacement,,
425,Matheson,https://www.matheson.com/careers,86,P2 — Strong,Harshit primary,Finance / Risk,Risk/Compliance Analyst; Data/BI Analyst; Business Analyst; Operations Analyst,Keep any employment type when role-relevant; exclude generic part-time work,"Exclude generic sales, retail, hospitality, customer service and frontline roles",81,Analytics plus market-surveillance project helps; finance pedigree/domain depth is weaker than your business/implementation fit.,visible,core_harshit,FALSE,retained_or_replacement,,
426,McCann FitzGerald,https://www.mccannfitzgerald.com/careers,86,P2 — Strong,Harshit primary,Finance / Risk,Risk/Compliance Analyst; Data/BI Analyst; Business Analyst; Operations Analyst,Keep any employment type when role-relevant; exclude generic part-time work,"Exclude generic sales, retail, hospitality, customer service and frontline roles",81,Analytics plus market-surveillance project helps; finance pedigree/domain depth is weaker than your business/implementation fit.,visible,core_harshit,FALSE,retained_or_replacement,,
427,Mediahuis Ireland,https://www.mediahuis.ie/careers/,86,P2 — Strong,Harshit primary,Finance / Risk,Risk/Compliance Analyst; Data/BI Analyst; Business Analyst; Operations Analyst,Keep any employment type when role-relevant; exclude generic part-time work,"Exclude generic sales, retail, hospitality, customer service and frontline roles",81,Analytics plus market-surveillance project helps; finance pedigree/domain depth is weaker than your business/implementation fit.,visible,core_harshit,FALSE,retained_or_replacement,,
428,Mediolanum International Funds,https://www.mifl.ie/careers/open-positions,86,P2 — Strong,Harshit primary,Finance / Risk,Risk/Compliance Analyst; Data/BI Analyst; Business Analyst; Operations Analyst,Keep any employment type when role-relevant; exclude generic part-time work,"Exclude generic sales, retail, hospitality, customer service and frontline roles",81,Analytics plus market-surveillance project helps; finance pedigree/domain depth is weaker than your business/implementation fit.,visible,core_harshit,FALSE,retained_or_replacement,,
429,Medpace,https://www.medpace.com/careers/,86,P2 — Strong,Harshit primary,Finance / Risk,Risk/Compliance Analyst; Data/BI Analyst; Business Analyst; Operations Analyst,Keep any employment type when role-relevant; exclude generic part-time work,"Exclude generic sales, retail, hospitality, customer service and frontline roles",81,Analytics plus market-surveillance project helps; finance pedigree/domain depth is weaker than your business/implementation fit.,visible,core_harshit,FALSE,retained_or_replacement,,
430,Merck Group,https://jobs.vibrantm.com/merck/go/Jobs-in-Ireland/8330701/,86,P2 — Strong,Harshit primary,Finance / Risk,Risk/Compliance Analyst; Data/BI Analyst; Business Analyst; Operations Analyst,Keep any employment type when role-relevant; exclude generic part-time work,"Exclude generic sales, retail, hospitality, customer service and frontline roles",81,Analytics plus market-surveillance project helps; finance pedigree/domain depth is weaker than your business/implementation fit.,visible,core_harshit,FALSE,retained_or_replacement,,
431,Mercury Engineering,https://www.mercuryeng.com/careers/,86,P2 — Strong,Harshit primary,Finance / Risk,Risk/Compliance Analyst; Data/BI Analyst; Business Analyst; Operations Analyst,Keep any employment type when role-relevant; exclude generic part-time work,"Exclude generic sales, retail, hospitality, customer service and frontline roles",81,Analytics plus market-surveillance project helps; finance pedigree/domain depth is weaker than your business/implementation fit.,visible,core_harshit,FALSE,retained_or_replacement,,
432,Moody's,https://careers.moodys.com/,86,P2 — Strong,Harshit primary,Finance / Risk,Risk/Compliance Analyst; Data/BI Analyst; Business Analyst; Operations Analyst,Keep any employment type when role-relevant; exclude generic part-time work,"Exclude generic sales, retail, hospitality, customer service and frontline roles",81,Analytics plus market-surveillance project helps; finance pedigree/domain depth is weaker than your business/implementation fit.,visible,core_harshit,FALSE,retained_or_replacement,,
433,Mott MacDonald,https://www.mottmac.com/careers,86,P2 — Strong,Harshit primary,Finance / Risk,Risk/Compliance Analyst; Data/BI Analyst; Business Analyst; Operations Analyst,Keep any employment type when role-relevant; exclude generic part-time work,"Exclude generic sales, retail, hospitality, customer service and frontline roles",81,Analytics plus market-surveillance project helps; finance pedigree/domain depth is weaker than your business/implementation fit.,visible,core_harshit,FALSE,retained_or_replacement,,
434,MSD,https://jobs.msd.com/ireland,86,P2 — Strong,Harshit primary,Finance / Risk,Risk/Compliance Analyst; Data/BI Analyst; Business Analyst; Operations Analyst,Keep any employment type when role-relevant; exclude generic part-time work,"Exclude generic sales, retail, hospitality, customer service and frontline roles",81,Analytics plus market-surveillance project helps; finance pedigree/domain depth is weaker than your business/implementation fit.,visible,core_harshit,FALSE,retained_or_replacement,,
435,MUFG Investor Services,https://www.mufg-investorservices.com/careers/,86,P2 — Strong,Harshit primary,Finance / Risk,Risk/Compliance Analyst; Data/BI Analyst; Business Analyst; Operations Analyst,Keep any employment type when role-relevant; exclude generic part-time work,"Exclude generic sales, retail, hospitality, customer service and frontline roles",81,Analytics plus market-surveillance project helps; finance pedigree/domain depth is weaker than your business/implementation fit.,visible,core_harshit,FALSE,retained_or_replacement,,
436,Nestlé Ireland,https://www.nestlejobs.com/,86,P2 — Strong,Harshit primary,Finance / Risk,Risk/Compliance Analyst; Data/BI Analyst; Business Analyst; Operations Analyst,Keep any employment type when role-relevant; exclude generic part-time work,"Exclude generic sales, retail, hospitality, customer service and frontline roles",81,Analytics plus market-surveillance project helps; finance pedigree/domain depth is weaker than your business/implementation fit.,visible,core_harshit,FALSE,retained_or_replacement,,
437,Nordic Aviation Capital,https://nordicaviationcapital.com/careers,86,P2 — Strong,Harshit primary,Finance / Risk,Risk/Compliance Analyst; Data/BI Analyst; Business Analyst; Operations Analyst,Keep any employment type when role-relevant; exclude generic part-time work,"Exclude generic sales, retail, hospitality, customer service and frontline roles",81,Analytics plus market-surveillance project helps; finance pedigree/domain depth is weaker than your business/implementation fit.,visible,core_harshit,FALSE,retained_or_replacement,,
438,NTMA,https://www.ntma.ie/about-the-ntma/careers/current-opportunities,86,P2 — Strong,Harshit primary,Finance / Risk,Risk/Compliance Analyst; Data/BI Analyst; Business Analyst; Operations Analyst,Keep any employment type when role-relevant; exclude generic part-time work,"Exclude generic sales, retail, hospitality, customer service and frontline roles",81,Analytics plus market-surveillance project helps; finance pedigree/domain depth is weaker than your business/implementation fit.,visible,core_harshit,FALSE,retained_or_replacement,,
439,OFX,https://www.ofx.com/en-ie/careers/,86,P2 — Strong,Harshit primary,Finance / Risk,Risk/Compliance Analyst; Data/BI Analyst; Business Analyst; Operations Analyst,Keep any employment type when role-relevant; exclude generic part-time work,"Exclude generic sales, retail, hospitality, customer service and frontline roles",81,Analytics plus market-surveillance project helps; finance pedigree/domain depth is weaker than your business/implementation fit.,visible,core_harshit,FALSE,retained_or_replacement,,
440,PA Consulting,https://www.paconsulting.com/careers,86,P2 — Strong,Harshit primary,Finance / Risk,Risk/Compliance Analyst; Data/BI Analyst; Business Analyst; Operations Analyst,Keep any employment type when role-relevant; exclude generic part-time work,"Exclude generic sales, retail, hospitality, customer service and frontline roles",81,Analytics plus market-surveillance project helps; finance pedigree/domain depth is weaker than your business/implementation fit.,visible,core_harshit,FALSE,retained_or_replacement,,
441,Payrails,https://www.payrails.com/careers,86,P2 — Strong,Harshit primary,Finance / Risk,Risk/Compliance Analyst; Data/BI Analyst; Business Analyst; Operations Analyst,Keep any employment type when role-relevant; exclude generic part-time work,"Exclude generic sales, retail, hospitality, customer service and frontline roles",81,Analytics plus market-surveillance project helps; finance pedigree/domain depth is weaker than your business/implementation fit.,visible,core_harshit,FALSE,retained_or_replacement,,
442,Personio,https://www.personio.com/about-personio/careers/locations/dublin/,86,P2 — Strong,Harshit primary,Finance / Risk,Risk/Compliance Analyst; Data/BI Analyst; Business Analyst; Operations Analyst,Keep any employment type when role-relevant; exclude generic part-time work,"Exclude generic sales, retail, hospitality, customer service and frontline roles",81,Analytics plus market-surveillance project helps; finance pedigree/domain depth is weaker than your business/implementation fit.,visible,core_harshit,FALSE,retained_or_replacement,,
443,Philip Lee,https://www.philiplee.ie/careers/,86,P2 — Strong,Harshit primary,Finance / Risk,Risk/Compliance Analyst; Data/BI Analyst; Business Analyst; Operations Analyst,Keep any employment type when role-relevant; exclude generic part-time work,"Exclude generic sales, retail, hospitality, customer service and frontline roles",81,Analytics plus market-surveillance project helps; finance pedigree/domain depth is weaker than your business/implementation fit.,visible,core_harshit,FALSE,retained_or_replacement,,
444,Ping Identity,https://www.pingidentity.com/en/company/careers.html,86,P2 — Strong,Harshit primary,Finance / Risk,Risk/Compliance Analyst; Data/BI Analyst; Business Analyst; Operations Analyst,Keep any employment type when role-relevant; exclude generic part-time work,"Exclude generic sales, retail, hospitality, customer service and frontline roles",81,Analytics plus market-surveillance project helps; finance pedigree/domain depth is weaker than your business/implementation fit.,visible,core_harshit,FALSE,retained_or_replacement,,
445,Port of Cork Company,https://www.portofcork.ie/careers/,86,P2 — Strong,Harshit primary,Finance / Risk,Risk/Compliance Analyst; Data/BI Analyst; Business Analyst; Operations Analyst,Keep any employment type when role-relevant; exclude generic part-time work,"Exclude generic sales, retail, hospitality, customer service and frontline roles",81,Analytics plus market-surveillance project helps; finance pedigree/domain depth is weaker than your business/implementation fit.,visible,core_harshit,FALSE,retained_or_replacement,,
446,Protiviti,https://www.protiviti.com/us-en/careers,86,P2 — Strong,Harshit primary,Finance / Risk,Risk/Compliance Analyst; Data/BI Analyst; Business Analyst; Operations Analyst,Keep any employment type when role-relevant; exclude generic part-time work,"Exclude generic sales, retail, hospitality, customer service and frontline roles",81,Analytics plus market-surveillance project helps; finance pedigree/domain depth is weaker than your business/implementation fit.,visible,core_harshit,FALSE,retained_or_replacement,,
447,Qashio,https://www.qashio.com/careers,86,P2 — Strong,Harshit primary,Finance / Risk,Risk/Compliance Analyst; Data/BI Analyst; Business Analyst; Operations Analyst,Keep any employment type when role-relevant; exclude generic part-time work,"Exclude generic sales, retail, hospitality, customer service and frontline roles",81,Analytics plus market-surveillance project helps; finance pedigree/domain depth is weaker than your business/implementation fit.,visible,core_harshit,FALSE,retained_or_replacement,,
448,QIAGEN,https://www.qiagen.com/us/about-us/careers,86,P2 — Strong,Harshit primary,Finance / Risk,Risk/Compliance Analyst; Data/BI Analyst; Business Analyst; Operations Analyst,Keep any employment type when role-relevant; exclude generic part-time work,"Exclude generic sales, retail, hospitality, customer service and frontline roles",81,Analytics plus market-surveillance project helps; finance pedigree/domain depth is weaker than your business/implementation fit.,visible,core_harshit,FALSE,retained_or_replacement,,
449,Qorvo,https://www.qorvo.com/careers,86,P2 — Strong,Harshit primary,Finance / Risk,Risk/Compliance Analyst; Data/BI Analyst; Business Analyst; Operations Analyst,Keep any employment type when role-relevant; exclude generic part-time work,"Exclude generic sales, retail, hospitality, customer service and frontline roles",81,Analytics plus market-surveillance project helps; finance pedigree/domain depth is weaker than your business/implementation fit.,visible,core_harshit,FALSE,retained_or_replacement,,
450,Rapid7,https://www.rapid7.com/careers/jobs/,86,P2 — Strong,Harshit primary,Finance / Risk,Risk/Compliance Analyst; Data/BI Analyst; Business Analyst; Operations Analyst,Keep any employment type when role-relevant; exclude generic part-time work,"Exclude generic sales, retail, hospitality, customer service and frontline roles",81,Analytics plus market-surveillance project helps; finance pedigree/domain depth is weaker than your business/implementation fit.,visible,core_harshit,FALSE,retained_or_replacement,,
451,Refinitiv (LSEG),https://www.lseg.com/en/careers,86,P2 — Strong,Harshit primary,Finance / Risk,Risk/Compliance Analyst; Data/BI Analyst; Business Analyst; Operations Analyst,Keep any employment type when role-relevant; exclude generic part-time work,"Exclude generic sales, retail, hospitality, customer service and frontline roles",81,Analytics plus market-surveillance project helps; finance pedigree/domain depth is weaker than your business/implementation fit.,visible,core_harshit,FALSE,retained_or_replacement,,
452,Regeneron,https://careers.regeneron.com/en/jobs/?location=Ireland,86,P2 — Strong,Harshit primary,Finance / Risk,Risk/Compliance Analyst; Data/BI Analyst; Business Analyst; Operations Analyst,Keep any employment type when role-relevant; exclude generic part-time work,"Exclude generic sales, retail, hospitality, customer service and frontline roles",81,Analytics plus market-surveillance project helps; finance pedigree/domain depth is weaker than your business/implementation fit.,visible,core_harshit,FALSE,retained_or_replacement,,
453,Renesas Electronics,https://www.renesas.com/us/en/about/careers,86,P2 — Strong,Harshit primary,Finance / Risk,Risk/Compliance Analyst; Data/BI Analyst; Business Analyst; Operations Analyst,Keep any employment type when role-relevant; exclude generic part-time work,"Exclude generic sales, retail, hospitality, customer service and frontline roles",81,Analytics plus market-surveillance project helps; finance pedigree/domain depth is weaker than your business/implementation fit.,visible,core_harshit,FALSE,retained_or_replacement,,
454,Research Ireland,https://www.researchireland.ie/,86,P2 — Strong,Harshit primary,Finance / Risk,Risk/Compliance Analyst; Data/BI Analyst; Business Analyst; Operations Analyst,Keep any employment type when role-relevant; exclude generic part-time work,"Exclude generic sales, retail, hospitality, customer service and frontline roles",81,Analytics plus market-surveillance project helps; finance pedigree/domain depth is weaker than your business/implementation fit.,visible,core_harshit,FALSE,retained_or_replacement,,
455,ResMed,https://resmed.wd1.myworkdayjobs.com/ResMed_External_Careers,86,P2 — Strong,Harshit primary,Finance / Risk,Risk/Compliance Analyst; Data/BI Analyst; Business Analyst; Operations Analyst,Keep any employment type when role-relevant; exclude generic part-time work,"Exclude generic sales, retail, hospitality, customer service and frontline roles",81,Analytics plus market-surveillance project helps; finance pedigree/domain depth is weaker than your business/implementation fit.,visible,core_harshit,FALSE,retained_or_replacement,,
456,Revvity (PerkinElmer),https://jobs.revvity.com/,86,P2 — Strong,Harshit primary,Finance / Risk,Risk/Compliance Analyst; Data/BI Analyst; Business Analyst; Operations Analyst,Keep any employment type when role-relevant; exclude generic part-time work,"Exclude generic sales, retail, hospitality, customer service and frontline roles",81,Analytics plus market-surveillance project helps; finance pedigree/domain depth is weaker than your business/implementation fit.,visible,core_harshit,FALSE,retained_or_replacement,,
457,RSA Insurance Ireland,https://www.rsagroup.ie/careers/,86,P2 — Strong,Harshit primary,Finance / Risk,Risk/Compliance Analyst; Data/BI Analyst; Business Analyst; Operations Analyst,Keep any employment type when role-relevant; exclude generic part-time work,"Exclude generic sales, retail, hospitality, customer service and frontline roles",81,Analytics plus market-surveillance project helps; finance pedigree/domain depth is weaker than your business/implementation fit.,visible,core_harshit,FALSE,retained_or_replacement,,
458,RTÉ (Raidió Teilifís Éireann),https://about.rte.ie/working-with-rte/vacancies/,86,P2 — Strong,Harshit primary,Finance / Risk,Risk/Compliance Analyst; Data/BI Analyst; Business Analyst; Operations Analyst,Keep any employment type when role-relevant; exclude generic part-time work,"Exclude generic sales, retail, hospitality, customer service and frontline roles",81,Analytics plus market-surveillance project helps; finance pedigree/domain depth is weaker than your business/implementation fit.,visible,core_harshit,FALSE,retained_or_replacement,,
459,Rubrik,https://www.rubrik.com/company/careers,86,P2 — Strong,Harshit primary,Finance / Risk,Risk/Compliance Analyst; Data/BI Analyst; Business Analyst; Operations Analyst,Keep any employment type when role-relevant; exclude generic part-time work,"Exclude generic sales, retail, hospitality, customer service and frontline roles",81,Analytics plus market-surveillance project helps; finance pedigree/domain depth is weaker than your business/implementation fit.,visible,core_harshit,FALSE,retained_or_replacement,,
460,Sage,https://sage.com/en-ie/company/careers,86,P2 — Strong,Harshit primary,Finance / Risk,Risk/Compliance Analyst; Data/BI Analyst; Business Analyst; Operations Analyst,Keep any employment type when role-relevant; exclude generic part-time work,"Exclude generic sales, retail, hospitality, customer service and frontline roles",81,Analytics plus market-surveillance project helps; finance pedigree/domain depth is weaker than your business/implementation fit.,visible,core_harshit,FALSE,retained_or_replacement,,
461,Savills Ireland,https://careers.savills.ie/,86,P2 — Strong,Harshit primary,Finance / Risk,Risk/Compliance Analyst; Data/BI Analyst; Business Analyst; Operations Analyst,Keep any employment type when role-relevant; exclude generic part-time work,"Exclude generic sales, retail, hospitality, customer service and frontline roles",81,Analytics plus market-surveillance project helps; finance pedigree/domain depth is weaker than your business/implementation fit.,visible,core_harshit,FALSE,retained_or_replacement,,
462,Shannon Airport Group,https://www.shannonairport.ie/about-us/careers/,86,P2 — Strong,Harshit primary,Finance / Risk,Risk/Compliance Analyst; Data/BI Analyst; Business Analyst; Operations Analyst,Keep any employment type when role-relevant; exclude generic part-time work,"Exclude generic sales, retail, hospitality, customer service and frontline roles",81,Analytics plus market-surveillance project helps; finance pedigree/domain depth is weaker than your business/implementation fit.,visible,core_harshit,FALSE,retained_or_replacement,,
463,Sky Ireland,https://careers.sky.com/job-search/?location=Ireland,86,P2 — Strong,Harshit primary,Finance / Risk,Risk/Compliance Analyst; Data/BI Analyst; Business Analyst; Operations Analyst,Keep any employment type when role-relevant; exclude generic part-time work,"Exclude generic sales, retail, hospitality, customer service and frontline roles",81,Analytics plus market-surveillance project helps; finance pedigree/domain depth is weaker than your business/implementation fit.,visible,core_harshit,FALSE,retained_or_replacement,,
464,Slalom,https://www.slalom.com/en/careers,86,P2 — Strong,Harshit primary,Finance / Risk,Risk/Compliance Analyst; Data/BI Analyst; Business Analyst; Operations Analyst,Keep any employment type when role-relevant; exclude generic part-time work,"Exclude generic sales, retail, hospitality, customer service and frontline roles",81,Analytics plus market-surveillance project helps; finance pedigree/domain depth is weaker than your business/implementation fit.,visible,core_harshit,FALSE,retained_or_replacement,,
465,Smith & Nephew,https://www.smith-nephew.com/en-gb/careers,86,P2 — Strong,Harshit primary,Finance / Risk,Risk/Compliance Analyst; Data/BI Analyst; Business Analyst; Operations Analyst,Keep any employment type when role-relevant; exclude generic part-time work,"Exclude generic sales, retail, hospitality, customer service and frontline roles",81,Analytics plus market-surveillance project helps; finance pedigree/domain depth is weaker than your business/implementation fit.,visible,core_harshit,FALSE,retained_or_replacement,,
466,Smurfit Westrock,https://www.smurfitwestrock.com/careers,86,P2 — Strong,Harshit primary,Finance / Risk,Risk/Compliance Analyst; Data/BI Analyst; Business Analyst; Operations Analyst,Keep any employment type when role-relevant; exclude generic part-time work,"Exclude generic sales, retail, hospitality, customer service and frontline roles",81,Analytics plus market-surveillance project helps; finance pedigree/domain depth is weaker than your business/implementation fit.,visible,core_harshit,FALSE,retained_or_replacement,,
467,Societe Generale,https://careers.societegenerale.com/,86,P2 — Strong,Harshit primary,Finance / Risk,Risk/Compliance Analyst; Data/BI Analyst; Business Analyst; Operations Analyst,Keep any employment type when role-relevant; exclude generic part-time work,"Exclude generic sales, retail, hospitality, customer service and frontline roles",81,Analytics plus market-surveillance project helps; finance pedigree/domain depth is weaker than your business/implementation fit.,visible,core_harshit,FALSE,retained_or_replacement,,
468,Sophos,https://www.sophos.com/en-us/company/careers,86,P2 — Strong,Harshit primary,Finance / Risk,Risk/Compliance Analyst; Data/BI Analyst; Business Analyst; Operations Analyst,Keep any employment type when role-relevant; exclude generic part-time work,"Exclude generic sales, retail, hospitality, customer service and frontline roles",81,Analytics plus market-surveillance project helps; finance pedigree/domain depth is weaker than your business/implementation fit.,visible,core_harshit,FALSE,retained_or_replacement,,
469,Splunk,https://www.splunk.com/en_us/careers.html,86,P2 — Strong,Harshit primary,Finance / Risk,Risk/Compliance Analyst; Data/BI Analyst; Business Analyst; Operations Analyst,Keep any employment type when role-relevant; exclude generic part-time work,"Exclude generic sales, retail, hospitality, customer service and frontline roles",81,Analytics plus market-surveillance project helps; finance pedigree/domain depth is weaker than your business/implementation fit.,visible,core_harshit,FALSE,retained_or_replacement,,
470,SSE Airtricity / SSE,https://careers.sse.com/search-jobs/Ireland,86,P2 — Strong,Harshit primary,Finance / Risk,Risk/Compliance Analyst; Data/BI Analyst; Business Analyst; Operations Analyst,Keep any employment type when role-relevant; exclude generic part-time work,"Exclude generic sales, retail, hospitality, customer service and frontline roles",81,Analytics plus market-surveillance project helps; finance pedigree/domain depth is weaker than your business/implementation fit.,visible,core_harshit,FALSE,retained_or_replacement,,
471,Stantec,https://www.stantec.com/en/careers,86,P2 — Strong,Harshit primary,Finance / Risk,Risk/Compliance Analyst; Data/BI Analyst; Business Analyst; Operations Analyst,Keep any employment type when role-relevant; exclude generic part-time work,"Exclude generic sales, retail, hospitality, customer service and frontline roles",81,Analytics plus market-surveillance project helps; finance pedigree/domain depth is weaker than your business/implementation fit.,visible,core_harshit,FALSE,retained_or_replacement,,
472,Stena Line Ireland,https://www.stenaline.com/careers/,86,P2 — Strong,Harshit primary,Finance / Risk,Risk/Compliance Analyst; Data/BI Analyst; Business Analyst; Operations Analyst,Keep any employment type when role-relevant; exclude generic part-time work,"Exclude generic sales, retail, hospitality, customer service and frontline roles",81,Analytics plus market-surveillance project helps; finance pedigree/domain depth is weaker than your business/implementation fit.,visible,core_harshit,FALSE,retained_or_replacement,,
473,Sun Life Ireland,https://www.sunlife.ie/en/careers/,86,P2 — Strong,Harshit primary,Finance / Risk,Risk/Compliance Analyst; Data/BI Analyst; Business Analyst; Operations Analyst,Keep any employment type when role-relevant; exclude generic part-time work,"Exclude generic sales, retail, hospitality, customer service and frontline roles",81,Analytics plus market-surveillance project helps; finance pedigree/domain depth is weaker than your business/implementation fit.,visible,core_harshit,FALSE,retained_or_replacement,,
474,Supply Wisdom,https://www.supplywisdom.com/careers,86,P2 — Strong,Harshit primary,Finance / Risk,Risk/Compliance Analyst; Data/BI Analyst; Business Analyst; Operations Analyst,Keep any employment type when role-relevant; exclude generic part-time work,"Exclude generic sales, retail, hospitality, customer service and frontline roles",81,Analytics plus market-surveillance project helps; finance pedigree/domain depth is weaker than your business/implementation fit.,visible,core_harshit,FALSE,retained_or_replacement,,
475,Syneos Health,https://www.syneoshealth.com/careers,86,P2 — Strong,Harshit primary,Finance / Risk,Risk/Compliance Analyst; Data/BI Analyst; Business Analyst; Operations Analyst,Keep any employment type when role-relevant; exclude generic part-time work,"Exclude generic sales, retail, hospitality, customer service and frontline roles",81,Analytics plus market-surveillance project helps; finance pedigree/domain depth is weaker than your business/implementation fit.,visible,core_harshit,FALSE,retained_or_replacement,,
476,Taxback International,https://www.taxbackinternational.com/careers/,86,P2 — Strong,Harshit primary,Finance / Risk,Risk/Compliance Analyst; Data/BI Analyst; Business Analyst; Operations Analyst,Keep any employment type when role-relevant; exclude generic part-time work,"Exclude generic sales, retail, hospitality, customer service and frontline roles",81,Analytics plus market-surveillance project helps; finance pedigree/domain depth is weaker than your business/implementation fit.,visible,core_harshit,FALSE,retained_or_replacement,,
477,Teagasc,https://www.teagasc.ie/about/opportunities/careers/,86,P2 — Strong,Harshit primary,Finance / Risk,Risk/Compliance Analyst; Data/BI Analyst; Business Analyst; Operations Analyst,Keep any employment type when role-relevant; exclude generic part-time work,"Exclude generic sales, retail, hospitality, customer service and frontline roles",81,Analytics plus market-surveillance project helps; finance pedigree/domain depth is weaker than your business/implementation fit.,visible,core_harshit,FALSE,retained_or_replacement,,
478,Teamwork.com,https://www.teamwork.com/careers/,86,P2 — Strong,Harshit primary,Finance / Risk,Risk/Compliance Analyst; Data/BI Analyst; Business Analyst; Operations Analyst,Keep any employment type when role-relevant; exclude generic part-time work,"Exclude generic sales, retail, hospitality, customer service and frontline roles",81,Analytics plus market-surveillance project helps; finance pedigree/domain depth is weaker than your business/implementation fit.,visible,core_harshit,FALSE,retained_or_replacement,,
479,Tech Mahindra,https://careers.techmahindra.com/,86,P2 — Strong,Harshit primary,Finance / Risk,Risk/Compliance Analyst; Data/BI Analyst; Business Analyst; Operations Analyst,Keep any employment type when role-relevant; exclude generic part-time work,"Exclude generic sales, retail, hospitality, customer service and frontline roles",81,Analytics plus market-surveillance project helps; finance pedigree/domain depth is weaker than your business/implementation fit.,visible,core_harshit,FALSE,retained_or_replacement,,
480,Teleflex,https://teleflex.wd1.myworkdayjobs.com/TeleflexCareers,86,P2 — Strong,Harshit primary,Finance / Risk,Risk/Compliance Analyst; Data/BI Analyst; Business Analyst; Operations Analyst,Keep any employment type when role-relevant; exclude generic part-time work,"Exclude generic sales, retail, hospitality, customer service and frontline roles",81,Analytics plus market-surveillance project helps; finance pedigree/domain depth is weaker than your business/implementation fit.,visible,core_harshit,FALSE,retained_or_replacement,,
481,Teleperformance (Ireland),https://www.teleperformance.com/en-us/careers/,86,P2 — Strong,Harshit primary,Finance / Risk,Risk/Compliance Analyst; Data/BI Analyst; Business Analyst; Operations Analyst,Keep any employment type when role-relevant; exclude generic part-time work,"Exclude generic sales, retail, hospitality, customer service and frontline roles",81,Analytics plus market-surveillance project helps; finance pedigree/domain depth is weaker than your business/implementation fit.,visible,core_harshit,FALSE,retained_or_replacement,,
482,Terumo,https://www.terumo.com/careers,86,P2 — Strong,Harshit primary,Finance / Risk,Risk/Compliance Analyst; Data/BI Analyst; Business Analyst; Operations Analyst,Keep any employment type when role-relevant; exclude generic part-time work,"Exclude generic sales, retail, hospitality, customer service and frontline roles",81,Analytics plus market-surveillance project helps; finance pedigree/domain depth is weaker than your business/implementation fit.,visible,core_harshit,FALSE,retained_or_replacement,,
483,Tetra Tech,https://www.tetratech.com/careers,86,P2 — Strong,Harshit primary,Finance / Risk,Risk/Compliance Analyst; Data/BI Analyst; Business Analyst; Operations Analyst,Keep any employment type when role-relevant; exclude generic part-time work,"Exclude generic sales, retail, hospitality, customer service and frontline roles",81,Analytics plus market-surveillance project helps; finance pedigree/domain depth is weaker than your business/implementation fit.,visible,core_harshit,FALSE,retained_or_replacement,,
484,The Doyle Collection,https://www.doylecollection.com/careers,86,P2 — Strong,Harshit primary,Finance / Risk,Risk/Compliance Analyst; Data/BI Analyst; Business Analyst; Operations Analyst,Keep any employment type when role-relevant; exclude generic part-time work,"Exclude generic sales, retail, hospitality, customer service and frontline roles",81,Analytics plus market-surveillance project helps; finance pedigree/domain depth is weaker than your business/implementation fit.,visible,core_harshit,FALSE,retained_or_replacement,,
485,The Irish Times,https://www.irishtimes.com/about-us/careers/,86,P2 — Strong,Harshit primary,Finance / Risk,Risk/Compliance Analyst; Data/BI Analyst; Business Analyst; Operations Analyst,Keep any employment type when role-relevant; exclude generic part-time work,"Exclude generic sales, retail, hospitality, customer service and frontline roles",81,Analytics plus market-surveillance project helps; finance pedigree/domain depth is weaker than your business/implementation fit.,visible,core_harshit,FALSE,retained_or_replacement,,
486,TK Maxx Ireland,https://www.tjxjobs.com/,86,P2 — Strong,Harshit primary,Finance / Risk,Risk/Compliance Analyst; Data/BI Analyst; Business Analyst; Operations Analyst,Keep any employment type when role-relevant; exclude generic part-time work,"Exclude generic sales, retail, hospitality, customer service and frontline roles",81,Analytics plus market-surveillance project helps; finance pedigree/domain depth is weaker than your business/implementation fit.,visible,core_harshit,FALSE,retained_or_replacement,,
487,Tourism Ireland,https://www.tourismireland.com/about-us/careers,86,P2 — Strong,Harshit primary,Finance / Risk,Risk/Compliance Analyst; Data/BI Analyst; Business Analyst; Operations Analyst,Keep any employment type when role-relevant; exclude generic part-time work,"Exclude generic sales, retail, hospitality, customer service and frontline roles",81,Analytics plus market-surveillance project helps; finance pedigree/domain depth is weaker than your business/implementation fit.,visible,core_harshit,FALSE,retained_or_replacement,,
488,Trane Technologies,https://jobs.tranetechnologies.com/,86,P2 — Strong,Harshit primary,Finance / Risk,Risk/Compliance Analyst; Data/BI Analyst; Business Analyst; Operations Analyst,Keep any employment type when role-relevant; exclude generic part-time work,"Exclude generic sales, retail, hospitality, customer service and frontline roles",81,Analytics plus market-surveillance project helps; finance pedigree/domain depth is weaker than your business/implementation fit.,visible,core_harshit,FALSE,retained_or_replacement,,
489,Transport Infrastructure Ireland,https://www.tii.ie/about/careers/,86,P2 — Strong,Harshit primary,Finance / Risk,Risk/Compliance Analyst; Data/BI Analyst; Business Analyst; Operations Analyst,Keep any employment type when role-relevant; exclude generic part-time work,"Exclude generic sales, retail, hospitality, customer service and frontline roles",81,Analytics plus market-surveillance project helps; finance pedigree/domain depth is weaker than your business/implementation fit.,visible,core_harshit,FALSE,retained_or_replacement,,
490,Travelers,https://careers.travelers.com/,86,P2 — Strong,Harshit primary,Finance / Risk,Risk/Compliance Analyst; Data/BI Analyst; Business Analyst; Operations Analyst,Keep any employment type when role-relevant; exclude generic part-time work,"Exclude generic sales, retail, hospitality, customer service and frontline roles",81,Analytics plus market-surveillance project helps; finance pedigree/domain depth is weaker than your business/implementation fit.,visible,core_harshit,FALSE,retained_or_replacement,,
491,Uniphar Group,https://uniphar.com/pharma/careers/,86,P2 — Strong,Harshit primary,Finance / Risk,Risk/Compliance Analyst; Data/BI Analyst; Business Analyst; Operations Analyst,Keep any employment type when role-relevant; exclude generic part-time work,"Exclude generic sales, retail, hospitality, customer service and frontline roles",81,Analytics plus market-surveillance project helps; finance pedigree/domain depth is weaker than your business/implementation fit.,visible,core_harshit,FALSE,retained_or_replacement,,
492,UPS Ireland,https://www.jobs-ups.com/search-jobs/Ireland,86,P2 — Strong,Harshit primary,Finance / Risk,Risk/Compliance Analyst; Data/BI Analyst; Business Analyst; Operations Analyst,Keep any employment type when role-relevant; exclude generic part-time work,"Exclude generic sales, retail, hospitality, customer service and frontline roles",81,Analytics plus market-surveillance project helps; finance pedigree/domain depth is weaker than your business/implementation fit.,visible,core_harshit,FALSE,retained_or_replacement,,
493,Veolia Ireland,https://www.veolia.ie/careers,86,P2 — Strong,Harshit primary,Finance / Risk,Risk/Compliance Analyst; Data/BI Analyst; Business Analyst; Operations Analyst,Keep any employment type when role-relevant; exclude generic part-time work,"Exclude generic sales, retail, hospitality, customer service and frontline roles",81,Analytics plus market-surveillance project helps; finance pedigree/domain depth is weaker than your business/implementation fit.,visible,core_harshit,FALSE,retained_or_replacement,,
494,Walkers Ireland,https://www.walkersglobal.com/index.php/careers,86,P2 — Strong,Harshit primary,Finance / Risk,Risk/Compliance Analyst; Data/BI Analyst; Business Analyst; Operations Analyst,Keep any employment type when role-relevant; exclude generic part-time work,"Exclude generic sales, retail, hospitality, customer service and frontline roles",81,Analytics plus market-surveillance project helps; finance pedigree/domain depth is weaker than your business/implementation fit.,visible,core_harshit,FALSE,retained_or_replacement,,
495,Waters Corporation,https://www.waters.com/nextgen/ie/en/about-waters/careers.html,86,P2 — Strong,Harshit primary,Finance / Risk,Risk/Compliance Analyst; Data/BI Analyst; Business Analyst; Operations Analyst,Keep any employment type when role-relevant; exclude generic part-time work,"Exclude generic sales, retail, hospitality, customer service and frontline roles",81,Analytics plus market-surveillance project helps; finance pedigree/domain depth is weaker than your business/implementation fit.,visible,core_harshit,FALSE,retained_or_replacement,,
496,West Pharmaceutical Services,https://careers.westpharma.com/,86,P2 — Strong,Harshit primary,Finance / Risk,Risk/Compliance Analyst; Data/BI Analyst; Business Analyst; Operations Analyst,Keep any employment type when role-relevant; exclude generic part-time work,"Exclude generic sales, retail, hospitality, customer service and frontline roles",81,Analytics plus market-surveillance project helps; finance pedigree/domain depth is weaker than your business/implementation fit.,visible,core_harshit,FALSE,retained_or_replacement,,
497,William Fry,https://www.williamfry.com/careers/,86,P2 — Strong,Harshit primary,Finance / Risk,Risk/Compliance Analyst; Data/BI Analyst; Business Analyst; Operations Analyst,Keep any employment type when role-relevant; exclude generic part-time work,"Exclude generic sales, retail, hospitality, customer service and frontline roles",81,Analytics plus market-surveillance project helps; finance pedigree/domain depth is weaker than your business/implementation fit.,visible,core_harshit,FALSE,retained_or_replacement,,
498,Winthrop Technologies,https://www.win-tech.ie/careers/,86,P2 — Strong,Harshit primary,Finance / Risk,Risk/Compliance Analyst; Data/BI Analyst; Business Analyst; Operations Analyst,Keep any employment type when role-relevant; exclude generic part-time work,"Exclude generic sales, retail, hospitality, customer service and frontline roles",81,Analytics plus market-surveillance project helps; finance pedigree/domain depth is weaker than your business/implementation fit.,visible,core_harshit,FALSE,retained_or_replacement,,
499,Woodie's,https://www.woodies.ie/careers,86,P2 — Strong,Harshit primary,Finance / Risk,Risk/Compliance Analyst; Data/BI Analyst; Business Analyst; Operations Analyst,Keep any employment type when role-relevant; exclude generic part-time work,"Exclude generic sales, retail, hospitality, customer service and frontline roles",81,Analytics plus market-surveillance project helps; finance pedigree/domain depth is weaker than your business/implementation fit.,visible,core_harshit,FALSE,retained_or_replacement,,
500,WorkFusion,https://www.workfusion.com/careers/,86,P2 — Strong,Harshit primary,Finance / Risk,Risk/Compliance Analyst; Data/BI Analyst; Business Analyst; Operations Analyst,Keep any employment type when role-relevant; exclude generic part-time work,"Exclude generic sales, retail, hospitality, customer service and frontline roles",81,Analytics plus market-surveillance project helps; finance pedigree/domain depth is weaker than your business/implementation fit.,visible,core_harshit,FALSE,retained_or_replacement,,
501,Workvivo,https://www.workvivo.com/careers/,86,P2 — Strong,Harshit primary,Finance / Risk,Risk/Compliance Analyst; Data/BI Analyst; Business Analyst; Operations Analyst,Keep any employment type when role-relevant; exclude generic part-time work,"Exclude generic sales, retail, hospitality, customer service and frontline roles",81,Analytics plus market-surveillance project helps; finance pedigree/domain depth is weaker than your business/implementation fit.,visible,core_harshit,FALSE,retained_or_replacement,,
502,WSP,https://www.wsp.com/en-gb/careers,86,P2 — Strong,Harshit primary,Finance / Risk,Risk/Compliance Analyst; Data/BI Analyst; Business Analyst; Operations Analyst,Keep any employment type when role-relevant; exclude generic part-time work,"Exclude generic sales, retail, hospitality, customer service and frontline roles",81,Analytics plus market-surveillance project helps; finance pedigree/domain depth is weaker than your business/implementation fit.,visible,core_harshit,FALSE,retained_or_replacement,,
503,Zara / Inditex Ireland,https://www.inditexcareers.com/,86,P2 — Strong,Harshit primary,Finance / Risk,Risk/Compliance Analyst; Data/BI Analyst; Business Analyst; Operations Analyst,Keep any employment type when role-relevant; exclude generic part-time work,"Exclude generic sales, retail, hospitality, customer service and frontline roles",81,Analytics plus market-surveillance project helps; finance pedigree/domain depth is weaker than your business/implementation fit.,visible,core_harshit,FALSE,retained_or_replacement,,
504,Zendesk,https://jobs.zendesk.com/us/en/search-results?keywords=Ireland,86,P2 — Strong,Harshit primary,Finance / Risk,Risk/Compliance Analyst; Data/BI Analyst; Business Analyst; Operations Analyst,Keep any employment type when role-relevant; exclude generic part-time work,"Exclude generic sales, retail, hospitality, customer service and frontline roles",81,Analytics plus market-surveillance project helps; finance pedigree/domain depth is weaker than your business/implementation fit.,visible,core_harshit,FALSE,retained_or_replacement,,
505,Atlas Copco Ireland,https://www.atlascopcogroup.com/en/careers,85,P2 — Strong,Harshit primary,Technology / SaaS,Data/BI Analyst; Business Operations Analyst; Customer/Revenue Analytics; Implementation/CS Ops,Keep any employment type when role-relevant; exclude generic part-time work,"Exclude generic sales, retail, hospitality, customer service and frontline roles",64,Good for BI/ops/implementation roles; pure software engineering/data science roles are materially harder.,visible,core_harshit,FALSE,retained_or_replacement,,
506,Chargebee,https://www.chargebee.com/careers/,85,P2 — Strong,Harshit primary,Technology / SaaS,Data/BI Analyst; Business Operations Analyst; Customer/Revenue Analytics; Implementation/CS Ops,Keep any employment type when role-relevant; exclude generic part-time work,"Exclude generic sales, retail, hospitality, customer service and frontline roles",64,Good for BI/ops/implementation roles; pure software engineering/data science roles are materially harder.,visible,core_harshit,FALSE,retained_or_replacement,,
507,CWSI,https://cwsisecurity.com/careers/,85,P2 — Strong,Harshit primary,Technology / SaaS,Data/BI Analyst; Business Operations Analyst; Customer/Revenue Analytics; Implementation/CS Ops,Keep any employment type when role-relevant; exclude generic part-time work,"Exclude generic sales, retail, hospitality, customer service and frontline roles",64,Good for BI/ops/implementation roles; pure software engineering/data science roles are materially harder.,visible,core_harshit,FALSE,retained_or_replacement,,
508,DataStax,https://www.datastax.com/company/careers,85,P2 — Strong,Harshit primary,Technology / SaaS,Data/BI Analyst; Business Operations Analyst; Customer/Revenue Analytics; Implementation/CS Ops,Keep any employment type when role-relevant; exclude generic part-time work,"Exclude generic sales, retail, hospitality, customer service and frontline roles",64,Good for BI/ops/implementation roles; pure software engineering/data science roles are materially harder.,visible,core_harshit,FALSE,retained_or_replacement,,
509,Dedalus,https://www.dedalus.com/global/en/careers/,85,P2 — Strong,Harshit primary,Technology / SaaS,Data/BI Analyst; Business Operations Analyst; Customer/Revenue Analytics; Implementation/CS Ops,Keep any employment type when role-relevant; exclude generic part-time work,"Exclude generic sales, retail, hospitality, customer service and frontline roles",64,Good for BI/ops/implementation roles; pure software engineering/data science roles are materially harder.,visible,core_harshit,FALSE,retained_or_replacement,,
510,Fixify,https://www.fixify.com/careers,85,P2 — Strong,Harshit primary,Technology / SaaS,Data/BI Analyst; Business Operations Analyst; Customer/Revenue Analytics; Implementation/CS Ops,Keep any employment type when role-relevant; exclude generic part-time work,"Exclude generic sales, retail, hospitality, customer service and frontline roles",64,Good for BI/ops/implementation roles; pure software engineering/data science roles are materially harder.,visible,core_harshit,FALSE,retained_or_replacement,,
511,Forcepoint,https://www.forcepoint.com/company/work-with-us,85,P2 — Strong,Harshit primary,Technology / SaaS,Data/BI Analyst; Business Operations Analyst; Customer/Revenue Analytics; Implementation/CS Ops,Keep any employment type when role-relevant; exclude generic part-time work,"Exclude generic sales, retail, hospitality, customer service and frontline roles",64,Good for BI/ops/implementation roles; pure software engineering/data science roles are materially harder.,visible,core_harshit,FALSE,retained_or_replacement,,
512,Harvey,https://www.harvey.ai/careers,85,P2 — Strong,Harshit primary,Technology / SaaS,Data/BI Analyst; Business Operations Analyst; Customer/Revenue Analytics; Implementation/CS Ops,Keep any employment type when role-relevant; exclude generic part-time work,"Exclude generic sales, retail, hospitality, customer service and frontline roles",64,Good for BI/ops/implementation roles; pure software engineering/data science roles are materially harder.,visible,core_harshit,FALSE,retained_or_replacement,,
513,Isla Health,https://www.isla.health/careers,85,P2 — Strong,Harshit primary,Technology / SaaS,Data/BI Analyst; Business Operations Analyst; Customer/Revenue Analytics; Implementation/CS Ops,Keep any employment type when role-relevant; exclude generic part-time work,"Exclude generic sales, retail, hospitality, customer service and frontline roles",64,Good for BI/ops/implementation roles; pure software engineering/data science roles are materially harder.,visible,core_harshit,FALSE,retained_or_replacement,,
514,Keeper Security,https://www.keepersecurity.com/company/careers/,85,P2 — Strong,Harshit primary,Technology / SaaS,Data/BI Analyst; Business Operations Analyst; Customer/Revenue Analytics; Implementation/CS Ops,Keep any employment type when role-relevant; exclude generic part-time work,"Exclude generic sales, retail, hospitality, customer service and frontline roles",64,Good for BI/ops/implementation roles; pure software engineering/data science roles are materially harder.,visible,core_harshit,FALSE,retained_or_replacement,,
515,Moonshot,https://moonshotteam.com/careers/,85,P2 — Strong,Harshit primary,Technology / SaaS,Data/BI Analyst; Business Operations Analyst; Customer/Revenue Analytics; Implementation/CS Ops,Keep any employment type when role-relevant; exclude generic part-time work,"Exclude generic sales, retail, hospitality, customer service and frontline roles",64,Good for BI/ops/implementation roles; pure software engineering/data science roles are materially harder.,visible,core_harshit,FALSE,retained_or_replacement,,
516,One Identity,https://www.oneidentity.com/careers/,85,P2 — Strong,Harshit primary,Technology / SaaS,Data/BI Analyst; Business Operations Analyst; Customer/Revenue Analytics; Implementation/CS Ops,Keep any employment type when role-relevant; exclude generic part-time work,"Exclude generic sales, retail, hospitality, customer service and frontline roles",64,Good for BI/ops/implementation roles; pure software engineering/data science roles are materially harder.,visible,core_harshit,FALSE,retained_or_replacement,,
517,Park Place Technologies,https://www.parkplacetechnologies.com/company/careers/,85,P2 — Strong,Harshit primary,Technology / SaaS,Data/BI Analyst; Business Operations Analyst; Customer/Revenue Analytics; Implementation/CS Ops,Keep any employment type when role-relevant; exclude generic part-time work,"Exclude generic sales, retail, hospitality, customer service and frontline roles",64,Good for BI/ops/implementation roles; pure software engineering/data science roles are materially harder.,visible,core_harshit,FALSE,retained_or_replacement,,
518,Qumulo,https://careers.qumulo.com/,85,P2 — Strong,Harshit primary,Technology / SaaS,Data/BI Analyst; Business Operations Analyst; Customer/Revenue Analytics; Implementation/CS Ops,Keep any employment type when role-relevant; exclude generic part-time work,"Exclude generic sales, retail, hospitality, customer service and frontline roles",64,Good for BI/ops/implementation roles; pure software engineering/data science roles are materially harder.,visible,core_harshit,FALSE,retained_or_replacement,,
519,RoviSys,https://www.rovisys.com/careers,85,P2 — Strong,Harshit primary,Technology / SaaS,Data/BI Analyst; Business Operations Analyst; Customer/Revenue Analytics; Implementation/CS Ops,Keep any employment type when role-relevant; exclude generic part-time work,"Exclude generic sales, retail, hospitality, customer service and frontline roles",64,Good for BI/ops/implementation roles; pure software engineering/data science roles are materially harder.,visible,core_harshit,FALSE,retained_or_replacement,,
520,RxSense,https://www.rxsense.com/careers/,85,P2 — Strong,Harshit primary,Technology / SaaS,Data/BI Analyst; Business Operations Analyst; Customer/Revenue Analytics; Implementation/CS Ops,Keep any employment type when role-relevant; exclude generic part-time work,"Exclude generic sales, retail, hospitality, customer service and frontline roles",64,Good for BI/ops/implementation roles; pure software engineering/data science roles are materially harder.,visible,core_harshit,FALSE,retained_or_replacement,,
521,SHEIN,https://careers.sheingroup.com/,85,P2 — Strong,Harshit primary,Technology / SaaS,Data/BI Analyst; Business Operations Analyst; Customer/Revenue Analytics; Implementation/CS Ops,Keep any employment type when role-relevant; exclude generic part-time work,"Exclude generic sales, retail, hospitality, customer service and frontline roles",64,Good for BI/ops/implementation roles; pure software engineering/data science roles are materially harder.,visible,core_harshit,FALSE,retained_or_replacement,,
522,Smarttech247,https://www.smarttech247.com/careers/,85,P2 — Strong,Harshit primary,Technology / SaaS,Data/BI Analyst; Business Operations Analyst; Customer/Revenue Analytics; Implementation/CS Ops,Keep any employment type when role-relevant; exclude generic part-time work,"Exclude generic sales, retail, hospitality, customer service and frontline roles",64,Good for BI/ops/implementation roles; pure software engineering/data science roles are materially harder.,visible,core_harshit,FALSE,retained_or_replacement,,
523,Spectrum.Life,https://www.spectrum.life/careers,85,P2 — Strong,Harshit primary,Technology / SaaS,Data/BI Analyst; Business Operations Analyst; Customer/Revenue Analytics; Implementation/CS Ops,Keep any employment type when role-relevant; exclude generic part-time work,"Exclude generic sales, retail, hospitality, customer service and frontline roles",64,Good for BI/ops/implementation roles; pure software engineering/data science roles are materially harder.,visible,core_harshit,FALSE,retained_or_replacement,,
524,Taoglas,https://www.taoglas.com/careers/,85,P2 — Strong,Harshit primary,Technology / SaaS,Data/BI Analyst; Business Operations Analyst; Customer/Revenue Analytics; Implementation/CS Ops,Keep any employment type when role-relevant; exclude generic part-time work,"Exclude generic sales, retail, hospitality, customer service and frontline roles",64,Good for BI/ops/implementation roles; pure software engineering/data science roles are materially harder.,visible,core_harshit,FALSE,retained_or_replacement,,
525,Trellix,https://careers.trellix.com/,85,P2 — Strong,Harshit primary,Technology / SaaS,Data/BI Analyst; Business Operations Analyst; Customer/Revenue Analytics; Implementation/CS Ops,Keep any employment type when role-relevant; exclude generic part-time work,"Exclude generic sales, retail, hospitality, customer service and frontline roles",64,Good for BI/ops/implementation roles; pure software engineering/data science roles are materially harder.,visible,core_harshit,FALSE,retained_or_replacement,,
526,Workato,https://www.workato.com/careers,85,P2 — Strong,Harshit primary,Technology / SaaS,Data/BI Analyst; Business Operations Analyst; Customer/Revenue Analytics; Implementation/CS Ops,Keep any employment type when role-relevant; exclude generic part-time work,"Exclude generic sales, retail, hospitality, customer service and frontline roles",64,Good for BI/ops/implementation roles; pure software engineering/data science roles are materially harder.,visible,core_harshit,FALSE,retained_or_replacement,,
527,Xenon arc,https://www.xenonarc.com/careers,85,P2 — Strong,Harshit primary,Technology / SaaS,Data/BI Analyst; Business Operations Analyst; Customer/Revenue Analytics; Implementation/CS Ops,Keep any employment type when role-relevant; exclude generic part-time work,"Exclude generic sales, retail, hospitality, customer service and frontline roles",64,Good for BI/ops/implementation roles; pure software engineering/data science roles are materially harder.,visible,core_harshit,FALSE,retained_or_replacement,,
528,University College Dublin (UCD),https://www.ucd.ie/workatucd/jobs/,84,P2 — Strong,Harshit primary,Higher Education / Research,Data/BI Analyst; Business Analyst; IT/Systems; Project/Programme; Research Data/Operations; Professional Services,Include university vacancies including relevant part-time/fixed-term roles,University jobs are allowed; unrelated campus retail/catering/frontline roles can still be filtered by role relevance,58,"Official Irish university employer; include all university vacancies, with especially strong relevance for data, analytics, IT, systems, project, research operations and professional-services roles. Primary location: Dublin, Ireland.",visible,core_harshit,FALSE,university_official,"Official Irish university employer; include all university vacancies, with especially strong relevance for data, analytics, IT, systems, project, research operations and professional-services roles. Primary location: Dublin, Ireland.",Official Irish university careers/vacancy source
529,Box,https://www.box.com/careers,82,P2 — Strong,Harshit primary,Enterprise SaaS,Business Systems; Implementation; Solutions; Data/BI; Product Operations,Keep any employment type when role-relevant; exclude generic part-time/frontline work,"Exclude generic sales, retail, hospitality, customer service and frontline roles",70,Enterprise SaaS and business-systems fit; retain for Ireland-specific roles.,visible,core_harshit,FALSE,validated_addition,Enterprise SaaS and business-systems fit; retain for Ireland-specific roles.,Ireland-relevance validated / vacancy-level verification still required
530,University of Limerick (UL),https://www.ul.ie/hr/careers,82,P2 — Strong,Harshit primary,Higher Education / Research,Data/BI Analyst; Business Analyst; IT/Systems; Project/Programme; Research Data/Operations; Professional Services,Include university vacancies including relevant part-time/fixed-term roles,University jobs are allowed; unrelated campus retail/catering/frontline roles can still be filtered by role relevance,58,"Official Irish university employer; include all university vacancies, with especially strong relevance for data, analytics, IT, systems, project, research operations and professional-services roles. Primary location: Limerick, Ireland.",visible,core_harshit,FALSE,university_official,"Official Irish university employer; include all university vacancies, with especially strong relevance for data, analytics, IT, systems, project, research operations and professional-services roles. Primary location: Limerick, Ireland.",Official Irish university careers/vacancy source
531,Carrier,https://jobs.carrier.com/en/location/ireland-jobs/29289/2963597/2,80,P2 — Strong,Harshit primary,Industrial / Digital,Digital Technology; Business Analyst; Operations; Supply Chain; Finance Analytics,Keep any employment type when role-relevant; exclude generic part-time/frontline work,"Exclude generic sales, retail, hospitality, customer service and frontline roles",68,"Ireland roles can span digital technology, operations, planning and analytics.",visible,core_harshit,FALSE,validated_addition,"Ireland roles can span digital technology, operations, planning and analytics.",Ireland-relevance validated / vacancy-level verification still required
532,Maynooth University,https://www.maynoothuniversity.ie/human-resources/vacancies,80,P2 — Strong,Harshit primary,Higher Education / Research,Data/BI Analyst; Business Analyst; IT/Systems; Project/Programme; Research Data/Operations; Professional Services,Include university vacancies including relevant part-time/fixed-term roles,University jobs are allowed; unrelated campus retail/catering/frontline roles can still be filtered by role relevance,58,"Official Irish university employer; include all university vacancies, with especially strong relevance for data, analytics, IT, systems, project, research operations and professional-services roles. Primary location: Maynooth, Ireland.",visible,core_harshit,FALSE,university_official,"Official Irish university employer; include all university vacancies, with especially strong relevance for data, analytics, IT, systems, project, research operations and professional-services roles. Primary location: Maynooth, Ireland.",Official Irish university careers/vacancy source
533,Korn Ferry,https://www.kornferry.com/careers,79,P3 — Selective,Secondary / exact-fit,Strategy / Consulting,Technology/Data Consultant; Business Analyst; Transformation Consultant,Keep any employment type when role-relevant; exclude generic part-time work,"Exclude generic sales, retail, hospitality, customer service and frontline roles",58,"Solid transferable fit for business analysis, BI, transformation and operations roles; exact vacancy and referral will drive outcome.",visible,core_harshit,FALSE,retained_or_replacement,,
534,Micron Technology,https://www.micron.com/careers,78,P3 — Selective,Harshit primary,Semiconductor / Technology,Data/BI; Business Systems; Operations; Supply Chain; Project,Keep any employment type when role-relevant; exclude generic part-time/frontline work,"Exclude generic sales, retail, hospitality, customer service and frontline roles",66,Relevant semiconductor analytics and operations pathways when Ireland roles appear.,visible,core_harshit,FALSE,validated_addition,Relevant semiconductor analytics and operations pathways when Ireland roles appear.,Ireland-relevance validated / vacancy-level verification still required
535,Monday.com,https://monday.com/careers,78,P3 — Selective,Harshit primary,Enterprise SaaS,Business Systems; Product Operations; Data/BI; Implementation; Solutions,Keep any employment type when role-relevant; exclude generic part-time/frontline work,"Exclude generic sales, retail, hospitality, customer service and frontline roles",66,Enterprise work-management platform; keep selective for Ireland roles.,visible,core_harshit,FALSE,validated_addition,Enterprise work-management platform; keep selective for Ireland roles.,Ireland-relevance validated / vacancy-level verification still required
536,Western Digital,https://jobs.westerndigital.com/,78,P3 — Selective,Harshit primary,Data Infrastructure,Data/BI; Business Systems; Operations; Product; Supply Chain,Keep any employment type when role-relevant; exclude generic part-time/frontline work,"Exclude generic sales, retail, hospitality, customer service and frontline roles",66,Historical Ireland employment plus data/storage business relevance.,visible,core_harshit,FALSE,validated_addition,Historical Ireland employment plus data/storage business relevance.,Ireland-relevance validated / vacancy-level verification still required
537,Canva,https://www.canva.com/careers/,76,P3 — Selective,Harshit primary,Technology / SaaS,Data/Analytics; Product Operations; Business Operations; Strategy,Keep any employment type when role-relevant; exclude generic part-time/frontline work,"Exclude generic sales, retail, hospitality, customer service and frontline roles",64,Strong technology fit but likely lower Irish vacancy density.,visible,core_harshit,FALSE,validated_addition,Strong technology fit but likely lower Irish vacancy density.,Ireland-relevance validated / vacancy-level verification still required
538,SentinelOne,https://www.sentinelone.com/careers/,76,P3 — Selective,Harshit primary,Cybersecurity / SaaS,Data/Analytics; Business Operations; Product; Technical Consulting,Keep any employment type when role-relevant; exclude generic part-time/frontline work,"Exclude generic sales, retail, hospitality, customer service and frontline roles",64,Cyber/data fit; exact Ireland role evidence required per vacancy.,visible,core_harshit,FALSE,validated_addition,Cyber/data fit; exact Ireland role evidence required per vacancy.,Ireland-relevance validated / vacancy-level verification still required
539,South East Technological University (SETU),https://www.setu.ie/about/vacancies,76,P3 — Selective,Harshit primary,Higher Education / Research,Data/BI Analyst; Business Analyst; IT/Systems; Project/Programme; Research Data/Operations; Professional Services,Include university vacancies including relevant part-time/fixed-term roles,University jobs are allowed; unrelated campus retail/catering/frontline roles can still be filtered by role relevance,58,"Official Irish university employer; include all university vacancies, with especially strong relevance for data, analytics, IT, systems, project, research operations and professional-services roles. Primary location: South East, Ireland.",visible,core_harshit,FALSE,university_official,"Official Irish university employer; include all university vacancies, with especially strong relevance for data, analytics, IT, systems, project, research operations and professional-services roles. Primary location: South East, Ireland.",Official Irish university careers/vacancy source
540,AerCap,https://www.aercap.com/careers/,75,P3 — Selective,Secondary / exact-fit,Finance / Risk,Risk/Compliance Analyst; Data/BI Analyst; Business Analyst; Operations Analyst,Keep any employment type when role-relevant; exclude generic part-time work,"Exclude generic sales, retail, hospitality, customer service and frontline roles",70,Analytics plus market-surveillance project helps; finance pedigree/domain depth is weaker than your business/implementation fit.,visible,core_harshit,FALSE,retained_or_replacement,,
541,Lonza,https://www.lonza.com/careers,75,P3 — Selective,Harshit primary,Life Sciences,Business Systems; Data/BI; Supply Chain Analytics; Digital Transformation; Operations,Keep any employment type when role-relevant; exclude generic part-time/frontline work,"Exclude generic sales, retail, hospitality, customer service and frontline roles",63,Life-sciences transformation and operations roles can match well.,visible,core_harshit,FALSE,validated_addition,Life-sciences transformation and operations roles can match well.,Ireland-relevance validated / vacancy-level verification still required
542,Bio-Rad Laboratories,https://www.bio-rad.com/en-ie/category/careers,72,P3 — Selective,Harshit primary,Life Sciences,Data/BI; Business Systems; Operations; Commercial Analytics,Keep any employment type when role-relevant; exclude generic part-time/frontline work,"Exclude generic sales, retail, hospitality, customer service and frontline roles",60,Selective life-sciences analytics and operations fit.,visible,core_harshit,FALSE,validated_addition,Selective life-sciences analytics and operations fit.,Ireland-relevance validated / vacancy-level verification still required
543,Bruker,https://www.bruker.com/en/landingpages/careers.html,72,P3 — Selective,Harshit primary,Scientific Technology,Data/BI; Business Systems; Operations; Commercial Analytics,Keep any employment type when role-relevant; exclude generic part-time/frontline work,"Exclude generic sales, retail, hospitality, customer service and frontline roles",60,Scientific-tech employer with selective analytics and business-systems relevance.,visible,core_harshit,FALSE,validated_addition,Scientific-tech employer with selective analytics and business-systems relevance.,Ireland-relevance validated / vacancy-level verification still required
544,CPL Resources,https://www.cpl.com/careers,70,P3 — Selective,Harshit primary,Recruitment / Staffing,Business Analyst; Data Analyst; BI; Project/Change; Technology,Keep any employment type when role-relevant; exclude generic part-time/frontline work,"Exclude generic sales, retail, hospitality, customer service and frontline roles",58,Useful recruiter/source for target corporate roles; do not treat as equivalent to direct employer hiring.,hidden,lower_priority_companies,FALSE,validated_addition,Useful recruiter/source for target corporate roles; do not treat as equivalent to direct employer hiring.,Ireland-relevance validated / vacancy-level verification still required
545,Fastly,https://www.fastly.com/about/careers/,70,P4 — Exact-fit only,Harshit primary,Cloud / Infrastructure,Data/Analytics; Product Operations; Technical Solutions; Business Operations,Keep any employment type when role-relevant; exclude generic part-time/frontline work,"Exclude generic sales, retail, hospitality, customer service and frontline roles",58,Excellent role-type fit but low expected Ireland vacancy density.,hidden,lower_priority_companies,FALSE,validated_addition,Excellent role-type fit but low expected Ireland vacancy density.,Ireland-relevance validated / vacancy-level verification still required
546,Biotronik,https://www.biotronik.com/en-us/careers,65,P4 — Exact-fit only,Harshit primary,Medical Devices,Data/BI; Business Systems; Operations; Supply Chain,Keep any employment type when role-relevant; exclude generic part-time/frontline work,"Exclude generic sales, retail, hospitality, customer service and frontline roles",53,Exact-fit only; lower expected Ireland corporate-role density.,hidden,lower_priority_companies,FALSE,validated_addition,Exact-fit only; lower expected Ireland corporate-role density.,Ireland-relevance validated / vacancy-level verification still required
547,Tandem Diabetes Care,https://www.tandemdiabetes.com/about-us/careers,65,P4 — Exact-fit only,Harshit primary,Medical Devices,Data/BI; Business Systems; Operations; Supply Chain,Keep any employment type when role-relevant; exclude generic part-time/frontline work,"Exclude generic sales, retail, hospitality, customer service and frontline roles",53,Exact-fit only; retain when an Ireland corporate/data role exists.,hidden,lower_priority_companies,FALSE,validated_addition,Exact-fit only; retain when an Ireland corporate/data role exists.,Ireland-relevance validated / vacancy-level verification still required
548,Atlassian,https://www.atlassian.com/company/careers/jobs?location=Dublin,64,P4 — Exact-fit only,Low priority,Finance / Risk,Risk/Compliance Analyst; Data/BI Analyst; Business Analyst; Operations Analyst,Keep any employment type when role-relevant; exclude generic part-time work,"Exclude generic sales, retail, hospitality, customer service and frontline roles",59,"Strong analytics/implementation foundation, but brand-selective hiring and role competition make this a reach; referral + exact-role fit matters.",visible,core_harshit,FALSE,retained_or_replacement,,
549,Dropbox,https://www.dropbox.com/jobs/all-jobs,64,P4 — Exact-fit only,Low priority,Finance / Risk,Risk/Compliance Analyst; Data/BI Analyst; Business Analyst; Operations Analyst,Keep any employment type when role-relevant; exclude generic part-time work,"Exclude generic sales, retail, hospitality, customer service and frontline roles",59,"Strong analytics/implementation foundation, but brand-selective hiring and role competition make this a reach; referral + exact-role fit matters.",visible,core_harshit,FALSE,retained_or_replacement,,
550,Slack,https://salesforce.wd12.myworkdayjobs.com/Slack,64,P4 — Exact-fit only,Low priority,Finance / Risk,Risk/Compliance Analyst; Data/BI Analyst; Business Analyst; Operations Analyst,Keep any employment type when role-relevant; exclude generic part-time work,"Exclude generic sales, retail, hospitality, customer service and frontline roles",59,"Strong analytics/implementation foundation, but brand-selective hiring and role competition make this a reach; referral + exact-role fit matters.",visible,core_harshit,FALSE,retained_or_replacement,,
551,Alvarez & Marsal,https://www.alvarezandmarsal.com/careers,55,P4 — Exact-fit only,Low priority,Strategy / Consulting,Technology/Data Consultant; Business Analyst; Transformation Consultant,Keep any employment type when role-relevant; exclude generic part-time work,"Exclude generic sales, retail, hospitality, customer service and frontline roles",34,"Profile has consulting/client strengths, but generalist strategy hiring is exceptionally selective; target data/tech/transformation tracks.",visible,core_harshit,FALSE,retained_or_replacement,,
552,Oliver Wyman,https://www.oliverwyman.com/careers.html,55,P4 — Exact-fit only,Low priority,Strategy / Consulting,Technology/Data Consultant; Business Analyst; Transformation Consultant,Keep any employment type when role-relevant; exclude generic part-time work,"Exclude generic sales, retail, hospitality, customer service and frontline roles",34,"Profile has consulting/client strengths, but generalist strategy hiring is exceptionally selective; target data/tech/transformation tracks.",visible,core_harshit,FALSE,retained_or_replacement,,
553,ABP Food Group,https://abpfoodgroup.com/careers/,0,P5 — Optional / low-density,Optional,,Only show role-relevant corporate/analytics/BI/BA/ERP/technology/transformation vacancies,Keep only profile-relevant professional roles; part-time allowed only when directly relevant,"Exclude generic sales, retail, hospitality, customer service, frontline, warehouse and unrelated operational roles",,Manufacturing/food operations dominate hiring; low density of target corporate role families.,hidden,lower_priority_companies,FALSE,dropped_but_optional,,
554,Adecco Ireland,https://www.adecco.com/en-ie/job-search,0,P5 — Optional / low-density,Optional,,Only show role-relevant corporate/analytics/BI/BA/ERP/technology/transformation vacancies,Keep only profile-relevant professional roles; part-time allowed only when directly relevant,"Exclude generic sales, retail, hospitality, customer service, frontline, warehouse and unrelated operational roles",,Recruitment agency/intermediary; duplicates client vacancies and adds less career intelligence than monitoring employers directly.,hidden,lower_priority_companies,FALSE,dropped_but_optional,,
555,Aldi Ireland,https://www.aldirecruitment.ie/,0,P5 — Optional / low-density,Optional,,Only show role-relevant corporate/analytics/BI/BA/ERP/technology/transformation vacancies,Keep only profile-relevant professional roles; part-time allowed only when directly relevant,"Exclude generic sales, retail, hospitality, customer service, frontline, warehouse and unrelated operational roles",,"Hiring is predominantly store, warehouse and frontline operations; low density of target analytics/consulting/technology roles.",hidden,lower_priority_companies,FALSE,dropped_but_optional,,
556,Applegreen,https://www.applegreenstores.com/careers,0,P5 — Optional / low-density,Optional,Retail / Energy,Only show role-relevant corporate/analytics/BI/BA/ERP/technology/transformation vacancies,Keep only profile-relevant professional roles; part-time allowed only when directly relevant,"Exclude generic sales, retail, hospitality, customer service, frontline, warehouse and unrelated operational roles",,Predominantly retail/site operations and frontline hiring; low target-role density.,hidden,lower_priority_companies,FALSE,dropped_but_optional,,
557,Approach People Recruitment,https://approachpeople.com,0,P5 — Optional / low-density,Optional,,Only show role-relevant corporate/analytics/BI/BA/ERP/technology/transformation vacancies,Keep only profile-relevant professional roles; part-time allowed only when directly relevant,"Exclude generic sales, retail, hospitality, customer service, frontline, warehouse and unrelated operational roles",,Recruitment agency/intermediary; direct-employer sources are more useful for a curated corporate radar.,hidden,lower_priority_companies,FALSE,dropped_but_optional,,
558,Aramark Ireland,https://aramarkcareers.com/Northern-Europe/,0,P5 — Optional / low-density,Optional,Facilities / Food Services,Only show role-relevant corporate/analytics/BI/BA/ERP/technology/transformation vacancies,Keep only profile-relevant professional roles; part-time allowed only when directly relevant,"Exclude generic sales, retail, hospitality, customer service, frontline, warehouse and unrelated operational roles",,"Facilities, food-service and frontline operations dominate; low density of target professional roles.",hidden,lower_priority_companies,FALSE,dropped_but_optional,,
559,B&Q Ireland,https://www.kingfishercareers.com/b-and-q,0,P5 — Optional / low-density,Optional,,Only show role-relevant corporate/analytics/BI/BA/ERP/technology/transformation vacancies,Keep only profile-relevant professional roles; part-time allowed only when directly relevant,"Exclude generic sales, retail, hospitality, customer service, frontline, warehouse and unrelated operational roles",,Store/frontline-heavy hiring; limited relevance to the target corporate role families.,hidden,lower_priority_companies,FALSE,dropped_but_optional,,
560,BAM Ireland,https://www.bamireland.ie/careers/,0,P5 — Optional / low-density,Optional,,Only show role-relevant corporate/analytics/BI/BA/ERP/technology/transformation vacancies,Keep only profile-relevant professional roles; part-time allowed only when directly relevant,"Exclude generic sales, retail, hospitality, customer service, frontline, warehouse and unrelated operational roles",,Construction/project-delivery hiring is trade/site-heavy; limited density of target analytics/technology roles.,hidden,lower_priority_companies,FALSE,dropped_but_optional,,
561,Bidvest Noonan,https://careers.bidvestnoonan.com/,0,P5 — Optional / low-density,Optional,Facilities / Security Services,Only show role-relevant corporate/analytics/BI/BA/ERP/technology/transformation vacancies,Keep only profile-relevant professional roles; part-time allowed only when directly relevant,"Exclude generic sales, retail, hospitality, customer service, frontline, warehouse and unrelated operational roles",,Facilities/security/frontline-heavy workforce; low target-role density.,hidden,lower_priority_companies,FALSE,dropped_but_optional,,
562,Boots Ireland,https://www.boots.jobs/search-jobs/Ireland,0,P5 — Optional / low-density,Optional,,Only show role-relevant corporate/analytics/BI/BA/ERP/technology/transformation vacancies,Keep only profile-relevant professional roles; part-time allowed only when directly relevant,"Exclude generic sales, retail, hospitality, customer service, frontline, warehouse and unrelated operational roles",,Large retail/pharmacy frontline mix; corporate analytics opportunities are too sparse for a top-500 career radar.,hidden,lower_priority_companies,FALSE,dropped_but_optional,,
563,Brightwater,https://www.brightwater.ie/jobs,0,P5 — Optional / low-density,Optional,,Only show role-relevant corporate/analytics/BI/BA/ERP/technology/transformation vacancies,Keep only profile-relevant professional roles; part-time allowed only when directly relevant,"Exclude generic sales, retail, hospitality, customer service, frontline, warehouse and unrelated operational roles",,Recruitment agency/intermediary; lower value than direct corporate career-site coverage.,hidden,lower_priority_companies,FALSE,dropped_but_optional,,
564,Brown Thomas Arnotts,https://www.brownthomas.com/careers.html,0,P5 — Optional / low-density,Optional,,Only show role-relevant corporate/analytics/BI/BA/ERP/technology/transformation vacancies,Keep only profile-relevant professional roles; part-time allowed only when directly relevant,"Exclude generic sales, retail, hospitality, customer service, frontline, warehouse and unrelated operational roles",,Retail/store-heavy workforce; low density of target roles.,hidden,lower_priority_companies,FALSE,dropped_but_optional,,
565,Carbery Group,https://www.carbery.com/careers/,0,P5 — Optional / low-density,Optional,,Only show role-relevant corporate/analytics/BI/BA/ERP/technology/transformation vacancies,Keep only profile-relevant professional roles; part-time allowed only when directly relevant,"Exclude generic sales, retail, hospitality, customer service, frontline, warehouse and unrelated operational roles",,Food/manufacturing operations dominate; target analytics/consulting roles are comparatively sparse.,hidden,lower_priority_companies,FALSE,dropped_but_optional,,
566,Circle K Ireland,https://www.circlek.ie/careers,0,P5 — Optional / low-density,Optional,Retail / Energy,Only show role-relevant corporate/analytics/BI/BA/ERP/technology/transformation vacancies,Keep only profile-relevant professional roles; part-time allowed only when directly relevant,"Exclude generic sales, retail, hospitality, customer service, frontline, warehouse and unrelated operational roles",,Retail/service-station operations dominate hiring; limited target-role density.,hidden,lower_priority_companies,FALSE,dropped_but_optional,,
567,Clayton Hotels,https://www.claytonhotels.com/careers/,0,P5 — Optional / low-density,Optional,,Only show role-relevant corporate/analytics/BI/BA/ERP/technology/transformation vacancies,Keep only profile-relevant professional roles; part-time allowed only when directly relevant,"Exclude generic sales, retail, hospitality, customer service, frontline, warehouse and unrelated operational roles",,Hospitality operations dominate; limited relevance to target career families.,hidden,lower_priority_companies,FALSE,dropped_but_optional,,
568,Collen Construction,https://collen.com/careers/,0,P5 — Optional / low-density,Optional,Construction / Data Centres,Only show role-relevant corporate/analytics/BI/BA/ERP/technology/transformation vacancies,Keep only profile-relevant professional roles; part-time allowed only when directly relevant,"Exclude generic sales, retail, hospitality, customer service, frontline, warehouse and unrelated operational roles",,Construction/project-delivery focused; limited target-role density.,hidden,lower_priority_companies,FALSE,dropped_but_optional,,
569,Compass Group Ireland,https://www.compass-group.ie/join-the-family/careers/,0,P5 — Optional / low-density,Optional,Facilities / Food Services,Only show role-relevant corporate/analytics/BI/BA/ERP/technology/transformation vacancies,Keep only profile-relevant professional roles; part-time allowed only when directly relevant,"Exclude generic sales, retail, hospitality, customer service, frontline, warehouse and unrelated operational roles",,Food-service/facilities operations dominate; low target-role density.,hidden,lower_priority_companies,FALSE,dropped_but_optional,,
570,Cpl,https://cpl.com,0,P5 — Optional / low-density,Optional,Recruitment Agencies (check direct portals),Only show role-relevant corporate/analytics/BI/BA/ERP/technology/transformation vacancies,Keep only profile-relevant professional roles; part-time allowed only when directly relevant,"Exclude generic sales, retail, hospitality, customer service, frontline, warehouse and unrelated operational roles",,Recruitment agency/intermediary; client vacancies can duplicate employer listings.,hidden,lower_priority_companies,FALSE,dropped_but_optional,,
571,Currys Ireland,https://curryscareers.co.uk/content/Ireland/?locale=en_US,0,P5 — Optional / low-density,Optional,,Only show role-relevant corporate/analytics/BI/BA/ERP/technology/transformation vacancies,Keep only profile-relevant professional roles; part-time allowed only when directly relevant,"Exclude generic sales, retail, hospitality, customer service, frontline, warehouse and unrelated operational roles",,Retail/store and logistics-heavy hiring; lower career-fit density.,hidden,lower_priority_companies,FALSE,dropped_but_optional,,
572,Dairygold,https://www.dairygold.ie/careers/,0,P5 — Optional / low-density,Optional,,Only show role-relevant corporate/analytics/BI/BA/ERP/technology/transformation vacancies,Keep only profile-relevant professional roles; part-time allowed only when directly relevant,"Exclude generic sales, retail, hospitality, customer service, frontline, warehouse and unrelated operational roles",,Agrifood/manufacturing operations dominate; lower target-role density.,hidden,lower_priority_companies,FALSE,dropped_but_optional,,
573,Dawn Meats,https://www.dawnmeats.com/careers/,0,P5 — Optional / low-density,Optional,,Only show role-relevant corporate/analytics/BI/BA/ERP/technology/transformation vacancies,Keep only profile-relevant professional roles; part-time allowed only when directly relevant,"Exclude generic sales, retail, hospitality, customer service, frontline, warehouse and unrelated operational roles",,Food/manufacturing/frontline operations dominate; low target-role density.,hidden,lower_priority_companies,FALSE,dropped_but_optional,,
574,Decathlon Ireland,https://www.decathlon.ie/careers,0,P5 — Optional / low-density,Optional,,Only show role-relevant corporate/analytics/BI/BA/ERP/technology/transformation vacancies,Keep only profile-relevant professional roles; part-time allowed only when directly relevant,"Exclude generic sales, retail, hospitality, customer service, frontline, warehouse and unrelated operational roles",,Retail/store hiring dominates; limited target corporate analytics/technology roles.,hidden,lower_priority_companies,FALSE,dropped_but_optional,,
575,Designer Group,https://designergrp.com/careers/,0,P5 — Optional / low-density,Optional,Engineering / Construction,Only show role-relevant corporate/analytics/BI/BA/ERP/technology/transformation vacancies,Keep only profile-relevant professional roles; part-time allowed only when directly relevant,"Exclude generic sales, retail, hospitality, customer service, frontline, warehouse and unrelated operational roles",,Engineering/construction project delivery dominates; lower fit than digital/consulting alternatives.,hidden,lower_priority_companies,FALSE,dropped_but_optional,,
576,Dornan,https://www.dornangroup.com/careers/,0,P5 — Optional / low-density,Optional,Engineering / Construction,Only show role-relevant corporate/analytics/BI/BA/ERP/technology/transformation vacancies,Keep only profile-relevant professional roles; part-time allowed only when directly relevant,"Exclude generic sales, retail, hospitality, customer service, frontline, warehouse and unrelated operational roles",,Engineering/construction project delivery dominates; limited target-role density.,hidden,lower_priority_companies,FALSE,dropped_but_optional,,
577,Dunnes Stores,https://www.dunnesstores.com/c/careers,0,P5 — Optional / low-density,Optional,,Only show role-relevant corporate/analytics/BI/BA/ERP/technology/transformation vacancies,Keep only profile-relevant professional roles; part-time allowed only when directly relevant,"Exclude generic sales, retail, hospitality, customer service, frontline, warehouse and unrelated operational roles",,Retail/store and distribution hiring dominate; low target-role density.,hidden,lower_priority_companies,FALSE,dropped_but_optional,,
578,Eason,https://www.easons.com/careers,0,P5 — Optional / low-density,Optional,,Only show role-relevant corporate/analytics/BI/BA/ERP/technology/transformation vacancies,Keep only profile-relevant professional roles; part-time allowed only when directly relevant,"Exclude generic sales, retail, hospitality, customer service, frontline, warehouse and unrelated operational roles",,Retail/store-heavy employer; limited target-role density.,hidden,lower_priority_companies,FALSE,dropped_but_optional,,
579,Flynn,https://flynn.ie/careers/,0,P5 — Optional / low-density,Optional,Construction,Only show role-relevant corporate/analytics/BI/BA/ERP/technology/transformation vacancies,Keep only profile-relevant professional roles; part-time allowed only when directly relevant,"Exclude generic sales, retail, hospitality, customer service, frontline, warehouse and unrelated operational roles",,Construction/project-delivery focused; low target-role density.,hidden,lower_priority_companies,FALSE,dropped_but_optional,,
580,FRS Recruitment,https://frsrecruitment.com,0,P5 — Optional / low-density,Optional,,Only show role-relevant corporate/analytics/BI/BA/ERP/technology/transformation vacancies,Keep only profile-relevant professional roles; part-time allowed only when directly relevant,"Exclude generic sales, retail, hospitality, customer service, frontline, warehouse and unrelated operational roles",,Recruitment agency/intermediary; broad staffing mix rather than a target corporate employer.,hidden,lower_priority_companies,FALSE,dropped_but_optional,,
581,H&M Ireland,https://career.hm.com/,0,P5 — Optional / low-density,Optional,,Only show role-relevant corporate/analytics/BI/BA/ERP/technology/transformation vacancies,Keep only profile-relevant professional roles; part-time allowed only when directly relevant,"Exclude generic sales, retail, hospitality, customer service, frontline, warehouse and unrelated operational roles",,Retail/store hiring dominates; low relevance to target role families.,hidden,lower_priority_companies,FALSE,dropped_but_optional,,
582,Halfords Ireland,https://www.halfordscareers.com/,0,P5 — Optional / low-density,Optional,,Only show role-relevant corporate/analytics/BI/BA/ERP/technology/transformation vacancies,Keep only profile-relevant professional roles; part-time allowed only when directly relevant,"Exclude generic sales, retail, hospitality, customer service, frontline, warehouse and unrelated operational roles",,Retail/service operations dominate; limited corporate analytics/consulting role density.,hidden,lower_priority_companies,FALSE,dropped_but_optional,,
583,Harvey Nash Ireland,https://www.harveynash.ie/,0,P5 — Optional / low-density,Optional,,Only show role-relevant corporate/analytics/BI/BA/ERP/technology/transformation vacancies,Keep only profile-relevant professional roles; part-time allowed only when directly relevant,"Exclude generic sales, retail, hospitality, customer service, frontline, warehouse and unrelated operational roles",,Recruitment agency/intermediary; direct employer monitoring is cleaner and less duplicative.,hidden,lower_priority_companies,FALSE,dropped_but_optional,,
584,Harvey Norman Ireland,https://www.harveynorman.ie/careers.html,0,P5 — Optional / low-density,Optional,Retail,Only show role-relevant corporate/analytics/BI/BA/ERP/technology/transformation vacancies,Keep only profile-relevant professional roles; part-time allowed only when directly relevant,"Exclude generic sales, retail, hospitality, customer service, frontline, warehouse and unrelated operational roles",,Retail/store and logistics-heavy; low target-role density.,hidden,lower_priority_companies,FALSE,dropped_but_optional,,
585,Hays Ireland,https://www.hays.ie/job-search,0,P5 — Optional / low-density,Optional,,Only show role-relevant corporate/analytics/BI/BA/ERP/technology/transformation vacancies,Keep only profile-relevant professional roles; part-time allowed only when directly relevant,"Exclude generic sales, retail, hospitality, customer service, frontline, warehouse and unrelated operational roles",,Recruitment agency/intermediary; broad staffing listings rather than one target corporate career path.,hidden,lower_priority_companies,FALSE,dropped_but_optional,,
586,Holland & Barrett Ireland,https://www.hollandandbarrett.com/careers/,0,P5 — Optional / low-density,Optional,,Only show role-relevant corporate/analytics/BI/BA/ERP/technology/transformation vacancies,Keep only profile-relevant professional roles; part-time allowed only when directly relevant,"Exclude generic sales, retail, hospitality, customer service, frontline, warehouse and unrelated operational roles",,Retail/store-heavy hiring; limited target corporate role density.,hidden,lower_priority_companies,FALSE,dropped_but_optional,,
587,IKEA Ireland,https://jobs.ikea.com/,0,P5 — Optional / low-density,Optional,Retail,Only show role-relevant corporate/analytics/BI/BA/ERP/technology/transformation vacancies,Keep only profile-relevant professional roles; part-time allowed only when directly relevant,"Exclude generic sales, retail, hospitality, customer service, frontline, warehouse and unrelated operational roles",,Large retail/operations workforce; target corporate roles are comparatively infrequent in Ireland.,hidden,lower_priority_companies,FALSE,dropped_but_optional,,
588,Intersport Elverys,https://www.elverys.ie/careers,0,P5 — Optional / low-density,Optional,,Only show role-relevant corporate/analytics/BI/BA/ERP/technology/transformation vacancies,Keep only profile-relevant professional roles; part-time allowed only when directly relevant,"Exclude generic sales, retail, hospitality, customer service, frontline, warehouse and unrelated operational roles",,Retail/store-heavy employer; low target-role density.,hidden,lower_priority_companies,FALSE,dropped_but_optional,,
589,JD Sports Ireland,https://www.jdsports.co.uk/page/careers/,0,P5 — Optional / low-density,Optional,,Only show role-relevant corporate/analytics/BI/BA/ERP/technology/transformation vacancies,Keep only profile-relevant professional roles; part-time allowed only when directly relevant,"Exclude generic sales, retail, hospitality, customer service, frontline, warehouse and unrelated operational roles",,Retail/store-heavy hiring; limited relevance to target career families.,hidden,lower_priority_companies,FALSE,dropped_but_optional,,
590,John Paul Construction,https://www.johnpaul.ie/careers/,0,P5 — Optional / low-density,Optional,Construction,Only show role-relevant corporate/analytics/BI/BA/ERP/technology/transformation vacancies,Keep only profile-relevant professional roles; part-time allowed only when directly relevant,"Exclude generic sales, retail, hospitality, customer service, frontline, warehouse and unrelated operational roles",,Construction/project-delivery focused; limited density of target role families.,hidden,lower_priority_companies,FALSE,dropped_but_optional,,
591,Jones Engineering,https://joneseng.com/careers/,0,P5 — Optional / low-density,Optional,,Only show role-relevant corporate/analytics/BI/BA/ERP/technology/transformation vacancies,Keep only profile-relevant professional roles; part-time allowed only when directly relevant,"Exclude generic sales, retail, hospitality, customer service, frontline, warehouse and unrelated operational roles",,Engineering/construction delivery dominates; low target-role density.,hidden,lower_priority_companies,FALSE,dropped_but_optional,,
592,JYSK Ireland,https://jobs.jysk.ie/,0,P5 — Optional / low-density,Optional,Retail,Only show role-relevant corporate/analytics/BI/BA/ERP/technology/transformation vacancies,Keep only profile-relevant professional roles; part-time allowed only when directly relevant,"Exclude generic sales, retail, hospitality, customer service, frontline, warehouse and unrelated operational roles",,Retail/store and warehouse-heavy hiring; low target-role density.,hidden,lower_priority_companies,FALSE,dropped_but_optional,,
593,Kepak Group,https://www.kepak.com/careers/,0,P5 — Optional / low-density,Optional,,Only show role-relevant corporate/analytics/BI/BA/ERP/technology/transformation vacancies,Keep only profile-relevant professional roles; part-time allowed only when directly relevant,"Exclude generic sales, retail, hospitality, customer service, frontline, warehouse and unrelated operational roles",,Food/manufacturing operations dominate; low target-role density.,hidden,lower_priority_companies,FALSE,dropped_but_optional,,
594,Lidl Ireland,https://jobs.lidl.ie/,0,P5 — Optional / low-density,Optional,,Only show role-relevant corporate/analytics/BI/BA/ERP/technology/transformation vacancies,Keep only profile-relevant professional roles; part-time allowed only when directly relevant,"Exclude generic sales, retail, hospitality, customer service, frontline, warehouse and unrelated operational roles",,Large frontline/retail/logistics hiring mix; corporate roles exist but are too sparse for this curated set.,hidden,lower_priority_companies,FALSE,dropped_but_optional,,
595,Life Style Sports,https://www.lifestylesports.com/ie/careers.html,0,P5 — Optional / low-density,Optional,,Only show role-relevant corporate/analytics/BI/BA/ERP/technology/transformation vacancies,Keep only profile-relevant professional roles; part-time allowed only when directly relevant,"Exclude generic sales, retail, hospitality, customer service, frontline, warehouse and unrelated operational roles",,Retail/store-heavy employer; limited target-role density.,hidden,lower_priority_companies,FALSE,dropped_but_optional,,
596,Maldron Hotels,https://www.maldronhotels.com/careers/,0,P5 — Optional / low-density,Optional,,Only show role-relevant corporate/analytics/BI/BA/ERP/technology/transformation vacancies,Keep only profile-relevant professional roles; part-time allowed only when directly relevant,"Exclude generic sales, retail, hospitality, customer service, frontline, warehouse and unrelated operational roles",,Hospitality operations dominate; limited target-role density.,hidden,lower_priority_companies,FALSE,dropped_but_optional,,
597,Manpower Ireland,https://www.manpower.ie/,0,P5 — Optional / low-density,Optional,,Only show role-relevant corporate/analytics/BI/BA/ERP/technology/transformation vacancies,Keep only profile-relevant professional roles; part-time allowed only when directly relevant,"Exclude generic sales, retail, hospitality, customer service, frontline, warehouse and unrelated operational roles",,Recruitment/staffing intermediary; lower strategic value than direct corporate sources.,hidden,lower_priority_companies,FALSE,dropped_but_optional,,
598,Marks & Spencer Ireland,https://jobs.marksandspencer.com/search-jobs/Ireland,0,P5 — Optional / low-density,Optional,,Only show role-relevant corporate/analytics/BI/BA/ERP/technology/transformation vacancies,Keep only profile-relevant professional roles; part-time allowed only when directly relevant,"Exclude generic sales, retail, hospitality, customer service, frontline, warehouse and unrelated operational roles",,Retail/store-heavy workforce; target corporate roles comparatively sparse.,hidden,lower_priority_companies,FALSE,dropped_but_optional,,
599,McCabes Pharmacy,https://mccabespharmacy.com/pages/careers,0,P5 — Optional / low-density,Optional,Retail / Pharmacy,Only show role-relevant corporate/analytics/BI/BA/ERP/technology/transformation vacancies,Keep only profile-relevant professional roles; part-time allowed only when directly relevant,"Exclude generic sales, retail, hospitality, customer service, frontline, warehouse and unrelated operational roles",,Pharmacy/retail operations dominate hiring; low target-role density.,hidden,lower_priority_companies,FALSE,dropped_but_optional,,
600,McDonald's Ireland,https://people.mcdonalds.ie/,0,P5 — Optional / low-density,Optional,Hospitality / Food Service,Only show role-relevant corporate/analytics/BI/BA/ERP/technology/transformation vacancies,Keep only profile-relevant professional roles; part-time allowed only when directly relevant,"Exclude generic sales, retail, hospitality, customer service, frontline, warehouse and unrelated operational roles",,Restaurant/frontline operations dominate; weak fit for the target professional role families.,hidden,lower_priority_companies,FALSE,dropped_but_optional,,
601,Mitie Ireland,https://mitie.ie/careers/,0,P5 — Optional / low-density,Optional,Facilities Management,Only show role-relevant corporate/analytics/BI/BA/ERP/technology/transformation vacancies,Keep only profile-relevant professional roles; part-time allowed only when directly relevant,"Exclude generic sales, retail, hospitality, customer service, frontline, warehouse and unrelated operational roles",,Facilities-management/frontline operations dominate; lower fit than technology/consulting alternatives.,hidden,lower_priority_companies,FALSE,dropped_but_optional,,
602,Morgan McKinley,https://www.morganmckinley.com/ie/jobs,0,P5 — Optional / low-density,Optional,,Only show role-relevant corporate/analytics/BI/BA/ERP/technology/transformation vacancies,Keep only profile-relevant professional roles; part-time allowed only when directly relevant,"Exclude generic sales, retail, hospitality, customer service, frontline, warehouse and unrelated operational roles",,Recruitment agency/intermediary; duplicates client hiring and obscures original employer source.,hidden,lower_priority_companies,FALSE,dropped_but_optional,,
603,Next Ireland,https://careers.next.co.uk/,0,P5 — Optional / low-density,Optional,,Only show role-relevant corporate/analytics/BI/BA/ERP/technology/transformation vacancies,Keep only profile-relevant professional roles; part-time allowed only when directly relevant,"Exclude generic sales, retail, hospitality, customer service, frontline, warehouse and unrelated operational roles",,Retail/store-heavy hiring; limited target-role density.,hidden,lower_priority_companies,FALSE,dropped_but_optional,,
604,Press Up Hospitality Group,https://pressup.ie/careers/,0,P5 — Optional / low-density,Optional,,Only show role-relevant corporate/analytics/BI/BA/ERP/technology/transformation vacancies,Keep only profile-relevant professional roles; part-time allowed only when directly relevant,"Exclude generic sales, retail, hospitality, customer service, frontline, warehouse and unrelated operational roles",,Hospitality operations dominate; limited target-role density.,hidden,lower_priority_companies,FALSE,dropped_but_optional,,
605,Primark / Penneys,https://careers.primark.com/location/ireland-jobs/1630/2963597/2,0,P5 — Optional / low-density,Optional,,Only show role-relevant corporate/analytics/BI/BA/ERP/technology/transformation vacancies,Keep only profile-relevant professional roles; part-time allowed only when directly relevant,"Exclude generic sales, retail, hospitality, customer service, frontline, warehouse and unrelated operational roles",,Retail/store-heavy hiring; corporate roles exist but Ireland target-role density is comparatively low.,hidden,lower_priority_companies,FALSE,dropped_but_optional,,
606,RCSI,https://www.rcsi.com/dublin/about/careers,0,P5 — Optional / low-density,Optional,Higher Education / Healthcare,Only show role-relevant corporate/analytics/BI/BA/ERP/technology/transformation vacancies,Keep only profile-relevant professional roles; part-time allowed only when directly relevant,"Exclude generic sales, retail, hospitality, customer service, frontline, warehouse and unrelated operational roles",,Higher-education/academic employer; lower target-role density for this corporate radar.,hidden,lower_priority_companies,FALSE,dropped_but_optional,,
607,Reperio Human Capital,https://reperiohumancapital.com,0,P5 — Optional / low-density,Optional,,Only show role-relevant corporate/analytics/BI/BA/ERP/technology/transformation vacancies,Keep only profile-relevant professional roles; part-time allowed only when directly relevant,"Exclude generic sales, retail, hospitality, customer service, frontline, warehouse and unrelated operational roles",,"Recruitment agency/intermediary; useful as a job board, but not as a target employer in the curated 500.",hidden,lower_priority_companies,FALSE,dropped_but_optional,,
608,Securitas Ireland,https://www.securitas.ie/careers/,0,P5 — Optional / low-density,Optional,Security Services,Only show role-relevant corporate/analytics/BI/BA/ERP/technology/transformation vacancies,Keep only profile-relevant professional roles; part-time allowed only when directly relevant,"Exclude generic sales, retail, hospitality, customer service, frontline, warehouse and unrelated operational roles",,Security/frontline operations dominate; low relevance to target corporate role families.,hidden,lower_priority_companies,FALSE,dropped_but_optional,,
609,Sigmar Recruitment,https://www.sigmarrecruitment.com/jobs,0,P5 — Optional / low-density,Optional,,Only show role-relevant corporate/analytics/BI/BA/ERP/technology/transformation vacancies,Keep only profile-relevant professional roles; part-time allowed only when directly relevant,"Exclude generic sales, retail, hospitality, customer service, frontline, warehouse and unrelated operational roles",,Recruitment agency/intermediary; direct-company sources preferred.,hidden,lower_priority_companies,FALSE,dropped_but_optional,,
610,Smyths Toys Superstores,https://careers.smythstoys.com/,0,P5 — Optional / low-density,Optional,,Only show role-relevant corporate/analytics/BI/BA/ERP/technology/transformation vacancies,Keep only profile-relevant professional roles; part-time allowed only when directly relevant,"Exclude generic sales, retail, hospitality, customer service, frontline, warehouse and unrelated operational roles",,Retail/store and logistics-heavy; low target-role density.,hidden,lower_priority_companies,FALSE,dropped_but_optional,,
611,Sodexo Ireland,https://jobs.sodexo.com/,0,P5 — Optional / low-density,Optional,Facilities / Food Services,Only show role-relevant corporate/analytics/BI/BA/ERP/technology/transformation vacancies,Keep only profile-relevant professional roles; part-time allowed only when directly relevant,"Exclude generic sales, retail, hospitality, customer service, frontline, warehouse and unrelated operational roles",,Facilities/food-service operations dominate; low target-role density.,hidden,lower_priority_companies,FALSE,dropped_but_optional,,
612,Storm3,https://storm3.com,0,P5 — Optional / low-density,Optional,,Only show role-relevant corporate/analytics/BI/BA/ERP/technology/transformation vacancies,Keep only profile-relevant professional roles; part-time allowed only when directly relevant,"Exclude generic sales, retail, hospitality, customer service, frontline, warehouse and unrelated operational roles",,Recruitment agency/intermediary; not a target corporate employer for the curated radar.,hidden,lower_priority_companies,FALSE,dropped_but_optional,,
613,Suir Engineering,https://suireng.ie/careers/,0,P5 — Optional / low-density,Optional,Engineering / Construction,Only show role-relevant corporate/analytics/BI/BA/ERP/technology/transformation vacancies,Keep only profile-relevant professional roles; part-time allowed only when directly relevant,"Exclude generic sales, retail, hospitality, customer service, frontline, warehouse and unrelated operational roles",,Engineering/construction project delivery dominates; lower fit than technology/analytics alternatives.,hidden,lower_priority_companies,FALSE,dropped_but_optional,,
614,Superdrug Ireland,https://www.superdrug.jobs/,0,P5 — Optional / low-density,Optional,,Only show role-relevant corporate/analytics/BI/BA/ERP/technology/transformation vacancies,Keep only profile-relevant professional roles; part-time allowed only when directly relevant,"Exclude generic sales, retail, hospitality, customer service, frontline, warehouse and unrelated operational roles",,Retail/store-heavy hiring; limited target corporate role density.,hidden,lower_priority_companies,FALSE,dropped_but_optional,,
615,Trinity College Dublin (TCD),https://www.tcd.ie/hr/vacancies/,0,P5 — Optional / low-density,Optional,,Only show role-relevant corporate/analytics/BI/BA/ERP/technology/transformation vacancies,Keep only profile-relevant professional roles; part-time allowed only when directly relevant,"Exclude generic sales, retail, hospitality, customer service, frontline, warehouse and unrelated operational roles",,Higher-education employer; lower fit for the targeted private-sector corporate career path.,hidden,lower_priority_companies,FALSE,dropped_but_optional,,
616,Waterstones Ireland,https://www.waterstones.com/careers,0,P5 — Optional / low-density,Optional,,Only show role-relevant corporate/analytics/BI/BA/ERP/technology/transformation vacancies,Keep only profile-relevant professional roles; part-time allowed only when directly relevant,"Exclude generic sales, retail, hospitality, customer service, frontline, warehouse and unrelated operational roles",,Retail/store-heavy employer; low target-role density.,hidden,lower_priority_companies,FALSE,dropped_but_optional,,
