dashboard_rank,company_name,career_url,harshit_priority_score,priority_tier,profile_priority,sector,best_fit_role_families,employment_rule,generic_sales_frontline_rule,secondary_finance_score,why_it_fits_or_drop_reason,dashboard_default_visibility,dashboard_optional_group,include_in_scrape_registry,source_status
1,Accenture,https://accenture.wd103.myworkdayjobs.com/AccentureCareers,100,P1 — Focus,Harshit primary,Tech Consulting / Enterprise,Business Analyst; ERP/D365/Implementation Analyst; Technology Consultant; BI Analyst,Keep any employment type when role-relevant; exclude generic part-time work,"Exclude generic sales, retail, hospitality, customer service and frontline roles",81,"Your ERP/D365, UAT, SQL/Python and client-delivery background maps directly to implementation/transformation roles.",visible,core_harshit,yes,retained_or_replacement
2,Deloitte Ireland,https://deloitteie.wd3.myworkdayjobs.com/experienced_professionals,100,P1 — Focus,Harshit primary,Tech Consulting / Enterprise,Business Analyst; ERP/D365/Implementation Analyst; Technology Consultant; BI Analyst,Keep any employment type when role-relevant; exclude generic part-time work,"Exclude generic sales, retail, hospitality, customer service and frontline roles",81,"Your ERP/D365, UAT, SQL/Python and client-delivery background maps directly to implementation/transformation roles.",visible,core_harshit,yes,retained_or_replacement
3,EY Ireland,https://www.ey.com/en_ie/careers,100,P1 — Focus,Harshit primary,Tech Consulting / Enterprise,Business Analyst; ERP/D365/Implementation Analyst; Technology Consultant; BI Analyst,Keep any employment type when role-relevant; exclude generic part-time work,"Exclude generic sales, retail, hospitality, customer service and frontline roles",81,"Your ERP/D365, UAT, SQL/Python and client-delivery background maps directly to implementation/transformation roles.",visible,core_harshit,yes,retained_or_replacement
4,KPMG Ireland,https://kpmg.com/ie/en/home/careers.html,100,P1 — Focus,Harshit primary,Tech Consulting / Enterprise,Business Analyst; ERP/D365/Implementation Analyst; Technology Consultant; BI Analyst,Keep any employment type when role-relevant; exclude generic part-time work,"Exclude generic sales, retail, hospitality, customer service and frontline roles",81,"Your ERP/D365, UAT, SQL/Python and client-delivery background maps directly to implementation/transformation roles.",visible,core_harshit,yes,retained_or_replacement
5,Oracle,https://eeho.fa.us2.oraclecloud.com/hcmUI/CandidateExperience/en/sites/CX_1/requisitions?location=Ireland,100,P1 — Focus,Harshit primary,Tech Consulting / Enterprise,Business Analyst; ERP/D365/Implementation Analyst; Technology Consultant; BI Analyst,Keep any employment type when role-relevant; exclude generic part-time work,"Exclude generic sales, retail, hospitality, customer service and frontline roles",81,"Your ERP/D365, UAT, SQL/Python and client-delivery background maps directly to implementation/transformation roles.",visible,core_harshit,yes,retained_or_replacement
6,PwC Ireland,https://pwc.wd3.myworkdayjobs.com/Global_Experienced_Careers,100,P1 — Focus,Harshit primary,Tech Consulting / Enterprise,Business Analyst; ERP/D365/Implementation Analyst; Technology Consultant; BI Analyst,Keep any employment type when role-relevant; exclude generic part-time work,"Exclude generic sales, retail, hospitality, customer service and frontline roles",81,"Your ERP/D365, UAT, SQL/Python and client-delivery background maps directly to implementation/transformation roles.",visible,core_harshit,yes,retained_or_replacement
7,SAP,https://jobs.sap.com/search/?q=&locationsearch=Ireland,100,P1 — Focus,Harshit primary,Tech Consulting / Enterprise,Business Analyst; ERP/D365/Implementation Analyst; Technology Consultant; BI Analyst,Keep any employment type when role-relevant; exclude generic part-time work,"Exclude generic sales, retail, hospitality, customer service and frontline roles",81,"Your ERP/D365, UAT, SQL/Python and client-delivery background maps directly to implementation/transformation roles.",visible,core_harshit,yes,retained_or_replacement
8,GridBeyond,https://gridbeyond.com/careers/,100,P1 — Focus,Harshit primary,Industrial / Operations,Operations/Supply Chain Analyst; Business Analyst; ERP/BI Analyst,Keep any employment type when role-relevant; exclude generic part-time work,"Exclude generic sales, retail, hospitality, customer service and frontline roles",76,"Engineering + ERP + operations/process experience is a differentiated fit; target digital, supply-chain and systems analytics.",visible,core_harshit,yes,retained_or_replacement
9,Introba,https://www.introba.com/careers,100,P1 — Focus,Harshit primary,Industrial / Operations,Operations/Supply Chain Analyst; Business Analyst; ERP/BI Analyst,Keep any employment type when role-relevant; exclude generic part-time work,"Exclude generic sales, retail, hospitality, customer service and frontline roles",76,"Engineering + ERP + operations/process experience is a differentiated fit; target digital, supply-chain and systems analytics.",visible,core_harshit,yes,retained_or_replacement
10,LetsGetChecked,https://www.letsgetchecked.com/careers/,100,P1 — Focus,Harshit primary,Industrial / Operations,Operations/Supply Chain Analyst; Business Analyst; ERP/BI Analyst,Keep any employment type when role-relevant; exclude generic part-time work,"Exclude generic sales, retail, hospitality, customer service and frontline roles",76,"Engineering + ERP + operations/process experience is a differentiated fit; target digital, supply-chain and systems analytics.",visible,core_harshit,yes,retained_or_replacement
11,Publift,https://www.publift.com/careers,100,P1 — Focus,Harshit primary,Industrial / Operations,Operations/Supply Chain Analyst; Business Analyst; ERP/BI Analyst,Keep any employment type when role-relevant; exclude generic part-time work,"Exclude generic sales, retail, hospitality, customer service and frontline roles",76,"Engineering + ERP + operations/process experience is a differentiated fit; target digital, supply-chain and systems analytics.",visible,core_harshit,yes,retained_or_replacement
12,ActionPoint,https://www.actionpoint.ie/careers/,99,P1 — Focus,Harshit primary,Tech Consulting / Enterprise,Business Analyst; ERP/D365/Implementation Analyst; Technology Consultant; BI Analyst,Keep any employment type when role-relevant; exclude generic part-time work,"Exclude generic sales, retail, hospitality, customer service and frontline roles",78,"Your ERP/D365, UAT, SQL/Python and client-delivery background maps directly to implementation/transformation roles.",visible,core_harshit,yes,retained_or_replacement
13,Auxilion,https://www.auxilion.com/auxilion-careers,99,P1 — Focus,Harshit primary,Tech Consulting / Enterprise,Business Analyst; ERP/D365/Implementation Analyst; Technology Consultant; BI Analyst,Keep any employment type when role-relevant; exclude generic part-time work,"Exclude generic sales, retail, hospitality, customer service and frontline roles",78,"Your ERP/D365, UAT, SQL/Python and client-delivery background maps directly to implementation/transformation roles.",visible,core_harshit,yes,retained_or_replacement
14,Avanade,https://www.avanade.com/en/career,99,P1 — Focus,Harshit primary,Tech Consulting / Enterprise,Business Analyst; ERP/D365/Implementation Analyst; Technology Consultant; BI Analyst,Keep any employment type when role-relevant; exclude generic part-time work,"Exclude generic sales, retail, hospitality, customer service and frontline roles",78,"Your ERP/D365, UAT, SQL/Python and client-delivery background maps directly to implementation/transformation roles.",visible,core_harshit,yes,retained_or_replacement
15,BearingPoint,https://bearingpoint.com/en/careers,99,P1 — Focus,Harshit primary,Tech Consulting / Enterprise,Business Analyst; ERP/D365/Implementation Analyst; Technology Consultant; BI Analyst,Keep any employment type when role-relevant; exclude generic part-time work,"Exclude generic sales, retail, hospitality, customer service and frontline roles",78,"Your ERP/D365, UAT, SQL/Python and client-delivery background maps directly to implementation/transformation roles.",visible,core_harshit,yes,retained_or_replacement
16,Capgemini,https://www.capgemini.com/careers/,99,P1 — Focus,Harshit primary,Tech Consulting / Enterprise,Business Analyst; ERP/D365/Implementation Analyst; Technology Consultant; BI Analyst,Keep any employment type when role-relevant; exclude generic part-time work,"Exclude generic sales, retail, hospitality, customer service and frontline roles",78,"Your ERP/D365, UAT, SQL/Python and client-delivery background maps directly to implementation/transformation roles.",visible,core_harshit,yes,retained_or_replacement
17,Cisco,https://jobs.cisco.com/main/jobs?location=Ireland,99,P1 — Focus,Harshit primary,Tech Consulting / Enterprise,Business Analyst; ERP/D365/Implementation Analyst; Technology Consultant; BI Analyst,Keep any employment type when role-relevant; exclude generic part-time work,"Exclude generic sales, retail, hospitality, customer service and frontline roles",78,"Your ERP/D365, UAT, SQL/Python and client-delivery background maps directly to implementation/transformation roles.",visible,core_harshit,yes,retained_or_replacement
18,Cognizant,https://careers.cognizant.com/global/en,99,P1 — Focus,Harshit primary,Tech Consulting / Enterprise,Business Analyst; ERP/D365/Implementation Analyst; Technology Consultant; BI Analyst,Keep any employment type when role-relevant; exclude generic part-time work,"Exclude generic sales, retail, hospitality, customer service and frontline roles",78,"Your ERP/D365, UAT, SQL/Python and client-delivery background maps directly to implementation/transformation roles.",visible,core_harshit,yes,retained_or_replacement
19,DXC Technology,https://dxc.wd1.myworkdayjobs.com/DXC_Jobs,99,P1 — Focus,Harshit primary,Tech Consulting / Enterprise,Business Analyst; ERP/D365/Implementation Analyst; Technology Consultant; BI Analyst,Keep any employment type when role-relevant; exclude generic part-time work,"Exclude generic sales, retail, hospitality, customer service and frontline roles",78,"Your ERP/D365, UAT, SQL/Python and client-delivery background maps directly to implementation/transformation roles.",visible,core_harshit,yes,retained_or_replacement
20,Dell Technologies,https://jobs.dell.com/location/ireland-jobs/375/2963597/2,99,P1 — Focus,Harshit primary,Tech Consulting / Enterprise,Business Analyst; ERP/D365/Implementation Analyst; Technology Consultant; BI Analyst,Keep any employment type when role-relevant; exclude generic part-time work,"Exclude generic sales, retail, hospitality, customer service and frontline roles",78,"Your ERP/D365, UAT, SQL/Python and client-delivery background maps directly to implementation/transformation roles.",visible,core_harshit,yes,retained_or_replacement
21,Ekco,https://www.ek.co/careers/,99,P1 — Focus,Harshit primary,Tech Consulting / Enterprise,Business Analyst; ERP/D365/Implementation Analyst; Technology Consultant; BI Analyst,Keep any employment type when role-relevant; exclude generic part-time work,"Exclude generic sales, retail, hospitality, customer service and frontline roles",78,"Your ERP/D365, UAT, SQL/Python and client-delivery background maps directly to implementation/transformation roles.",visible,core_harshit,yes,retained_or_replacement
22,Ericsson,https://jobs.ericsson.com/search/?q=&locationsearch=Ireland,99,P1 — Focus,Harshit primary,Tech Consulting / Enterprise,Business Analyst; ERP/D365/Implementation Analyst; Technology Consultant; BI Analyst,Keep any employment type when role-relevant; exclude generic part-time work,"Exclude generic sales, retail, hospitality, customer service and frontline roles",78,"Your ERP/D365, UAT, SQL/Python and client-delivery background maps directly to implementation/transformation roles.",visible,core_harshit,yes,retained_or_replacement
23,Fujitsu,https://fujitsu.com/ie/about/careers,99,P1 — Focus,Harshit primary,Tech Consulting / Enterprise,Business Analyst; ERP/D365/Implementation Analyst; Technology Consultant; BI Analyst,Keep any employment type when role-relevant; exclude generic part-time work,"Exclude generic sales, retail, hospitality, customer service and frontline roles",78,"Your ERP/D365, UAT, SQL/Python and client-delivery background maps directly to implementation/transformation roles.",visible,core_harshit,yes,retained_or_replacement
24,HCLTech,https://www.hcltech.com/careers,99,P1 — Focus,Harshit primary,Tech Consulting / Enterprise,Business Analyst; ERP/D365/Implementation Analyst; Technology Consultant; BI Analyst,Keep any employment type when role-relevant; exclude generic part-time work,"Exclude generic sales, retail, hospitality, customer service and frontline roles",78,"Your ERP/D365, UAT, SQL/Python and client-delivery background maps directly to implementation/transformation roles.",visible,core_harshit,yes,retained_or_replacement
25,IBM,https://www.ibm.com/careers/search?field_keyword_05[0]=Ireland,99,P1 — Focus,Harshit primary,Tech Consulting / Enterprise,Business Analyst; ERP/D365/Implementation Analyst; Technology Consultant; BI Analyst,Keep any employment type when role-relevant; exclude generic part-time work,"Exclude generic sales, retail, hospitality, customer service and frontline roles",78,"Your ERP/D365, UAT, SQL/Python and client-delivery background maps directly to implementation/transformation roles.",visible,core_harshit,yes,retained_or_replacement
26,Infosys,https://www.infosys.com/careers.html,99,P1 — Focus,Harshit primary,Tech Consulting / Enterprise,Business Analyst; ERP/D365/Implementation Analyst; Technology Consultant; BI Analyst,Keep any employment type when role-relevant; exclude generic part-time work,"Exclude generic sales, retail, hospitality, customer service and frontline roles",78,"Your ERP/D365, UAT, SQL/Python and client-delivery background maps directly to implementation/transformation roles.",visible,core_harshit,yes,retained_or_replacement
27,Integrity360,https://www.integrity360.com/careers,99,P1 — Focus,Harshit primary,Tech Consulting / Enterprise,Business Analyst; ERP/D365/Implementation Analyst; Technology Consultant; BI Analyst,Keep any employment type when role-relevant; exclude generic part-time work,"Exclude generic sales, retail, hospitality, customer service and frontline roles",78,"Your ERP/D365, UAT, SQL/Python and client-delivery background maps directly to implementation/transformation roles.",visible,core_harshit,yes,retained_or_replacement
28,Kyndryl,https://www.kyndryl.com/us/en/careers,99,P1 — Focus,Harshit primary,Tech Consulting / Enterprise,Business Analyst; ERP/D365/Implementation Analyst; Technology Consultant; BI Analyst,Keep any employment type when role-relevant; exclude generic part-time work,"Exclude generic sales, retail, hospitality, customer service and frontline roles",78,"Your ERP/D365, UAT, SQL/Python and client-delivery background maps directly to implementation/transformation roles.",visible,core_harshit,yes,retained_or_replacement
29,NTT DATA,https://careers.nttdata.com/,99,P1 — Focus,Harshit primary,Tech Consulting / Enterprise,Business Analyst; ERP/D365/Implementation Analyst; Technology Consultant; BI Analyst,Keep any employment type when role-relevant; exclude generic part-time work,"Exclude generic sales, retail, hospitality, customer service and frontline roles",78,"Your ERP/D365, UAT, SQL/Python and client-delivery background maps directly to implementation/transformation roles.",visible,core_harshit,yes,retained_or_replacement
30,Noesis,https://www.noesis.pt/en/careers,99,P1 — Focus,Harshit primary,Tech Consulting / Enterprise,Business Analyst; ERP/D365/Implementation Analyst; Technology Consultant; BI Analyst,Keep any employment type when role-relevant; exclude generic part-time work,"Exclude generic sales, retail, hospitality, customer service and frontline roles",78,"Your ERP/D365, UAT, SQL/Python and client-delivery background maps directly to implementation/transformation roles.",visible,core_harshit,yes,retained_or_replacement
31,OpenText,https://careers.opentext.com/,99,P1 — Focus,Harshit primary,Tech Consulting / Enterprise,Business Analyst; ERP/D365/Implementation Analyst; Technology Consultant; BI Analyst,Keep any employment type when role-relevant; exclude generic part-time work,"Exclude generic sales, retail, hospitality, customer service and frontline roles",78,"Your ERP/D365, UAT, SQL/Python and client-delivery background maps directly to implementation/transformation roles.",visible,core_harshit,yes,retained_or_replacement
32,Quest Software,https://careers.quest.com/,99,P1 — Focus,Harshit primary,Tech Consulting / Enterprise,Business Analyst; ERP/D365/Implementation Analyst; Technology Consultant; BI Analyst,Keep any employment type when role-relevant; exclude generic part-time work,"Exclude generic sales, retail, hospitality, customer service and frontline roles",78,"Your ERP/D365, UAT, SQL/Python and client-delivery background maps directly to implementation/transformation roles.",visible,core_harshit,yes,retained_or_replacement
33,Red Hat,https://www.redhat.com/en/jobs,99,P1 — Focus,Harshit primary,Tech Consulting / Enterprise,Business Analyst; ERP/D365/Implementation Analyst; Technology Consultant; BI Analyst,Keep any employment type when role-relevant; exclude generic part-time work,"Exclude generic sales, retail, hospitality, customer service and frontline roles",78,"Your ERP/D365, UAT, SQL/Python and client-delivery background maps directly to implementation/transformation roles.",visible,core_harshit,yes,retained_or_replacement
34,SolarWinds,https://jobs.solarwinds.com/,99,P1 — Focus,Harshit primary,Tech Consulting / Enterprise,Business Analyst; ERP/D365/Implementation Analyst; Technology Consultant; BI Analyst,Keep any employment type when role-relevant; exclude generic part-time work,"Exclude generic sales, retail, hospitality, customer service and frontline roles",78,"Your ERP/D365, UAT, SQL/Python and client-delivery background maps directly to implementation/transformation roles.",visible,core_harshit,yes,retained_or_replacement
35,Tata Consultancy Services (TCS),https://www.tcs.com/careers,99,P1 — Focus,Harshit primary,Tech Consulting / Enterprise,Business Analyst; ERP/D365/Implementation Analyst; Technology Consultant; BI Analyst,Keep any employment type when role-relevant; exclude generic part-time work,"Exclude generic sales, retail, hospitality, customer service and frontline roles",78,"Your ERP/D365, UAT, SQL/Python and client-delivery background maps directly to implementation/transformation roles.",visible,core_harshit,yes,retained_or_replacement
36,Tricentis,https://www.tricentis.com/company/careers,99,P1 — Focus,Harshit primary,Tech Consulting / Enterprise,Business Analyst; ERP/D365/Implementation Analyst; Technology Consultant; BI Analyst,Keep any employment type when role-relevant; exclude generic part-time work,"Exclude generic sales, retail, hospitality, customer service and frontline roles",78,"Your ERP/D365, UAT, SQL/Python and client-delivery background maps directly to implementation/transformation roles.",visible,core_harshit,yes,retained_or_replacement
37,Version 1,https://www.version1.com/careers/,99,P1 — Focus,Harshit primary,Tech Consulting / Enterprise,Business Analyst; ERP/D365/Implementation Analyst; Technology Consultant; BI Analyst,Keep any employment type when role-relevant; exclude generic part-time work,"Exclude generic sales, retail, hospitality, customer service and frontline roles",78,"Your ERP/D365, UAT, SQL/Python and client-delivery background maps directly to implementation/transformation roles.",visible,core_harshit,yes,retained_or_replacement
38,Wipro,https://careers.wipro.com/,99,P1 — Focus,Harshit primary,Tech Consulting / Enterprise,Business Analyst; ERP/D365/Implementation Analyst; Technology Consultant; BI Analyst,Keep any employment type when role-relevant; exclude generic part-time work,"Exclude generic sales, retail, hospitality, customer service and frontline roles",78,"Your ERP/D365, UAT, SQL/Python and client-delivery background maps directly to implementation/transformation roles.",visible,core_harshit,yes,retained_or_replacement
39,Codec,https://www.codec.ie/careers,92,P1 — Focus,Harshit primary,Corporate / Services,Business Analyst; Data/BI Analyst; Operations/Transformation Analyst,Keep any employment type when role-relevant; exclude generic part-time work,"Exclude generic sales, retail, hospitality, customer service and frontline roles",68,"Solid transferable fit for business analysis, BI, transformation and operations roles; exact vacancy and referral will drive outcome.",visible,core_harshit,yes,retained_or_replacement
40,Kitman Labs,https://www.kitmanlabs.com/careers/,92,P1 — Focus,Harshit primary,Corporate / Services,Business Analyst; Data/BI Analyst; Operations/Transformation Analyst,Keep any employment type when role-relevant; exclude generic part-time work,"Exclude generic sales, retail, hospitality, customer service and frontline roles",68,"Solid transferable fit for business analysis, BI, transformation and operations roles; exact vacancy and referral will drive outcome.",visible,core_harshit,yes,retained_or_replacement
41,Teneo Ireland,https://www.teneo.com/careers/,92,P1 — Focus,Harshit primary,Corporate / Services,Business Analyst; Data/BI Analyst; Operations/Transformation Analyst,Keep any employment type when role-relevant; exclude generic part-time work,"Exclude generic sales, retail, hospitality, customer service and frontline roles",68,"Solid transferable fit for business analysis, BI, transformation and operations roles; exact vacancy and referral will drive outcome.",visible,core_harshit,yes,retained_or_replacement
42,Aer Lingus,https://www.aerlingus.com/about-us/careers/,90,P1 — Focus,Harshit primary,Finance / Risk,Risk/Compliance Analyst; Data/BI Analyst; Business Analyst; Operations Analyst,Keep any employment type when role-relevant; exclude generic part-time work,"Exclude generic sales, retail, hospitality, customer service and frontline roles",85,Analytics plus market-surveillance project helps; finance pedigree/domain depth is weaker than your business/implementation fit.,visible,core_harshit,yes,retained_or_replacement
43,Kerry Group,https://jobs.kerry.com/search/?q=&locationsearch=Ireland,90,P1 — Focus,Harshit primary,Finance / Risk,Risk/Compliance Analyst; Data/BI Analyst; Business Analyst; Operations Analyst,Keep any employment type when role-relevant; exclude generic part-time work,"Exclude generic sales, retail, hospitality, customer service and frontline roles",85,Analytics plus market-surveillance project helps; finance pedigree/domain depth is weaker than your business/implementation fit.,visible,core_harshit,yes,retained_or_replacement
44,Musgrave Group (SuperValu / Centra),https://www.musgravegroup.com/careers/,90,P1 — Focus,Harshit primary,Finance / Risk,Risk/Compliance Analyst; Data/BI Analyst; Business Analyst; Operations Analyst,Keep any employment type when role-relevant; exclude generic part-time work,"Exclude generic sales, retail, hospitality, customer service and frontline roles",85,Analytics plus market-surveillance project helps; finance pedigree/domain depth is weaker than your business/implementation fit.,visible,core_harshit,yes,retained_or_replacement
45,Ornua,https://www.ornua.com/careers/,90,P1 — Focus,Harshit primary,Finance / Risk,Risk/Compliance Analyst; Data/BI Analyst; Business Analyst; Operations Analyst,Keep any employment type when role-relevant; exclude generic part-time work,"Exclude generic sales, retail, hospitality, customer service and frontline roles",85,Analytics plus market-surveillance project helps; finance pedigree/domain depth is weaker than your business/implementation fit.,visible,core_harshit,yes,retained_or_replacement
46,Ryanair,https://careers.ryanair.com/,90,P1 — Focus,Harshit primary,Finance / Risk,Risk/Compliance Analyst; Data/BI Analyst; Business Analyst; Operations Analyst,Keep any employment type when role-relevant; exclude generic part-time work,"Exclude generic sales, retail, hospitality, customer service and frontline roles",85,Analytics plus market-surveillance project helps; finance pedigree/domain depth is weaker than your business/implementation fit.,visible,core_harshit,yes,retained_or_replacement
47,Tesco Ireland,https://www.tesco-careers.com/search-jobs/?location=Ireland,90,P1 — Focus,Harshit primary,Finance / Risk,Risk/Compliance Analyst; Data/BI Analyst; Business Analyst; Operations Analyst,Keep any employment type when role-relevant; exclude generic part-time work,"Exclude generic sales, retail, hospitality, customer service and frontline roles",85,Analytics plus market-surveillance project helps; finance pedigree/domain depth is weaker than your business/implementation fit.,visible,core_harshit,yes,retained_or_replacement
48,A&L Goodbody,https://www.algoodbody.com/careers,86,P2 — Strong,Harshit primary,Finance / Risk,Risk/Compliance Analyst; Data/BI Analyst; Business Analyst; Operations Analyst,Keep any employment type when role-relevant; exclude generic part-time work,"Exclude generic sales, retail, hospitality, customer service and frontline roles",81,Analytics plus market-surveillance project helps; finance pedigree/domain depth is weaker than your business/implementation fit.,visible,core_harshit,yes,retained_or_replacement
49,ABB,https://careers.abb/global/en,86,P2 — Strong,Harshit primary,Finance / Risk,Risk/Compliance Analyst; Data/BI Analyst; Business Analyst; Operations Analyst,Keep any employment type when role-relevant; exclude generic part-time work,"Exclude generic sales, retail, hospitality, customer service and frontline roles",81,Analytics plus market-surveillance project helps; finance pedigree/domain depth is weaker than your business/implementation fit.,visible,core_harshit,yes,retained_or_replacement
50,AECOM,https://aecom.jobs/search-jobs/Ireland,86,P2 — Strong,Harshit primary,Finance / Risk,Risk/Compliance Analyst; Data/BI Analyst; Business Analyst; Operations Analyst,Keep any employment type when role-relevant; exclude generic part-time work,"Exclude generic sales, retail, hospitality, customer service and frontline roles",81,Analytics plus market-surveillance project helps; finance pedigree/domain depth is weaker than your business/implementation fit.,visible,core_harshit,yes,retained_or_replacement
51,AIB (Allied Irish Banks),https://jobs.aib.ie/,86,P2 — Strong,Harshit primary,Finance / Risk,Risk/Compliance Analyst; Data/BI Analyst; Business Analyst; Operations Analyst,Keep any employment type when role-relevant; exclude generic part-time work,"Exclude generic sales, retail, hospitality, customer service and frontline roles",81,Analytics plus market-surveillance project helps; finance pedigree/domain depth is weaker than your business/implementation fit.,visible,core_harshit,yes,retained_or_replacement
52,AIG,https://www.aig.com/careers,86,P2 — Strong,Harshit primary,Finance / Risk,Risk/Compliance Analyst; Data/BI Analyst; Business Analyst; Operations Analyst,Keep any employment type when role-relevant; exclude generic part-time work,"Exclude generic sales, retail, hospitality, customer service and frontline roles",81,Analytics plus market-surveillance project helps; finance pedigree/domain depth is weaker than your business/implementation fit.,visible,core_harshit,yes,retained_or_replacement
53,AMCS Group,https://www.amcsgroup.com/careers/,86,P2 — Strong,Harshit primary,Finance / Risk,Risk/Compliance Analyst; Data/BI Analyst; Business Analyst; Operations Analyst,Keep any employment type when role-relevant; exclude generic part-time work,"Exclude generic sales, retail, hospitality, customer service and frontline roles",81,Analytics plus market-surveillance project helps; finance pedigree/domain depth is weaker than your business/implementation fit.,visible,core_harshit,yes,retained_or_replacement
54,ARYZTA Ireland,https://www.aryzta.com/careers/,86,P2 — Strong,Harshit primary,Finance / Risk,Risk/Compliance Analyst; Data/BI Analyst; Business Analyst; Operations Analyst,Keep any employment type when role-relevant; exclude generic part-time work,"Exclude generic sales, retail, hospitality, customer service and frontline roles",81,Analytics plus market-surveillance project helps; finance pedigree/domain depth is weaker than your business/implementation fit.,visible,core_harshit,yes,retained_or_replacement
55,ASL Aviation Holdings,https://www.aslaviationholdings.com/careers/,86,P2 — Strong,Harshit primary,Finance / Risk,Risk/Compliance Analyst; Data/BI Analyst; Business Analyst; Operations Analyst,Keep any employment type when role-relevant; exclude generic part-time work,"Exclude generic sales, retail, hospitality, customer service and frontline roles",81,Analytics plus market-surveillance project helps; finance pedigree/domain depth is weaker than your business/implementation fit.,visible,core_harshit,yes,retained_or_replacement
56,ASML,https://www.asml.com/en/careers,86,P2 — Strong,Harshit primary,Finance / Risk,Risk/Compliance Analyst; Data/BI Analyst; Business Analyst; Operations Analyst,Keep any employment type when role-relevant; exclude generic part-time work,"Exclude generic sales, retail, hospitality, customer service and frontline roles",81,Analytics plus market-surveillance project helps; finance pedigree/domain depth is weaker than your business/implementation fit.,visible,core_harshit,yes,retained_or_replacement
57,AXA Ireland,https://www.axa.ie/careers/,86,P2 — Strong,Harshit primary,Finance / Risk,Risk/Compliance Analyst; Data/BI Analyst; Business Analyst; Operations Analyst,Keep any employment type when role-relevant; exclude generic part-time work,"Exclude generic sales, retail, hospitality, customer service and frontline roles",81,Analytics plus market-surveillance project helps; finance pedigree/domain depth is weaker than your business/implementation fit.,visible,core_harshit,yes,retained_or_replacement
58,AXA XL,https://axaxl.com/careers,86,P2 — Strong,Harshit primary,Finance / Risk,Risk/Compliance Analyst; Data/BI Analyst; Business Analyst; Operations Analyst,Keep any employment type when role-relevant; exclude generic part-time work,"Exclude generic sales, retail, hospitality, customer service and frontline roles",81,Analytics plus market-surveillance project helps; finance pedigree/domain depth is weaker than your business/implementation fit.,visible,core_harshit,yes,retained_or_replacement
59,Agilent Technologies,https://careers.agilent.com/,86,P2 — Strong,Harshit primary,Finance / Risk,Risk/Compliance Analyst; Data/BI Analyst; Business Analyst; Operations Analyst,Keep any employment type when role-relevant; exclude generic part-time work,"Exclude generic sales, retail, hospitality, customer service and frontline roles",81,Analytics plus market-surveillance project helps; finance pedigree/domain depth is weaker than your business/implementation fit.,visible,core_harshit,yes,retained_or_replacement
60,AirNav Ireland,https://www.airnav.ie/careers,86,P2 — Strong,Harshit primary,Finance / Risk,Risk/Compliance Analyst; Data/BI Analyst; Business Analyst; Operations Analyst,Keep any employment type when role-relevant; exclude generic part-time work,"Exclude generic sales, retail, hospitality, customer service and frontline roles",81,Analytics plus market-surveillance project helps; finance pedigree/domain depth is weaker than your business/implementation fit.,visible,core_harshit,yes,retained_or_replacement
61,Akamai,https://www.akamai.com/careers,86,P2 — Strong,Harshit primary,Finance / Risk,Risk/Compliance Analyst; Data/BI Analyst; Business Analyst; Operations Analyst,Keep any employment type when role-relevant; exclude generic part-time work,"Exclude generic sales, retail, hospitality, customer service and frontline roles",81,Analytics plus market-surveillance project helps; finance pedigree/domain depth is weaker than your business/implementation fit.,visible,core_harshit,yes,retained_or_replacement
62,Alexion Pharmaceuticals,https://careers.astrazeneca.com/location/ireland-jobs/7684/2963597/2,86,P2 — Strong,Harshit primary,Finance / Risk,Risk/Compliance Analyst; Data/BI Analyst; Business Analyst; Operations Analyst,Keep any employment type when role-relevant; exclude generic part-time work,"Exclude generic sales, retail, hospitality, customer service and frontline roles",81,Analytics plus market-surveillance project helps; finance pedigree/domain depth is weaker than your business/implementation fit.,visible,core_harshit,yes,retained_or_replacement
63,Alkermes,https://www.alkermes.com/careers,86,P2 — Strong,Harshit primary,Finance / Risk,Risk/Compliance Analyst; Data/BI Analyst; Business Analyst; Operations Analyst,Keep any employment type when role-relevant; exclude generic part-time work,"Exclude generic sales, retail, hospitality, customer service and frontline roles",81,Analytics plus market-surveillance project helps; finance pedigree/domain depth is weaker than your business/implementation fit.,visible,core_harshit,yes,retained_or_replacement
64,Allianz Ireland,https://www.allianz.ie/about-allianz/careers.html,86,P2 — Strong,Harshit primary,Finance / Risk,Risk/Compliance Analyst; Data/BI Analyst; Business Analyst; Operations Analyst,Keep any employment type when role-relevant; exclude generic part-time work,"Exclude generic sales, retail, hospitality, customer service and frontline roles",81,Analytics plus market-surveillance project helps; finance pedigree/domain depth is weaker than your business/implementation fit.,visible,core_harshit,yes,retained_or_replacement
65,Alter Domus,https://careers.alterdomus.com/,86,P2 — Strong,Harshit primary,Finance / Risk,Risk/Compliance Analyst; Data/BI Analyst; Business Analyst; Operations Analyst,Keep any employment type when role-relevant; exclude generic part-time work,"Exclude generic sales, retail, hospitality, customer service and frontline roles",81,Analytics plus market-surveillance project helps; finance pedigree/domain depth is weaker than your business/implementation fit.,visible,core_harshit,yes,retained_or_replacement
66,Amundi,https://about.amundi.com/Careers,86,P2 — Strong,Harshit primary,Finance / Risk,Risk/Compliance Analyst; Data/BI Analyst; Business Analyst; Operations Analyst,Keep any employment type when role-relevant; exclude generic part-time work,"Exclude generic sales, retail, hospitality, customer service and frontline roles",81,Analytics plus market-surveillance project helps; finance pedigree/domain depth is weaker than your business/implementation fit.,visible,core_harshit,yes,retained_or_replacement
67,An Post,https://www.anpost.com/About/Careers,86,P2 — Strong,Harshit primary,Finance / Risk,Risk/Compliance Analyst; Data/BI Analyst; Business Analyst; Operations Analyst,Keep any employment type when role-relevant; exclude generic part-time work,"Exclude generic sales, retail, hospitality, customer service and frontline roles",81,Analytics plus market-surveillance project helps; finance pedigree/domain depth is weaker than your business/implementation fit.,visible,core_harshit,yes,retained_or_replacement
68,Aon,https://aon.wd1.myworkdayjobs.com/AonCareers,86,P2 — Strong,Harshit primary,Finance / Risk,Risk/Compliance Analyst; Data/BI Analyst; Business Analyst; Operations Analyst,Keep any employment type when role-relevant; exclude generic part-time work,"Exclude generic sales, retail, hospitality, customer service and frontline roles",81,Analytics plus market-surveillance project helps; finance pedigree/domain depth is weaker than your business/implementation fit.,visible,core_harshit,yes,retained_or_replacement
69,Apex Group,https://www.apexgroup.com/careers/,86,P2 — Strong,Harshit primary,Finance / Risk,Risk/Compliance Analyst; Data/BI Analyst; Business Analyst; Operations Analyst,Keep any employment type when role-relevant; exclude generic part-time work,"Exclude generic sales, retail, hospitality, customer service and frontline roles",81,Analytics plus market-surveillance project helps; finance pedigree/domain depth is weaker than your business/implementation fit.,visible,core_harshit,yes,retained_or_replacement
70,Applied Materials,https://www.appliedmaterials.com/us/en/careers.html,86,P2 — Strong,Harshit primary,Finance / Risk,Risk/Compliance Analyst; Data/BI Analyst; Business Analyst; Operations Analyst,Keep any employment type when role-relevant; exclude generic part-time work,"Exclude generic sales, retail, hospitality, customer service and frontline roles",81,Analytics plus market-surveillance project helps; finance pedigree/domain depth is weaker than your business/implementation fit.,visible,core_harshit,yes,retained_or_replacement
71,Aptiv,https://www.aptiv.com/en/jobs/working-here/global-locations/ireland,86,P2 — Strong,Harshit primary,Finance / Risk,Risk/Compliance Analyst; Data/BI Analyst; Business Analyst; Operations Analyst,Keep any employment type when role-relevant; exclude generic part-time work,"Exclude generic sales, retail, hospitality, customer service and frontline roles",81,Analytics plus market-surveillance project helps; finance pedigree/domain depth is weaker than your business/implementation fit.,visible,core_harshit,yes,retained_or_replacement
72,Arcadis,https://www.arcadis.com/en/careers,86,P2 — Strong,Harshit primary,Finance / Risk,Risk/Compliance Analyst; Data/BI Analyst; Business Analyst; Operations Analyst,Keep any employment type when role-relevant; exclude generic part-time work,"Exclude generic sales, retail, hospitality, customer service and frontline roles",81,Analytics plus market-surveillance project helps; finance pedigree/domain depth is weaker than your business/implementation fit.,visible,core_harshit,yes,retained_or_replacement
73,Arista Networks,https://www.arista.com/en/careers,86,P2 — Strong,Harshit primary,Finance / Risk,Risk/Compliance Analyst; Data/BI Analyst; Business Analyst; Operations Analyst,Keep any employment type when role-relevant; exclude generic part-time work,"Exclude generic sales, retail, hospitality, customer service and frontline roles",81,Analytics plus market-surveillance project helps; finance pedigree/domain depth is weaker than your business/implementation fit.,visible,core_harshit,yes,retained_or_replacement
74,Arthur Cox,https://www.arthurcox.com/careers/,86,P2 — Strong,Harshit primary,Finance / Risk,Risk/Compliance Analyst; Data/BI Analyst; Business Analyst; Operations Analyst,Keep any employment type when role-relevant; exclude generic part-time work,"Exclude generic sales, retail, hospitality, customer service and frontline roles",81,Analytics plus market-surveillance project helps; finance pedigree/domain depth is weaker than your business/implementation fit.,visible,core_harshit,yes,retained_or_replacement
75,Arup,https://www.arup.com/careers,86,P2 — Strong,Harshit primary,Finance / Risk,Risk/Compliance Analyst; Data/BI Analyst; Business Analyst; Operations Analyst,Keep any employment type when role-relevant; exclude generic part-time work,"Exclude generic sales, retail, hospitality, customer service and frontline roles",81,Analytics plus market-surveillance project helps; finance pedigree/domain depth is weaker than your business/implementation fit.,visible,core_harshit,yes,retained_or_replacement
76,Asana,https://asana.com/careers,86,P2 — Strong,Harshit primary,Finance / Risk,Risk/Compliance Analyst; Data/BI Analyst; Business Analyst; Operations Analyst,Keep any employment type when role-relevant; exclude generic part-time work,"Exclude generic sales, retail, hospitality, customer service and frontline roles",81,Analytics plus market-surveillance project helps; finance pedigree/domain depth is weaker than your business/implementation fit.,visible,core_harshit,yes,retained_or_replacement
77,Astellas Pharma,https://www.astellas.com/en/careers,86,P2 — Strong,Harshit primary,Finance / Risk,Risk/Compliance Analyst; Data/BI Analyst; Business Analyst; Operations Analyst,Keep any employment type when role-relevant; exclude generic part-time work,"Exclude generic sales, retail, hospitality, customer service and frontline roles",81,Analytics plus market-surveillance project helps; finance pedigree/domain depth is weaker than your business/implementation fit.,visible,core_harshit,yes,retained_or_replacement
78,AstraZeneca,https://careers.astrazeneca.com/search-jobs/Ireland,86,P2 — Strong,Harshit primary,Finance / Risk,Risk/Compliance Analyst; Data/BI Analyst; Business Analyst; Operations Analyst,Keep any employment type when role-relevant; exclude generic part-time work,"Exclude generic sales, retail, hospitality, customer service and frontline roles",81,Analytics plus market-surveillance project helps; finance pedigree/domain depth is weaker than your business/implementation fit.,visible,core_harshit,yes,retained_or_replacement
79,AtkinsRéalis,https://careers.atkinsrealis.com/,86,P2 — Strong,Harshit primary,Finance / Risk,Risk/Compliance Analyst; Data/BI Analyst; Business Analyst; Operations Analyst,Keep any employment type when role-relevant; exclude generic part-time work,"Exclude generic sales, retail, hospitality, customer service and frontline roles",81,Analytics plus market-surveillance project helps; finance pedigree/domain depth is weaker than your business/implementation fit.,visible,core_harshit,yes,retained_or_replacement
80,Autodesk,https://autodesk.wd1.myworkdayjobs.com/Ext,86,P2 — Strong,Harshit primary,Finance / Risk,Risk/Compliance Analyst; Data/BI Analyst; Business Analyst; Operations Analyst,Keep any employment type when role-relevant; exclude generic part-time work,"Exclude generic sales, retail, hospitality, customer service and frontline roles",81,Analytics plus market-surveillance project helps; finance pedigree/domain depth is weaker than your business/implementation fit.,visible,core_harshit,yes,retained_or_replacement
81,Aviva Ireland,https://www.aviva.ie/about/careers/,86,P2 — Strong,Harshit primary,Finance / Risk,Risk/Compliance Analyst; Data/BI Analyst; Business Analyst; Operations Analyst,Keep any employment type when role-relevant; exclude generic part-time work,"Exclude generic sales, retail, hospitality, customer service and frontline roles",81,Analytics plus market-surveillance project helps; finance pedigree/domain depth is weaker than your business/implementation fit.,visible,core_harshit,yes,retained_or_replacement
82,BDO Ireland,https://www.bdo.ie/en-gb/careers,86,P2 — Strong,Harshit primary,Finance / Risk,Risk/Compliance Analyst; Data/BI Analyst; Business Analyst; Operations Analyst,Keep any employment type when role-relevant; exclude generic part-time work,"Exclude generic sales, retail, hospitality, customer service and frontline roles",81,Analytics plus market-surveillance project helps; finance pedigree/domain depth is weaker than your business/implementation fit.,visible,core_harshit,yes,retained_or_replacement
83,BNP Paribas Ireland,https://group.bnpparibas/en/careers,86,P2 — Strong,Harshit primary,Finance / Risk,Risk/Compliance Analyst; Data/BI Analyst; Business Analyst; Operations Analyst,Keep any employment type when role-relevant; exclude generic part-time work,"Exclude generic sales, retail, hospitality, customer service and frontline roles",81,Analytics plus market-surveillance project helps; finance pedigree/domain depth is weaker than your business/implementation fit.,visible,core_harshit,yes,retained_or_replacement
84,BT Ireland,https://www.bt.com/careers,86,P2 — Strong,Harshit primary,Finance / Risk,Risk/Compliance Analyst; Data/BI Analyst; Business Analyst; Operations Analyst,Keep any employment type when role-relevant; exclude generic part-time work,"Exclude generic sales, retail, hospitality, customer service and frontline roles",81,Analytics plus market-surveillance project helps; finance pedigree/domain depth is weaker than your business/implementation fit.,visible,core_harshit,yes,retained_or_replacement
85,Baker Tilly Ireland,https://www.bakertilly.ie/careers/,86,P2 — Strong,Harshit primary,Finance / Risk,Risk/Compliance Analyst; Data/BI Analyst; Business Analyst; Operations Analyst,Keep any employment type when role-relevant; exclude generic part-time work,"Exclude generic sales, retail, hospitality, customer service and frontline roles",81,Analytics plus market-surveillance project helps; finance pedigree/domain depth is weaker than your business/implementation fit.,visible,core_harshit,yes,retained_or_replacement
86,Bank of Ireland,https://www.bankofireland.com/about-bank-of-ireland/careers/,86,P2 — Strong,Harshit primary,Finance / Risk,Risk/Compliance Analyst; Data/BI Analyst; Business Analyst; Operations Analyst,Keep any employment type when role-relevant; exclude generic part-time work,"Exclude generic sales, retail, hospitality, customer service and frontline roles",81,Analytics plus market-surveillance project helps; finance pedigree/domain depth is weaker than your business/implementation fit.,visible,core_harshit,yes,retained_or_replacement
87,Bausch + Lomb,https://bauschhealth.wd1.myworkdayjobs.com/BauschHealthCareers,86,P2 — Strong,Harshit primary,Finance / Risk,Risk/Compliance Analyst; Data/BI Analyst; Business Analyst; Operations Analyst,Keep any employment type when role-relevant; exclude generic part-time work,"Exclude generic sales, retail, hospitality, customer service and frontline roles",81,Analytics plus market-surveillance project helps; finance pedigree/domain depth is weaker than your business/implementation fit.,visible,core_harshit,yes,retained_or_replacement
88,Baxter International,https://jobs.baxter.com/search-jobs/Ireland,86,P2 — Strong,Harshit primary,Finance / Risk,Risk/Compliance Analyst; Data/BI Analyst; Business Analyst; Operations Analyst,Keep any employment type when role-relevant; exclude generic part-time work,"Exclude generic sales, retail, hospitality, customer service and frontline roles",81,Analytics plus market-surveillance project helps; finance pedigree/domain depth is weaker than your business/implementation fit.,visible,core_harshit,yes,retained_or_replacement
89,Bayer,https://career.bayer.com/en/search-jobs/Ireland,86,P2 — Strong,Harshit primary,Finance / Risk,Risk/Compliance Analyst; Data/BI Analyst; Business Analyst; Operations Analyst,Keep any employment type when role-relevant; exclude generic part-time work,"Exclude generic sales, retail, hospitality, customer service and frontline roles",81,Analytics plus market-surveillance project helps; finance pedigree/domain depth is weaker than your business/implementation fit.,visible,core_harshit,yes,retained_or_replacement
90,Becton Dickinson (BD),https://bd.wd1.myworkdayjobs.com/BD_External,86,P2 — Strong,Harshit primary,Finance / Risk,Risk/Compliance Analyst; Data/BI Analyst; Business Analyst; Operations Analyst,Keep any employment type when role-relevant; exclude generic part-time work,"Exclude generic sales, retail, hospitality, customer service and frontline roles",81,Analytics plus market-surveillance project helps; finance pedigree/domain depth is weaker than your business/implementation fit.,visible,core_harshit,yes,retained_or_replacement
91,BioMarin,https://www.biomarin.com/careers/jobs/,86,P2 — Strong,Harshit primary,Finance / Risk,Risk/Compliance Analyst; Data/BI Analyst; Business Analyst; Operations Analyst,Keep any employment type when role-relevant; exclude generic part-time work,"Exclude generic sales, retail, hospitality, customer service and frontline roles",81,Analytics plus market-surveillance project helps; finance pedigree/domain depth is weaker than your business/implementation fit.,visible,core_harshit,yes,retained_or_replacement
92,Block,https://block.xyz/careers,86,P2 — Strong,Harshit primary,Finance / Risk,Risk/Compliance Analyst; Data/BI Analyst; Business Analyst; Operations Analyst,Keep any employment type when role-relevant; exclude generic part-time work,"Exclude generic sales, retail, hospitality, customer service and frontline roles",81,Analytics plus market-surveillance project helps; finance pedigree/domain depth is weaker than your business/implementation fit.,visible,core_harshit,yes,retained_or_replacement
93,Boehringer Ingelheim,https://www.boehringer-ingelheim.com/ie/careers,86,P2 — Strong,Harshit primary,Finance / Risk,Risk/Compliance Analyst; Data/BI Analyst; Business Analyst; Operations Analyst,Keep any employment type when role-relevant; exclude generic part-time work,"Exclude generic sales, retail, hospitality, customer service and frontline roles",81,Analytics plus market-surveillance project helps; finance pedigree/domain depth is weaker than your business/implementation fit.,visible,core_harshit,yes,retained_or_replacement
94,Bord Gáis Energy,https://www.bordgaisenergy.ie/about-us/careers,86,P2 — Strong,Harshit primary,Finance / Risk,Risk/Compliance Analyst; Data/BI Analyst; Business Analyst; Operations Analyst,Keep any employment type when role-relevant; exclude generic part-time work,"Exclude generic sales, retail, hospitality, customer service and frontline roles",81,Analytics plus market-surveillance project helps; finance pedigree/domain depth is weaker than your business/implementation fit.,visible,core_harshit,yes,retained_or_replacement
95,Bord na Móna,https://www.bordnamona.ie/careers/,86,P2 — Strong,Harshit primary,Finance / Risk,Risk/Compliance Analyst; Data/BI Analyst; Business Analyst; Operations Analyst,Keep any employment type when role-relevant; exclude generic part-time work,"Exclude generic sales, retail, hospitality, customer service and frontline roles",81,Analytics plus market-surveillance project helps; finance pedigree/domain depth is weaker than your business/implementation fit.,visible,core_harshit,yes,retained_or_replacement
96,Bristol Myers Squibb,https://careers.bms.com/us/en/search-results?m=3&location=Ireland,86,P2 — Strong,Harshit primary,Finance / Risk,Risk/Compliance Analyst; Data/BI Analyst; Business Analyst; Operations Analyst,Keep any employment type when role-relevant; exclude generic part-time work,"Exclude generic sales, retail, hospitality, customer service and frontline roles",81,Analytics plus market-surveillance project helps; finance pedigree/domain depth is weaker than your business/implementation fit.,visible,core_harshit,yes,retained_or_replacement
97,Broadcom,https://broadcom.wd1.myworkdayjobs.com/External_Career,86,P2 — Strong,Harshit primary,Finance / Risk,Risk/Compliance Analyst; Data/BI Analyst; Business Analyst; Operations Analyst,Keep any employment type when role-relevant; exclude generic part-time work,"Exclude generic sales, retail, hospitality, customer service and frontline roles",81,Analytics plus market-surveillance project helps; finance pedigree/domain depth is weaker than your business/implementation fit.,visible,core_harshit,yes,retained_or_replacement
98,Brown Brothers Harriman,https://careers.bbh.com/,86,P2 — Strong,Harshit primary,Finance / Risk,Risk/Compliance Analyst; Data/BI Analyst; Business Analyst; Operations Analyst,Keep any employment type when role-relevant; exclude generic part-time work,"Exclude generic sales, retail, hospitality, customer service and frontline roles",81,Analytics plus market-surveillance project helps; finance pedigree/domain depth is weaker than your business/implementation fit.,visible,core_harshit,yes,retained_or_replacement
99,Bus Éireann,https://careers.buseireann.ie/,86,P2 — Strong,Harshit primary,Finance / Risk,Risk/Compliance Analyst; Data/BI Analyst; Business Analyst; Operations Analyst,Keep any employment type when role-relevant; exclude generic part-time work,"Exclude generic sales, retail, hospitality, customer service and frontline roles",81,Analytics plus market-surveillance project helps; finance pedigree/domain depth is weaker than your business/implementation fit.,visible,core_harshit,yes,retained_or_replacement
100,ByrneWallace,https://byrnewallace.com/careers/,86,P2 — Strong,Harshit primary,Finance / Risk,Risk/Compliance Analyst; Data/BI Analyst; Business Analyst; Operations Analyst,Keep any employment type when role-relevant; exclude generic part-time work,"Exclude generic sales, retail, hospitality, customer service and frontline roles",81,Analytics plus market-surveillance project helps; finance pedigree/domain depth is weaker than your business/implementation fit.,visible,core_harshit,yes,retained_or_replacement
101,C&C Group,https://www.candcgroupplc.com/careers/,86,P2 — Strong,Harshit primary,Finance / Risk,Risk/Compliance Analyst; Data/BI Analyst; Business Analyst; Operations Analyst,Keep any employment type when role-relevant; exclude generic part-time work,"Exclude generic sales, retail, hospitality, customer service and frontline roles",81,Analytics plus market-surveillance project helps; finance pedigree/domain depth is weaker than your business/implementation fit.,visible,core_harshit,yes,retained_or_replacement
102,CACEIS,https://www.caceis.com/careers,86,P2 — Strong,Harshit primary,Finance / Risk,Risk/Compliance Analyst; Data/BI Analyst; Business Analyst; Operations Analyst,Keep any employment type when role-relevant; exclude generic part-time work,"Exclude generic sales, retail, hospitality, customer service and frontline roles",81,Analytics plus market-surveillance project helps; finance pedigree/domain depth is weaker than your business/implementation fit.,visible,core_harshit,yes,retained_or_replacement
103,CBRE Ireland,https://www.cbre.ie/careers,86,P2 — Strong,Harshit primary,Finance / Risk,Risk/Compliance Analyst; Data/BI Analyst; Business Analyst; Operations Analyst,Keep any employment type when role-relevant; exclude generic part-time work,"Exclude generic sales, retail, hospitality, customer service and frontline roles",81,Analytics plus market-surveillance project helps; finance pedigree/domain depth is weaker than your business/implementation fit.,visible,core_harshit,yes,retained_or_replacement
104,CDB Aviation,https://cdbaviation.aero/careers,86,P2 — Strong,Harshit primary,Finance / Risk,Risk/Compliance Analyst; Data/BI Analyst; Business Analyst; Operations Analyst,Keep any employment type when role-relevant; exclude generic part-time work,"Exclude generic sales, retail, hospitality, customer service and frontline roles",81,Analytics plus market-surveillance project helps; finance pedigree/domain depth is weaker than your business/implementation fit.,visible,core_harshit,yes,retained_or_replacement
105,CGI,https://cgi.com/en/careers,86,P2 — Strong,Harshit primary,Finance / Risk,Risk/Compliance Analyst; Data/BI Analyst; Business Analyst; Operations Analyst,Keep any employment type when role-relevant; exclude generic part-time work,"Exclude generic sales, retail, hospitality, customer service and frontline roles",81,Analytics plus market-surveillance project helps; finance pedigree/domain depth is weaker than your business/implementation fit.,visible,core_harshit,yes,retained_or_replacement
106,CRH,https://www.crh.com/careers,86,P2 — Strong,Harshit primary,Finance / Risk,Risk/Compliance Analyst; Data/BI Analyst; Business Analyst; Operations Analyst,Keep any employment type when role-relevant; exclude generic part-time work,"Exclude generic sales, retail, hospitality, customer service and frontline roles",81,Analytics plus market-surveillance project helps; finance pedigree/domain depth is weaker than your business/implementation fit.,visible,core_harshit,yes,retained_or_replacement
107,Cadence Design Systems,https://cadence.wd1.myworkdayjobs.com/External_Careers,86,P2 — Strong,Harshit primary,Finance / Risk,Risk/Compliance Analyst; Data/BI Analyst; Business Analyst; Operations Analyst,Keep any employment type when role-relevant; exclude generic part-time work,"Exclude generic sales, retail, hospitality, customer service and frontline roles",81,Analytics plus market-surveillance project helps; finance pedigree/domain depth is weaker than your business/implementation fit.,visible,core_harshit,yes,retained_or_replacement
108,Cairn Homes,https://www.cairnhomes.com/careers/,86,P2 — Strong,Harshit primary,Finance / Risk,Risk/Compliance Analyst; Data/BI Analyst; Business Analyst; Operations Analyst,Keep any employment type when role-relevant; exclude generic part-time work,"Exclude generic sales, retail, hospitality, customer service and frontline roles",81,Analytics plus market-surveillance project helps; finance pedigree/domain depth is weaker than your business/implementation fit.,visible,core_harshit,yes,retained_or_replacement
109,Canto,https://www.canto.com/careers/,86,P2 — Strong,Harshit primary,Finance / Risk,Risk/Compliance Analyst; Data/BI Analyst; Business Analyst; Operations Analyst,Keep any employment type when role-relevant; exclude generic part-time work,"Exclude generic sales, retail, hospitality, customer service and frontline roles",81,Analytics plus market-surveillance project helps; finance pedigree/domain depth is weaker than your business/implementation fit.,visible,core_harshit,yes,retained_or_replacement
110,Cantor Fitzgerald Ireland,https://cantorfitzgerald.ie/about-us/careers/,86,P2 — Strong,Harshit primary,Finance / Risk,Risk/Compliance Analyst; Data/BI Analyst; Business Analyst; Operations Analyst,Keep any employment type when role-relevant; exclude generic part-time work,"Exclude generic sales, retail, hospitality, customer service and frontline roles",81,Analytics plus market-surveillance project helps; finance pedigree/domain depth is weaker than your business/implementation fit.,visible,core_harshit,yes,retained_or_replacement
111,CarTrawler,https://www.cartrawler.com/careers/,86,P2 — Strong,Harshit primary,Finance / Risk,Risk/Compliance Analyst; Data/BI Analyst; Business Analyst; Operations Analyst,Keep any employment type when role-relevant; exclude generic part-time work,"Exclude generic sales, retail, hospitality, customer service and frontline roles",81,Analytics plus market-surveillance project helps; finance pedigree/domain depth is weaker than your business/implementation fit.,visible,core_harshit,yes,retained_or_replacement
112,Carne Group,https://www.carnegroup.com/careers/,86,P2 — Strong,Harshit primary,Finance / Risk,Risk/Compliance Analyst; Data/BI Analyst; Business Analyst; Operations Analyst,Keep any employment type when role-relevant; exclude generic part-time work,"Exclude generic sales, retail, hospitality, customer service and frontline roles",81,Analytics plus market-surveillance project helps; finance pedigree/domain depth is weaker than your business/implementation fit.,visible,core_harshit,yes,retained_or_replacement
113,Catalent,https://catalent.wd1.myworkdayjobs.com/External,86,P2 — Strong,Harshit primary,Finance / Risk,Risk/Compliance Analyst; Data/BI Analyst; Business Analyst; Operations Analyst,Keep any employment type when role-relevant; exclude generic part-time work,"Exclude generic sales, retail, hospitality, customer service and frontline roles",81,Analytics plus market-surveillance project helps; finance pedigree/domain depth is weaker than your business/implementation fit.,visible,core_harshit,yes,retained_or_replacement
114,Central Bank of Ireland,https://www.centralbank.ie/careers,86,P2 — Strong,Harshit primary,Finance / Risk,Risk/Compliance Analyst; Data/BI Analyst; Business Analyst; Operations Analyst,Keep any employment type when role-relevant; exclude generic part-time work,"Exclude generic sales, retail, hospitality, customer service and frontline roles",81,Analytics plus market-surveillance project helps; finance pedigree/domain depth is weaker than your business/implementation fit.,visible,core_harshit,yes,retained_or_replacement
115,Charles River Laboratories,https://jobs.criver.com/search-jobs/Ireland,86,P2 — Strong,Harshit primary,Finance / Risk,Risk/Compliance Analyst; Data/BI Analyst; Business Analyst; Operations Analyst,Keep any employment type when role-relevant; exclude generic part-time work,"Exclude generic sales, retail, hospitality, customer service and frontline roles",81,Analytics plus market-surveillance project helps; finance pedigree/domain depth is weaker than your business/implementation fit.,visible,core_harshit,yes,retained_or_replacement
116,Check Point Software,https://www.checkpoint.com/careers/,86,P2 — Strong,Harshit primary,Finance / Risk,Risk/Compliance Analyst; Data/BI Analyst; Business Analyst; Operations Analyst,Keep any employment type when role-relevant; exclude generic part-time work,"Exclude generic sales, retail, hospitality, customer service and frontline roles",81,Analytics plus market-surveillance project helps; finance pedigree/domain depth is weaker than your business/implementation fit.,visible,core_harshit,yes,retained_or_replacement
117,Chubb,https://careers.chubb.com/,86,P2 — Strong,Harshit primary,Finance / Risk,Risk/Compliance Analyst; Data/BI Analyst; Business Analyst; Operations Analyst,Keep any employment type when role-relevant; exclude generic part-time work,"Exclude generic sales, retail, hospitality, customer service and frontline roles",81,Analytics plus market-surveillance project helps; finance pedigree/domain depth is weaker than your business/implementation fit.,visible,core_harshit,yes,retained_or_replacement
118,Citco,https://www.citco.com/careers,86,P2 — Strong,Harshit primary,Finance / Risk,Risk/Compliance Analyst; Data/BI Analyst; Business Analyst; Operations Analyst,Keep any employment type when role-relevant; exclude generic part-time work,"Exclude generic sales, retail, hospitality, customer service and frontline roles",81,Analytics plus market-surveillance project helps; finance pedigree/domain depth is weaker than your business/implementation fit.,visible,core_harshit,yes,retained_or_replacement
119,Citrix,https://jobs.citrix.com/,86,P2 — Strong,Harshit primary,Finance / Risk,Risk/Compliance Analyst; Data/BI Analyst; Business Analyst; Operations Analyst,Keep any employment type when role-relevant; exclude generic part-time work,"Exclude generic sales, retail, hospitality, customer service and frontline roles",81,Analytics plus market-surveillance project helps; finance pedigree/domain depth is weaker than your business/implementation fit.,visible,core_harshit,yes,retained_or_replacement
120,ClickUp,https://clickup.com/careers,86,P2 — Strong,Harshit primary,Finance / Risk,Risk/Compliance Analyst; Data/BI Analyst; Business Analyst; Operations Analyst,Keep any employment type when role-relevant; exclude generic part-time work,"Exclude generic sales, retail, hospitality, customer service and frontline roles",81,Analytics plus market-surveillance project helps; finance pedigree/domain depth is weaker than your business/implementation fit.,visible,core_harshit,yes,retained_or_replacement
121,Cloudflare,https://www.cloudflare.com/careers/jobs/,86,P2 — Strong,Harshit primary,Finance / Risk,Risk/Compliance Analyst; Data/BI Analyst; Business Analyst; Operations Analyst,Keep any employment type when role-relevant; exclude generic part-time work,"Exclude generic sales, retail, hospitality, customer service and frontline roles",81,Analytics plus market-surveillance project helps; finance pedigree/domain depth is weaker than your business/implementation fit.,visible,core_harshit,yes,retained_or_replacement
122,CluneTech,https://www.clunetech.com/careers/,86,P2 — Strong,Harshit primary,Finance / Risk,Risk/Compliance Analyst; Data/BI Analyst; Business Analyst; Operations Analyst,Keep any employment type when role-relevant; exclude generic part-time work,"Exclude generic sales, retail, hospitality, customer service and frontline roles",81,Analytics plus market-surveillance project helps; finance pedigree/domain depth is weaker than your business/implementation fit.,visible,core_harshit,yes,retained_or_replacement
123,Coca-Cola HBC Ireland,https://ie.coca-colahellenic.com/en/careers,86,P2 — Strong,Harshit primary,Finance / Risk,Risk/Compliance Analyst; Data/BI Analyst; Business Analyst; Operations Analyst,Keep any employment type when role-relevant; exclude generic part-time work,"Exclude generic sales, retail, hospitality, customer service and frontline roles",81,Analytics plus market-surveillance project helps; finance pedigree/domain depth is weaker than your business/implementation fit.,visible,core_harshit,yes,retained_or_replacement
124,Cohesity,https://www.cohesity.com/company/careers/,86,P2 — Strong,Harshit primary,Finance / Risk,Risk/Compliance Analyst; Data/BI Analyst; Business Analyst; Operations Analyst,Keep any employment type when role-relevant; exclude generic part-time work,"Exclude generic sales, retail, hospitality, customer service and frontline roles",81,Analytics plus market-surveillance project helps; finance pedigree/domain depth is weaker than your business/implementation fit.,visible,core_harshit,yes,retained_or_replacement
125,Coillte,https://www.coillte.ie/about-us/careers/,86,P2 — Strong,Harshit primary,Finance / Risk,Risk/Compliance Analyst; Data/BI Analyst; Business Analyst; Operations Analyst,Keep any employment type when role-relevant; exclude generic part-time work,"Exclude generic sales, retail, hospitality, customer service and frontline roles",81,Analytics plus market-surveillance project helps; finance pedigree/domain depth is weaker than your business/implementation fit.,visible,core_harshit,yes,retained_or_replacement
126,Coloplast,https://www.coloplast.com/about-us/careers/,86,P2 — Strong,Harshit primary,Finance / Risk,Risk/Compliance Analyst; Data/BI Analyst; Business Analyst; Operations Analyst,Keep any employment type when role-relevant; exclude generic part-time work,"Exclude generic sales, retail, hospitality, customer service and frontline roles",81,Analytics plus market-surveillance project helps; finance pedigree/domain depth is weaker than your business/implementation fit.,visible,core_harshit,yes,retained_or_replacement
127,Concentrix (Ireland),https://www.concentrix.com/careers/,86,P2 — Strong,Harshit primary,Finance / Risk,Risk/Compliance Analyst; Data/BI Analyst; Business Analyst; Operations Analyst,Keep any employment type when role-relevant; exclude generic part-time work,"Exclude generic sales, retail, hospitality, customer service and frontline roles",81,Analytics plus market-surveillance project helps; finance pedigree/domain depth is weaker than your business/implementation fit.,visible,core_harshit,yes,retained_or_replacement
128,Convatec,https://www.convatecgroup.com/careers/,86,P2 — Strong,Harshit primary,Finance / Risk,Risk/Compliance Analyst; Data/BI Analyst; Business Analyst; Operations Analyst,Keep any employment type when role-relevant; exclude generic part-time work,"Exclude generic sales, retail, hospitality, customer service and frontline roles",81,Analytics plus market-surveillance project helps; finance pedigree/domain depth is weaker than your business/implementation fit.,visible,core_harshit,yes,retained_or_replacement
129,Cook Medical,https://www.cookmedical.eu/careers/,86,P2 — Strong,Harshit primary,Finance / Risk,Risk/Compliance Analyst; Data/BI Analyst; Business Analyst; Operations Analyst,Keep any employment type when role-relevant; exclude generic part-time work,"Exclude generic sales, retail, hospitality, customer service and frontline roles",81,Analytics plus market-surveillance project helps; finance pedigree/domain depth is weaker than your business/implementation fit.,visible,core_harshit,yes,retained_or_replacement
130,Cushman & Wakefield Ireland,https://www.cushmanwakefield.com/en/ireland/careers,86,P2 — Strong,Harshit primary,Finance / Risk,Risk/Compliance Analyst; Data/BI Analyst; Business Analyst; Operations Analyst,Keep any employment type when role-relevant; exclude generic part-time work,"Exclude generic sales, retail, hospitality, customer service and frontline roles",81,Analytics plus market-surveillance project helps; finance pedigree/domain depth is weaker than your business/implementation fit.,visible,core_harshit,yes,retained_or_replacement
131,DAE Capital,https://dubaiaerospace.com/careers,86,P2 — Strong,Harshit primary,Finance / Risk,Risk/Compliance Analyst; Data/BI Analyst; Business Analyst; Operations Analyst,Keep any employment type when role-relevant; exclude generic part-time work,"Exclude generic sales, retail, hospitality, customer service and frontline roles",81,Analytics plus market-surveillance project helps; finance pedigree/domain depth is weaker than your business/implementation fit.,visible,core_harshit,yes,retained_or_replacement
132,DCC plc,https://www.dcc.ie/careers,86,P2 — Strong,Harshit primary,Finance / Risk,Risk/Compliance Analyst; Data/BI Analyst; Business Analyst; Operations Analyst,Keep any employment type when role-relevant; exclude generic part-time work,"Exclude generic sales, retail, hospitality, customer service and frontline roles",81,Analytics plus market-surveillance project helps; finance pedigree/domain depth is weaker than your business/implementation fit.,visible,core_harshit,yes,retained_or_replacement
133,DHL Ireland,https://www.dhl.com/ie-en/home/careers.html,86,P2 — Strong,Harshit primary,Finance / Risk,Risk/Compliance Analyst; Data/BI Analyst; Business Analyst; Operations Analyst,Keep any employment type when role-relevant; exclude generic part-time work,"Exclude generic sales, retail, hospitality, customer service and frontline roles",81,Analytics plus market-surveillance project helps; finance pedigree/domain depth is weaker than your business/implementation fit.,visible,core_harshit,yes,retained_or_replacement
134,DNV,https://www.dnv.com/careers/,86,P2 — Strong,Harshit primary,Finance / Risk,Risk/Compliance Analyst; Data/BI Analyst; Business Analyst; Operations Analyst,Keep any employment type when role-relevant; exclude generic part-time work,"Exclude generic sales, retail, hospitality, customer service and frontline roles",81,Analytics plus market-surveillance project helps; finance pedigree/domain depth is weaker than your business/implementation fit.,visible,core_harshit,yes,retained_or_replacement
135,DPS Group (Arcadis),https://www.dpsgroupglobal.com/careers,86,P2 — Strong,Harshit primary,Finance / Risk,Risk/Compliance Analyst; Data/BI Analyst; Business Analyst; Operations Analyst,Keep any employment type when role-relevant; exclude generic part-time work,"Exclude generic sales, retail, hospitality, customer service and frontline roles",81,Analytics plus market-surveillance project helps; finance pedigree/domain depth is weaker than your business/implementation fit.,visible,core_harshit,yes,retained_or_replacement
136,DSV Ireland,https://www.dsv.com/en/careers,86,P2 — Strong,Harshit primary,Finance / Risk,Risk/Compliance Analyst; Data/BI Analyst; Business Analyst; Operations Analyst,Keep any employment type when role-relevant; exclude generic part-time work,"Exclude generic sales, retail, hospitality, customer service and frontline roles",81,Analytics plus market-surveillance project helps; finance pedigree/domain depth is weaker than your business/implementation fit.,visible,core_harshit,yes,retained_or_replacement
137,Dalata Hotel Group,https://dalatahotelgroup.com/careers/,86,P2 — Strong,Harshit primary,Finance / Risk,Risk/Compliance Analyst; Data/BI Analyst; Business Analyst; Operations Analyst,Keep any employment type when role-relevant; exclude generic part-time work,"Exclude generic sales, retail, hospitality, customer service and frontline roles",81,Analytics plus market-surveillance project helps; finance pedigree/domain depth is weaker than your business/implementation fit.,visible,core_harshit,yes,retained_or_replacement
138,Danaher Corporation,https://jobs.danaher.com/global/en/search-results?m=3&location=Ireland,86,P2 — Strong,Harshit primary,Finance / Risk,Risk/Compliance Analyst; Data/BI Analyst; Business Analyst; Operations Analyst,Keep any employment type when role-relevant; exclude generic part-time work,"Exclude generic sales, retail, hospitality, customer service and frontline roles",81,Analytics plus market-surveillance project helps; finance pedigree/domain depth is weaker than your business/implementation fit.,visible,core_harshit,yes,retained_or_replacement
139,Datalex,https://datalex.com/careers,86,P2 — Strong,Harshit primary,Finance / Risk,Risk/Compliance Analyst; Data/BI Analyst; Business Analyst; Operations Analyst,Keep any employment type when role-relevant; exclude generic part-time work,"Exclude generic sales, retail, hospitality, customer service and frontline roles",81,Analytics plus market-surveillance project helps; finance pedigree/domain depth is weaker than your business/implementation fit.,visible,core_harshit,yes,retained_or_replacement
140,Davy,https://www.davy.ie/working-at-davy/opportunities,86,P2 — Strong,Harshit primary,Finance / Risk,Risk/Compliance Analyst; Data/BI Analyst; Business Analyst; Operations Analyst,Keep any employment type when role-relevant; exclude generic part-time work,"Exclude generic sales, retail, hospitality, customer service and frontline roles",81,Analytics plus market-surveillance project helps; finance pedigree/domain depth is weaker than your business/implementation fit.,visible,core_harshit,yes,retained_or_replacement
141,DePuy Synthes,https://jobs.jnj.com/en/jobs/?search=Ireland,86,P2 — Strong,Harshit primary,Finance / Risk,Risk/Compliance Analyst; Data/BI Analyst; Business Analyst; Operations Analyst,Keep any employment type when role-relevant; exclude generic part-time work,"Exclude generic sales, retail, hospitality, customer service and frontline roles",81,Analytics plus market-surveillance project helps; finance pedigree/domain depth is weaker than your business/implementation fit.,visible,core_harshit,yes,retained_or_replacement
142,Dexcom,https://www.dexcom.com/en-IE/careers,86,P2 — Strong,Harshit primary,Finance / Risk,Risk/Compliance Analyst; Data/BI Analyst; Business Analyst; Operations Analyst,Keep any employment type when role-relevant; exclude generic part-time work,"Exclude generic sales, retail, hospitality, customer service and frontline roles",81,Analytics plus market-surveillance project helps; finance pedigree/domain depth is weaker than your business/implementation fit.,visible,core_harshit,yes,retained_or_replacement
143,Diageo Ireland,https://diageo.wd3.myworkdayjobs.com/Diageo_Careers,86,P2 — Strong,Harshit primary,Finance / Risk,Risk/Compliance Analyst; Data/BI Analyst; Business Analyst; Operations Analyst,Keep any employment type when role-relevant; exclude generic part-time work,"Exclude generic sales, retail, hospitality, customer service and frontline roles",81,Analytics plus market-surveillance project helps; finance pedigree/domain depth is weaker than your business/implementation fit.,visible,core_harshit,yes,retained_or_replacement
144,Dillon Eustace,https://www.dilloneustace.com/careers,86,P2 — Strong,Harshit primary,Finance / Risk,Risk/Compliance Analyst; Data/BI Analyst; Business Analyst; Operations Analyst,Keep any employment type when role-relevant; exclude generic part-time work,"Exclude generic sales, retail, hospitality, customer service and frontline roles",81,Analytics plus market-surveillance project helps; finance pedigree/domain depth is weaker than your business/implementation fit.,visible,core_harshit,yes,retained_or_replacement
145,DocuSign,https://www.docusign.com/company/careers/jobs?location=Dublin,86,P2 — Strong,Harshit primary,Finance / Risk,Risk/Compliance Analyst; Data/BI Analyst; Business Analyst; Operations Analyst,Keep any employment type when role-relevant; exclude generic part-time work,"Exclude generic sales, retail, hospitality, customer service and frontline roles",81,Analytics plus market-surveillance project helps; finance pedigree/domain depth is weaker than your business/implementation fit.,visible,core_harshit,yes,retained_or_replacement
146,DraftKings,https://careers.draftkings.com,86,P2 — Strong,Harshit primary,Finance / Risk,Risk/Compliance Analyst; Data/BI Analyst; Business Analyst; Operations Analyst,Keep any employment type when role-relevant; exclude generic part-time work,"Exclude generic sales, retail, hospitality, customer service and frontline roles",81,Analytics plus market-surveillance project helps; finance pedigree/domain depth is weaker than your business/implementation fit.,visible,core_harshit,yes,retained_or_replacement
147,Dublin Bus,https://www.dublinbus.ie/careers,86,P2 — Strong,Harshit primary,Finance / Risk,Risk/Compliance Analyst; Data/BI Analyst; Business Analyst; Operations Analyst,Keep any employment type when role-relevant; exclude generic part-time work,"Exclude generic sales, retail, hospitality, customer service and frontline roles",81,Analytics plus market-surveillance project helps; finance pedigree/domain depth is weaker than your business/implementation fit.,visible,core_harshit,yes,retained_or_replacement
148,Dublin Port Company,https://www.dublinport.ie/careers/,86,P2 — Strong,Harshit primary,Finance / Risk,Risk/Compliance Analyst; Data/BI Analyst; Business Analyst; Operations Analyst,Keep any employment type when role-relevant; exclude generic part-time work,"Exclude generic sales, retail, hospitality, customer service and frontline roles",81,Analytics plus market-surveillance project helps; finance pedigree/domain depth is weaker than your business/implementation fit.,visible,core_harshit,yes,retained_or_replacement
149,Dynatrace,https://www.dynatrace.com/careers/,86,P2 — Strong,Harshit primary,Finance / Risk,Risk/Compliance Analyst; Data/BI Analyst; Business Analyst; Operations Analyst,Keep any employment type when role-relevant; exclude generic part-time work,"Exclude generic sales, retail, hospitality, customer service and frontline roles",81,Analytics plus market-surveillance project helps; finance pedigree/domain depth is weaker than your business/implementation fit.,visible,core_harshit,yes,retained_or_replacement
150,ESB,https://careers.esb.ie/,86,P2 — Strong,Harshit primary,Finance / Risk,Risk/Compliance Analyst; Data/BI Analyst; Business Analyst; Operations Analyst,Keep any employment type when role-relevant; exclude generic part-time work,"Exclude generic sales, retail, hospitality, customer service and frontline roles",81,Analytics plus market-surveillance project helps; finance pedigree/domain depth is weaker than your business/implementation fit.,visible,core_harshit,yes,retained_or_replacement
151,ESW,https://esw.com/careers/,86,P2 — Strong,Harshit primary,Finance / Risk,Risk/Compliance Analyst; Data/BI Analyst; Business Analyst; Operations Analyst,Keep any employment type when role-relevant; exclude generic part-time work,"Exclude generic sales, retail, hospitality, customer service and frontline roles",81,Analytics plus market-surveillance project helps; finance pedigree/domain depth is weaker than your business/implementation fit.,visible,core_harshit,yes,retained_or_replacement
152,Eaton,https://eaton.wd5.myworkdayjobs.com/Eaton,86,P2 — Strong,Harshit primary,Finance / Risk,Risk/Compliance Analyst; Data/BI Analyst; Business Analyst; Operations Analyst,Keep any employment type when role-relevant; exclude generic part-time work,"Exclude generic sales, retail, hospitality, customer service and frontline roles",81,Analytics plus market-surveillance project helps; finance pedigree/domain depth is weaker than your business/implementation fit.,visible,core_harshit,yes,retained_or_replacement
153,Edwards Lifesciences,https://edwards.wd1.myworkdayjobs.com/EdwardsCareers,86,P2 — Strong,Harshit primary,Finance / Risk,Risk/Compliance Analyst; Data/BI Analyst; Business Analyst; Operations Analyst,Keep any employment type when role-relevant; exclude generic part-time work,"Exclude generic sales, retail, hospitality, customer service and frontline roles",81,Analytics plus market-surveillance project helps; finance pedigree/domain depth is weaker than your business/implementation fit.,visible,core_harshit,yes,retained_or_replacement
154,Eir,https://www.eir.ie/careers/,86,P2 — Strong,Harshit primary,Finance / Risk,Risk/Compliance Analyst; Data/BI Analyst; Business Analyst; Operations Analyst,Keep any employment type when role-relevant; exclude generic part-time work,"Exclude generic sales, retail, hospitality, customer service and frontline roles",81,Analytics plus market-surveillance project helps; finance pedigree/domain depth is weaker than your business/implementation fit.,visible,core_harshit,yes,retained_or_replacement
155,EirGrid,https://www.eirgrid.ie/careers,86,P2 — Strong,Harshit primary,Finance / Risk,Risk/Compliance Analyst; Data/BI Analyst; Business Analyst; Operations Analyst,Keep any employment type when role-relevant; exclude generic part-time work,"Exclude generic sales, retail, hospitality, customer service and frontline roles",81,Analytics plus market-surveillance project helps; finance pedigree/domain depth is weaker than your business/implementation fit.,visible,core_harshit,yes,retained_or_replacement
156,Elavon,https://usbank.wd1.myworkdayjobs.com/Elavon_Careers,86,P2 — Strong,Harshit primary,Finance / Risk,Risk/Compliance Analyst; Data/BI Analyst; Business Analyst; Operations Analyst,Keep any employment type when role-relevant; exclude generic part-time work,"Exclude generic sales, retail, hospitality, customer service and frontline roles",81,Analytics plus market-surveillance project helps; finance pedigree/domain depth is weaker than your business/implementation fit.,visible,core_harshit,yes,retained_or_replacement
157,Eli Lilly,https://be.gatekeeper.lilly.com/careers/search-jobs?location=Ireland,86,P2 — Strong,Harshit primary,Finance / Risk,Risk/Compliance Analyst; Data/BI Analyst; Business Analyst; Operations Analyst,Keep any employment type when role-relevant; exclude generic part-time work,"Exclude generic sales, retail, hospitality, customer service and frontline roles",81,Analytics plus market-surveillance project helps; finance pedigree/domain depth is weaker than your business/implementation fit.,visible,core_harshit,yes,retained_or_replacement
158,Emerald Airlines,https://www.emeraldairlines.com/careers,86,P2 — Strong,Harshit primary,Finance / Risk,Risk/Compliance Analyst; Data/BI Analyst; Business Analyst; Operations Analyst,Keep any employment type when role-relevant; exclude generic part-time work,"Exclude generic sales, retail, hospitality, customer service and frontline roles",81,Analytics plus market-surveillance project helps; finance pedigree/domain depth is weaker than your business/implementation fit.,visible,core_harshit,yes,retained_or_replacement
159,Emerson,https://www.emerson.com/en-us/careers,86,P2 — Strong,Harshit primary,Finance / Risk,Risk/Compliance Analyst; Data/BI Analyst; Business Analyst; Operations Analyst,Keep any employment type when role-relevant; exclude generic part-time work,"Exclude generic sales, retail, hospitality, customer service and frontline roles",81,Analytics plus market-surveillance project helps; finance pedigree/domain depth is weaker than your business/implementation fit.,visible,core_harshit,yes,retained_or_replacement
160,Energia Group,https://www.energiagroup.com/careers,86,P2 — Strong,Harshit primary,Finance / Risk,Risk/Compliance Analyst; Data/BI Analyst; Business Analyst; Operations Analyst,Keep any employment type when role-relevant; exclude generic part-time work,"Exclude generic sales, retail, hospitality, customer service and frontline roles",81,Analytics plus market-surveillance project helps; finance pedigree/domain depth is weaker than your business/implementation fit.,visible,core_harshit,yes,retained_or_replacement
161,Enterprise Ireland,https://www.enterprise-ireland.com/en/About-Us/Careers/,86,P2 — Strong,Harshit primary,Finance / Risk,Risk/Compliance Analyst; Data/BI Analyst; Business Analyst; Operations Analyst,Keep any employment type when role-relevant; exclude generic part-time work,"Exclude generic sales, retail, hospitality, customer service and frontline roles",81,Analytics plus market-surveillance project helps; finance pedigree/domain depth is weaker than your business/implementation fit.,visible,core_harshit,yes,retained_or_replacement
162,Ergo,https://ergo.ie/careers,86,P2 — Strong,Harshit primary,Finance / Risk,Risk/Compliance Analyst; Data/BI Analyst; Business Analyst; Operations Analyst,Keep any employment type when role-relevant; exclude generic part-time work,"Exclude generic sales, retail, hospitality, customer service and frontline roles",81,Analytics plus market-surveillance project helps; finance pedigree/domain depth is weaker than your business/implementation fit.,visible,core_harshit,yes,retained_or_replacement
163,Etsy,https://careers.etsy.com/global/en,86,P2 — Strong,Harshit primary,Finance / Risk,Risk/Compliance Analyst; Data/BI Analyst; Business Analyst; Operations Analyst,Keep any employment type when role-relevant; exclude generic part-time work,"Exclude generic sales, retail, hospitality, customer service and frontline roles",81,Analytics plus market-surveillance project helps; finance pedigree/domain depth is weaker than your business/implementation fit.,visible,core_harshit,yes,retained_or_replacement
164,Eurofins Scientific,https://careers.eurofins.com/ie/,86,P2 — Strong,Harshit primary,Finance / Risk,Risk/Compliance Analyst; Data/BI Analyst; Business Analyst; Operations Analyst,Keep any employment type when role-relevant; exclude generic part-time work,"Exclude generic sales, retail, hospitality, customer service and frontline roles",81,Analytics plus market-surveillance project helps; finance pedigree/domain depth is weaker than your business/implementation fit.,visible,core_harshit,yes,retained_or_replacement
165,Eversheds Sutherland Ireland,https://www.eversheds-sutherland.com/en/ireland/careers,86,P2 — Strong,Harshit primary,Finance / Risk,Risk/Compliance Analyst; Data/BI Analyst; Business Analyst; Operations Analyst,Keep any employment type when role-relevant; exclude generic part-time work,"Exclude generic sales, retail, hospitality, customer service and frontline roles",81,Analytics plus market-surveillance project helps; finance pedigree/domain depth is weaker than your business/implementation fit.,visible,core_harshit,yes,retained_or_replacement
166,Expleo,https://careers.expleo.com/,86,P2 — Strong,Harshit primary,Finance / Risk,Risk/Compliance Analyst; Data/BI Analyst; Business Analyst; Operations Analyst,Keep any employment type when role-relevant; exclude generic part-time work,"Exclude generic sales, retail, hospitality, customer service and frontline roles",81,Analytics plus market-surveillance project helps; finance pedigree/domain depth is weaker than your business/implementation fit.,visible,core_harshit,yes,retained_or_replacement
167,Exyte,https://www.exyte.net/Careers,86,P2 — Strong,Harshit primary,Finance / Risk,Risk/Compliance Analyst; Data/BI Analyst; Business Analyst; Operations Analyst,Keep any employment type when role-relevant; exclude generic part-time work,"Exclude generic sales, retail, hospitality, customer service and frontline roles",81,Analytics plus market-surveillance project helps; finance pedigree/domain depth is weaker than your business/implementation fit.,visible,core_harshit,yes,retained_or_replacement
168,FBD Insurance,https://www.fbd.ie/about/careers/,86,P2 — Strong,Harshit primary,Finance / Risk,Risk/Compliance Analyst; Data/BI Analyst; Business Analyst; Operations Analyst,Keep any employment type when role-relevant; exclude generic part-time work,"Exclude generic sales, retail, hospitality, customer service and frontline roles",81,Analytics plus market-surveillance project helps; finance pedigree/domain depth is weaker than your business/implementation fit.,visible,core_harshit,yes,retained_or_replacement
169,FINEOS,https://www.fineos.com/careers/,86,P2 — Strong,Harshit primary,Finance / Risk,Risk/Compliance Analyst; Data/BI Analyst; Business Analyst; Operations Analyst,Keep any employment type when role-relevant; exclude generic part-time work,"Exclude generic sales, retail, hospitality, customer service and frontline roles",81,Analytics plus market-surveillance project helps; finance pedigree/domain depth is weaker than your business/implementation fit.,visible,core_harshit,yes,retained_or_replacement
170,FTI Consulting,https://www.fticonsulting.com/careers,86,P2 — Strong,Harshit primary,Finance / Risk,Risk/Compliance Analyst; Data/BI Analyst; Business Analyst; Operations Analyst,Keep any employment type when role-relevant; exclude generic part-time work,"Exclude generic sales, retail, hospitality, customer service and frontline roles",81,Analytics plus market-surveillance project helps; finance pedigree/domain depth is weaker than your business/implementation fit.,visible,core_harshit,yes,retained_or_replacement
171,FactSet,https://careers.factset.com/,86,P2 — Strong,Harshit primary,Finance / Risk,Risk/Compliance Analyst; Data/BI Analyst; Business Analyst; Operations Analyst,Keep any employment type when role-relevant; exclude generic part-time work,"Exclude generic sales, retail, hospitality, customer service and frontline roles",81,Analytics plus market-surveillance project helps; finance pedigree/domain depth is weaker than your business/implementation fit.,visible,core_harshit,yes,retained_or_replacement
172,Fastway Couriers Ireland,https://www.fastway.ie/careers/,86,P2 — Strong,Harshit primary,Finance / Risk,Risk/Compliance Analyst; Data/BI Analyst; Business Analyst; Operations Analyst,Keep any employment type when role-relevant; exclude generic part-time work,"Exclude generic sales, retail, hospitality, customer service and frontline roles",81,Analytics plus market-surveillance project helps; finance pedigree/domain depth is weaker than your business/implementation fit.,visible,core_harshit,yes,retained_or_replacement
173,FedEx Express Ireland,https://careers.fedex.com/fedex/,86,P2 — Strong,Harshit primary,Finance / Risk,Risk/Compliance Analyst; Data/BI Analyst; Business Analyst; Operations Analyst,Keep any employment type when role-relevant; exclude generic part-time work,"Exclude generic sales, retail, hospitality, customer service and frontline roles",81,Analytics plus market-surveillance project helps; finance pedigree/domain depth is weaker than your business/implementation fit.,visible,core_harshit,yes,retained_or_replacement
174,Fenergo,https://www.fenergo.com/careers,86,P2 — Strong,Harshit primary,Finance / Risk,Risk/Compliance Analyst; Data/BI Analyst; Business Analyst; Operations Analyst,Keep any employment type when role-relevant; exclude generic part-time work,"Exclude generic sales, retail, hospitality, customer service and frontline roles",81,Analytics plus market-surveillance project helps; finance pedigree/domain depth is weaker than your business/implementation fit.,visible,core_harshit,yes,retained_or_replacement
175,Fiserv,https://www.careers.fiserv.com/search-jobs/Ireland,86,P2 — Strong,Harshit primary,Finance / Risk,Risk/Compliance Analyst; Data/BI Analyst; Business Analyst; Operations Analyst,Keep any employment type when role-relevant; exclude generic part-time work,"Exclude generic sales, retail, hospitality, customer service and frontline roles",81,Analytics plus market-surveillance project helps; finance pedigree/domain depth is weaker than your business/implementation fit.,visible,core_harshit,yes,retained_or_replacement
176,Fitch Ratings,https://www.fitchratings.com/careers,86,P2 — Strong,Harshit primary,Finance / Risk,Risk/Compliance Analyst; Data/BI Analyst; Business Analyst; Operations Analyst,Keep any employment type when role-relevant; exclude generic part-time work,"Exclude generic sales, retail, hospitality, customer service and frontline roles",81,Analytics plus market-surveillance project helps; finance pedigree/domain depth is weaker than your business/implementation fit.,visible,core_harshit,yes,retained_or_replacement
177,Flipdish,https://www.flipdish.com/ie/careers,86,P2 — Strong,Harshit primary,Finance / Risk,Risk/Compliance Analyst; Data/BI Analyst; Business Analyst; Operations Analyst,Keep any employment type when role-relevant; exclude generic part-time work,"Exclude generic sales, retail, hospitality, customer service and frontline roles",81,Analytics plus market-surveillance project helps; finance pedigree/domain depth is weaker than your business/implementation fit.,visible,core_harshit,yes,retained_or_replacement
178,Flutter Entertainment,https://flutter.com/careers/,86,P2 — Strong,Harshit primary,Finance / Risk,Risk/Compliance Analyst; Data/BI Analyst; Business Analyst; Operations Analyst,Keep any employment type when role-relevant; exclude generic part-time work,"Exclude generic sales, retail, hospitality, customer service and frontline roles",81,Analytics plus market-surveillance project helps; finance pedigree/domain depth is weaker than your business/implementation fit.,visible,core_harshit,yes,retained_or_replacement
179,Fortinet,https://jobs.fortinet.com/,86,P2 — Strong,Harshit primary,Finance / Risk,Risk/Compliance Analyst; Data/BI Analyst; Business Analyst; Operations Analyst,Keep any employment type when role-relevant; exclude generic part-time work,"Exclude generic sales, retail, hospitality, customer service and frontline roles",81,Analytics plus market-surveillance project helps; finance pedigree/domain depth is weaker than your business/implementation fit.,visible,core_harshit,yes,retained_or_replacement
180,Forvis Mazars Ireland,https://www.mazars.ie/Home/Join-us/Our-job-offers,86,P2 — Strong,Harshit primary,Finance / Risk,Risk/Compliance Analyst; Data/BI Analyst; Business Analyst; Operations Analyst,Keep any employment type when role-relevant; exclude generic part-time work,"Exclude generic sales, retail, hospitality, customer service and frontline roles",81,Analytics plus market-surveillance project helps; finance pedigree/domain depth is weaker than your business/implementation fit.,visible,core_harshit,yes,retained_or_replacement
181,Franklin Templeton,https://careers.franklintempleton.com/,86,P2 — Strong,Harshit primary,Finance / Risk,Risk/Compliance Analyst; Data/BI Analyst; Business Analyst; Operations Analyst,Keep any employment type when role-relevant; exclude generic part-time work,"Exclude generic sales, retail, hospitality, customer service and frontline roles",81,Analytics plus market-surveillance project helps; finance pedigree/domain depth is weaker than your business/implementation fit.,visible,core_harshit,yes,retained_or_replacement
182,Freudenberg Medical,https://careers.freudenberg.com/,86,P2 — Strong,Harshit primary,Finance / Risk,Risk/Compliance Analyst; Data/BI Analyst; Business Analyst; Operations Analyst,Keep any employment type when role-relevant; exclude generic part-time work,"Exclude generic sales, retail, hospitality, customer service and frontline roles",81,Analytics plus market-surveillance project helps; finance pedigree/domain depth is weaker than your business/implementation fit.,visible,core_harshit,yes,retained_or_replacement
183,Fáilte Ireland,https://www.failteireland.ie/About-Us/Careers.aspx,86,P2 — Strong,Harshit primary,Finance / Risk,Risk/Compliance Analyst; Data/BI Analyst; Business Analyst; Operations Analyst,Keep any employment type when role-relevant; exclude generic part-time work,"Exclude generic sales, retail, hospitality, customer service and frontline roles",81,Analytics plus market-surveillance project helps; finance pedigree/domain depth is weaker than your business/implementation fit.,visible,core_harshit,yes,retained_or_replacement
184,GE HealthCare,https://careers.gehealthcare.com/,86,P2 — Strong,Harshit primary,Finance / Risk,Risk/Compliance Analyst; Data/BI Analyst; Business Analyst; Operations Analyst,Keep any employment type when role-relevant; exclude generic part-time work,"Exclude generic sales, retail, hospitality, customer service and frontline roles",81,Analytics plus market-surveillance project helps; finance pedigree/domain depth is weaker than your business/implementation fit.,visible,core_harshit,yes,retained_or_replacement
185,Gartner,https://jobs.gartner.com/locations/dublin/,86,P2 — Strong,Harshit primary,Finance / Risk,Risk/Compliance Analyst; Data/BI Analyst; Business Analyst; Operations Analyst,Keep any employment type when role-relevant; exclude generic part-time work,"Exclude generic sales, retail, hospitality, customer service and frontline roles",81,Analytics plus market-surveillance project helps; finance pedigree/domain depth is weaker than your business/implementation fit.,visible,core_harshit,yes,retained_or_replacement
186,Gas Networks Ireland,https://www.gasnetworks.ie/about-us/careers/,86,P2 — Strong,Harshit primary,Finance / Risk,Risk/Compliance Analyst; Data/BI Analyst; Business Analyst; Operations Analyst,Keep any employment type when role-relevant; exclude generic part-time work,"Exclude generic sales, retail, hospitality, customer service and frontline roles",81,Analytics plus market-surveillance project helps; finance pedigree/domain depth is weaker than your business/implementation fit.,visible,core_harshit,yes,retained_or_replacement
187,Gemini,https://www.gemini.com/careers,86,P2 — Strong,Harshit primary,Finance / Risk,Risk/Compliance Analyst; Data/BI Analyst; Business Analyst; Operations Analyst,Keep any employment type when role-relevant; exclude generic part-time work,"Exclude generic sales, retail, hospitality, customer service and frontline roles",81,Analytics plus market-surveillance project helps; finance pedigree/domain depth is weaker than your business/implementation fit.,visible,core_harshit,yes,retained_or_replacement
188,Genesys,https://genesys.wd1.myworkdayjobs.com/Genesys,86,P2 — Strong,Harshit primary,Finance / Risk,Risk/Compliance Analyst; Data/BI Analyst; Business Analyst; Operations Analyst,Keep any employment type when role-relevant; exclude generic part-time work,"Exclude generic sales, retail, hospitality, customer service and frontline roles",81,Analytics plus market-surveillance project helps; finance pedigree/domain depth is weaker than your business/implementation fit.,visible,core_harshit,yes,retained_or_replacement
189,Gilead Sciences,https://gilead.wd1.myworkdayjobs.com/gileadcareers,86,P2 — Strong,Harshit primary,Finance / Risk,Risk/Compliance Analyst; Data/BI Analyst; Business Analyst; Operations Analyst,Keep any employment type when role-relevant; exclude generic part-time work,"Exclude generic sales, retail, hospitality, customer service and frontline roles",81,Analytics plus market-surveillance project helps; finance pedigree/domain depth is weaker than your business/implementation fit.,visible,core_harshit,yes,retained_or_replacement
190,Glanbia,https://glanbia.com/careers,86,P2 — Strong,Harshit primary,Finance / Risk,Risk/Compliance Analyst; Data/BI Analyst; Business Analyst; Operations Analyst,Keep any employment type when role-relevant; exclude generic part-time work,"Exclude generic sales, retail, hospitality, customer service and frontline roles",81,Analytics plus market-surveillance project helps; finance pedigree/domain depth is weaker than your business/implementation fit.,visible,core_harshit,yes,retained_or_replacement
191,Glanbia / Tirlán,https://www.tirlan.com/careers,86,P2 — Strong,Harshit primary,Finance / Risk,Risk/Compliance Analyst; Data/BI Analyst; Business Analyst; Operations Analyst,Keep any employment type when role-relevant; exclude generic part-time work,"Exclude generic sales, retail, hospitality, customer service and frontline roles",81,Analytics plus market-surveillance project helps; finance pedigree/domain depth is weaker than your business/implementation fit.,visible,core_harshit,yes,retained_or_replacement
192,GlaxoSmithKline (GSK),https://jobs.gsk.com/search-jobs/Ireland,86,P2 — Strong,Harshit primary,Finance / Risk,Risk/Compliance Analyst; Data/BI Analyst; Business Analyst; Operations Analyst,Keep any employment type when role-relevant; exclude generic part-time work,"Exclude generic sales, retail, hospitality, customer service and frontline roles",81,Analytics plus market-surveillance project helps; finance pedigree/domain depth is weaker than your business/implementation fit.,visible,core_harshit,yes,retained_or_replacement
193,Glen Dimplex,https://www.glendimplex.com/careers,86,P2 — Strong,Harshit primary,Finance / Risk,Risk/Compliance Analyst; Data/BI Analyst; Business Analyst; Operations Analyst,Keep any employment type when role-relevant; exclude generic part-time work,"Exclude generic sales, retail, hospitality, customer service and frontline roles",81,Analytics plus market-surveillance project helps; finance pedigree/domain depth is weaker than your business/implementation fit.,visible,core_harshit,yes,retained_or_replacement
194,Glenveagh Properties,https://glenveagh.ie/careers,86,P2 — Strong,Harshit primary,Finance / Risk,Risk/Compliance Analyst; Data/BI Analyst; Business Analyst; Operations Analyst,Keep any employment type when role-relevant; exclude generic part-time work,"Exclude generic sales, retail, hospitality, customer service and frontline roles",81,Analytics plus market-surveillance project helps; finance pedigree/domain depth is weaker than your business/implementation fit.,visible,core_harshit,yes,retained_or_replacement
195,Global Payments,https://jobs.globalpayments.com/,86,P2 — Strong,Harshit primary,Finance / Risk,Risk/Compliance Analyst; Data/BI Analyst; Business Analyst; Operations Analyst,Keep any employment type when role-relevant; exclude generic part-time work,"Exclude generic sales, retail, hospitality, customer service and frontline roles",81,Analytics plus market-surveillance project helps; finance pedigree/domain depth is weaker than your business/implementation fit.,visible,core_harshit,yes,retained_or_replacement
196,Goodbody,https://www.goodbody.ie/careers,86,P2 — Strong,Harshit primary,Finance / Risk,Risk/Compliance Analyst; Data/BI Analyst; Business Analyst; Operations Analyst,Keep any employment type when role-relevant; exclude generic part-time work,"Exclude generic sales, retail, hospitality, customer service and frontline roles",81,Analytics plus market-surveillance project helps; finance pedigree/domain depth is weaker than your business/implementation fit.,visible,core_harshit,yes,retained_or_replacement
197,Grant Thornton Ireland,https://iegt.wd3.myworkdayjobs.com/GTI_External_Careers_Experienced_Hires_ROI,86,P2 — Strong,Harshit primary,Finance / Risk,Risk/Compliance Analyst; Data/BI Analyst; Business Analyst; Operations Analyst,Keep any employment type when role-relevant; exclude generic part-time work,"Exclude generic sales, retail, hospitality, customer service and frontline roles",81,Analytics plus market-surveillance project helps; finance pedigree/domain depth is weaker than your business/implementation fit.,visible,core_harshit,yes,retained_or_replacement
198,Greencore,https://www.greencore.com/careers/,86,P2 — Strong,Harshit primary,Finance / Risk,Risk/Compliance Analyst; Data/BI Analyst; Business Analyst; Operations Analyst,Keep any employment type when role-relevant; exclude generic part-time work,"Exclude generic sales, retail, hospitality, customer service and frontline roles",81,Analytics plus market-surveillance project helps; finance pedigree/domain depth is weaker than your business/implementation fit.,visible,core_harshit,yes,retained_or_replacement
199,Guidewire,https://www.guidewire.com/about/careers,86,P2 — Strong,Harshit primary,Finance / Risk,Risk/Compliance Analyst; Data/BI Analyst; Business Analyst; Operations Analyst,Keep any employment type when role-relevant; exclude generic part-time work,"Exclude generic sales, retail, hospitality, customer service and frontline roles",81,Analytics plus market-surveillance project helps; finance pedigree/domain depth is weaker than your business/implementation fit.,visible,core_harshit,yes,retained_or_replacement
200,HIQA,https://www.hiqa.ie/about-us/careers,86,P2 — Strong,Harshit primary,Finance / Risk,Risk/Compliance Analyst; Data/BI Analyst; Business Analyst; Operations Analyst,Keep any employment type when role-relevant; exclude generic part-time work,"Exclude generic sales, retail, hospitality, customer service and frontline roles",81,Analytics plus market-surveillance project helps; finance pedigree/domain depth is weaker than your business/implementation fit.,visible,core_harshit,yes,retained_or_replacement
201,HP (Hewlett-Packard),https://jobs.hp.com/search-jobs/Ireland,86,P2 — Strong,Harshit primary,Finance / Risk,Risk/Compliance Analyst; Data/BI Analyst; Business Analyst; Operations Analyst,Keep any employment type when role-relevant; exclude generic part-time work,"Exclude generic sales, retail, hospitality, customer service and frontline roles",81,Analytics plus market-surveillance project helps; finance pedigree/domain depth is weaker than your business/implementation fit.,visible,core_harshit,yes,retained_or_replacement
202,HSBC Ireland,https://www.about.hsbc.ie/careers,86,P2 — Strong,Harshit primary,Finance / Risk,Risk/Compliance Analyst; Data/BI Analyst; Business Analyst; Operations Analyst,Keep any employment type when role-relevant; exclude generic part-time work,"Exclude generic sales, retail, hospitality, customer service and frontline roles",81,Analytics plus market-surveillance project helps; finance pedigree/domain depth is weaker than your business/implementation fit.,visible,core_harshit,yes,retained_or_replacement
203,HSE (Health Service Executive),https://about.hse.ie/jobs/job-search/,86,P2 — Strong,Harshit primary,Finance / Risk,Risk/Compliance Analyst; Data/BI Analyst; Business Analyst; Operations Analyst,Keep any employment type when role-relevant; exclude generic part-time work,"Exclude generic sales, retail, hospitality, customer service and frontline roles",81,Analytics plus market-surveillance project helps; finance pedigree/domain depth is weaker than your business/implementation fit.,visible,core_harshit,yes,retained_or_replacement
204,Haleon,https://careers.haleon.com/careers/*/ireland_ireland?domain=haleon.com,86,P2 — Strong,Harshit primary,Finance / Risk,Risk/Compliance Analyst; Data/BI Analyst; Business Analyst; Operations Analyst,Keep any employment type when role-relevant; exclude generic part-time work,"Exclude generic sales, retail, hospitality, customer service and frontline roles",81,Analytics plus market-surveillance project helps; finance pedigree/domain depth is weaker than your business/implementation fit.,visible,core_harshit,yes,retained_or_replacement
205,Heineken Ireland,https://www.heinekenireland.ie/careers/,86,P2 — Strong,Harshit primary,Finance / Risk,Risk/Compliance Analyst; Data/BI Analyst; Business Analyst; Operations Analyst,Keep any employment type when role-relevant; exclude generic part-time work,"Exclude generic sales, retail, hospitality, customer service and frontline roles",81,Analytics plus market-surveillance project helps; finance pedigree/domain depth is weaker than your business/implementation fit.,visible,core_harshit,yes,retained_or_replacement
206,Hewlett Packard Enterprise (HPE),https://careers.hpe.com/us/en/search-results?m=3&location=Ireland,86,P2 — Strong,Harshit primary,Finance / Risk,Risk/Compliance Analyst; Data/BI Analyst; Business Analyst; Operations Analyst,Keep any employment type when role-relevant; exclude generic part-time work,"Exclude generic sales, retail, hospitality, customer service and frontline roles",81,Analytics plus market-surveillance project helps; finance pedigree/domain depth is weaker than your business/implementation fit.,visible,core_harshit,yes,retained_or_replacement
207,Hollister Incorporated,https://www.hollister.com/en/careers,86,P2 — Strong,Harshit primary,Finance / Risk,Risk/Compliance Analyst; Data/BI Analyst; Business Analyst; Operations Analyst,Keep any employment type when role-relevant; exclude generic part-time work,"Exclude generic sales, retail, hospitality, customer service and frontline roles",81,Analytics plus market-surveillance project helps; finance pedigree/domain depth is weaker than your business/implementation fit.,visible,core_harshit,yes,retained_or_replacement
208,Honeywell,https://ibqbjb.fa.ocs.oraclecloud.com/hcmUI/CandidateExperience/en/sites/Honeywell/jobs,86,P2 — Strong,Harshit primary,Finance / Risk,Risk/Compliance Analyst; Data/BI Analyst; Business Analyst; Operations Analyst,Keep any employment type when role-relevant; exclude generic part-time work,"Exclude generic sales, retail, hospitality, customer service and frontline roles",81,Analytics plus market-surveillance project helps; finance pedigree/domain depth is weaker than your business/implementation fit.,visible,core_harshit,yes,retained_or_replacement
209,Hostelworld,https://careers.hostelworldgroup.com/,86,P2 — Strong,Harshit primary,Finance / Risk,Risk/Compliance Analyst; Data/BI Analyst; Business Analyst; Operations Analyst,Keep any employment type when role-relevant; exclude generic part-time work,"Exclude generic sales, retail, hospitality, customer service and frontline roles",81,Analytics plus market-surveillance project helps; finance pedigree/domain depth is weaker than your business/implementation fit.,visible,core_harshit,yes,retained_or_replacement
210,Huawei Ireland,https://career.huawei.com/,86,P2 — Strong,Harshit primary,Finance / Risk,Risk/Compliance Analyst; Data/BI Analyst; Business Analyst; Operations Analyst,Keep any employment type when role-relevant; exclude generic part-time work,"Exclude generic sales, retail, hospitality, customer service and frontline roles",81,Analytics plus market-surveillance project helps; finance pedigree/domain depth is weaker than your business/implementation fit.,visible,core_harshit,yes,retained_or_replacement
211,ICON plc,https://careers.iconplc.com/search-jobs/Ireland,86,P2 — Strong,Harshit primary,Finance / Risk,Risk/Compliance Analyst; Data/BI Analyst; Business Analyst; Operations Analyst,Keep any employment type when role-relevant; exclude generic part-time work,"Exclude generic sales, retail, hospitality, customer service and frontline roles",81,Analytics plus market-surveillance project helps; finance pedigree/domain depth is weaker than your business/implementation fit.,visible,core_harshit,yes,retained_or_replacement
212,IDA Ireland,https://www.idaireland.com/about-ida-ireland/careers,86,P2 — Strong,Harshit primary,Finance / Risk,Risk/Compliance Analyst; Data/BI Analyst; Business Analyst; Operations Analyst,Keep any employment type when role-relevant; exclude generic part-time work,"Exclude generic sales, retail, hospitality, customer service and frontline roles",81,Analytics plus market-surveillance project helps; finance pedigree/domain depth is weaker than your business/implementation fit.,visible,core_harshit,yes,retained_or_replacement
213,IQ-EQ,https://iqeq.com/careers/,86,P2 — Strong,Harshit primary,Finance / Risk,Risk/Compliance Analyst; Data/BI Analyst; Business Analyst; Operations Analyst,Keep any employment type when role-relevant; exclude generic part-time work,"Exclude generic sales, retail, hospitality, customer service and frontline roles",81,Analytics plus market-surveillance project helps; finance pedigree/domain depth is weaker than your business/implementation fit.,visible,core_harshit,yes,retained_or_replacement
214,IQVIA,https://jobs.iqvia.com/search-jobs/Ireland,86,P2 — Strong,Harshit primary,Finance / Risk,Risk/Compliance Analyst; Data/BI Analyst; Business Analyst; Operations Analyst,Keep any employment type when role-relevant; exclude generic part-time work,"Exclude generic sales, retail, hospitality, customer service and frontline roles",81,Analytics plus market-surveillance project helps; finance pedigree/domain depth is weaker than your business/implementation fit.,visible,core_harshit,yes,retained_or_replacement
215,Illumina,https://illumina.wd1.myworkdayjobs.com/illumina-careers,86,P2 — Strong,Harshit primary,Finance / Risk,Risk/Compliance Analyst; Data/BI Analyst; Business Analyst; Operations Analyst,Keep any employment type when role-relevant; exclude generic part-time work,"Exclude generic sales, retail, hospitality, customer service and frontline roles",81,Analytics plus market-surveillance project helps; finance pedigree/domain depth is weaker than your business/implementation fit.,visible,core_harshit,yes,retained_or_replacement
216,Indeed,https://www.indeed.jobs/,86,P2 — Strong,Harshit primary,Finance / Risk,Risk/Compliance Analyst; Data/BI Analyst; Business Analyst; Operations Analyst,Keep any employment type when role-relevant; exclude generic part-time work,"Exclude generic sales, retail, hospitality, customer service and frontline roles",81,Analytics plus market-surveillance project helps; finance pedigree/domain depth is weaker than your business/implementation fit.,visible,core_harshit,yes,retained_or_replacement
217,Infineon Technologies,https://www.infineon.com/cms/en/careers/,86,P2 — Strong,Harshit primary,Finance / Risk,Risk/Compliance Analyst; Data/BI Analyst; Business Analyst; Operations Analyst,Keep any employment type when role-relevant; exclude generic part-time work,"Exclude generic sales, retail, hospitality, customer service and frontline roles",81,Analytics plus market-surveillance project helps; finance pedigree/domain depth is weaker than your business/implementation fit.,visible,core_harshit,yes,retained_or_replacement
218,Insulet Corporation,https://www.insulet.com/careers,86,P2 — Strong,Harshit primary,Finance / Risk,Risk/Compliance Analyst; Data/BI Analyst; Business Analyst; Operations Analyst,Keep any employment type when role-relevant; exclude generic part-time work,"Exclude generic sales, retail, hospitality, customer service and frontline roles",81,Analytics plus market-surveillance project helps; finance pedigree/domain depth is weaker than your business/implementation fit.,visible,core_harshit,yes,retained_or_replacement
219,Integer Holdings,https://integer.net/careers/,86,P2 — Strong,Harshit primary,Finance / Risk,Risk/Compliance Analyst; Data/BI Analyst; Business Analyst; Operations Analyst,Keep any employment type when role-relevant; exclude generic part-time work,"Exclude generic sales, retail, hospitality, customer service and frontline roles",81,Analytics plus market-surveillance project helps; finance pedigree/domain depth is weaker than your business/implementation fit.,visible,core_harshit,yes,retained_or_replacement
220,Integra LifeSciences,https://www.integralife.com/careers,86,P2 — Strong,Harshit primary,Finance / Risk,Risk/Compliance Analyst; Data/BI Analyst; Business Analyst; Operations Analyst,Keep any employment type when role-relevant; exclude generic part-time work,"Exclude generic sales, retail, hospitality, customer service and frontline roles",81,Analytics plus market-surveillance project helps; finance pedigree/domain depth is weaker than your business/implementation fit.,visible,core_harshit,yes,retained_or_replacement
221,Intercom,https://www.intercom.com/careers,86,P2 — Strong,Harshit primary,Finance / Risk,Risk/Compliance Analyst; Data/BI Analyst; Business Analyst; Operations Analyst,Keep any employment type when role-relevant; exclude generic part-time work,"Exclude generic sales, retail, hospitality, customer service and frontline roles",81,Analytics plus market-surveillance project helps; finance pedigree/domain depth is weaker than your business/implementation fit.,visible,core_harshit,yes,retained_or_replacement
222,Invesco,https://careers.invesco.com/,86,P2 — Strong,Harshit primary,Finance / Risk,Risk/Compliance Analyst; Data/BI Analyst; Business Analyst; Operations Analyst,Keep any employment type when role-relevant; exclude generic part-time work,"Exclude generic sales, retail, hospitality, customer service and frontline roles",81,Analytics plus market-surveillance project helps; finance pedigree/domain depth is weaker than your business/implementation fit.,visible,core_harshit,yes,retained_or_replacement
223,Irish Aviation Authority,https://www.iaa.ie/careers,86,P2 — Strong,Harshit primary,Finance / Risk,Risk/Compliance Analyst; Data/BI Analyst; Business Analyst; Operations Analyst,Keep any employment type when role-relevant; exclude generic part-time work,"Exclude generic sales, retail, hospitality, customer service and frontline roles",81,Analytics plus market-surveillance project helps; finance pedigree/domain depth is weaker than your business/implementation fit.,visible,core_harshit,yes,retained_or_replacement
224,Irish Distillers (Pernod Ricard),https://www.irishdistillers.ie/careers/,86,P2 — Strong,Harshit primary,Finance / Risk,Risk/Compliance Analyst; Data/BI Analyst; Business Analyst; Operations Analyst,Keep any employment type when role-relevant; exclude generic part-time work,"Exclude generic sales, retail, hospitality, customer service and frontline roles",81,Analytics plus market-surveillance project helps; finance pedigree/domain depth is weaker than your business/implementation fit.,visible,core_harshit,yes,retained_or_replacement
225,Irish Ferries,https://www.irishferries.com/uk-en/careers/,86,P2 — Strong,Harshit primary,Finance / Risk,Risk/Compliance Analyst; Data/BI Analyst; Business Analyst; Operations Analyst,Keep any employment type when role-relevant; exclude generic part-time work,"Exclude generic sales, retail, hospitality, customer service and frontline roles",81,Analytics plus market-surveillance project helps; finance pedigree/domain depth is weaker than your business/implementation fit.,visible,core_harshit,yes,retained_or_replacement
226,Irish Life,https://www.irishlife.ie/about-us/careers,86,P2 — Strong,Harshit primary,Finance / Risk,Risk/Compliance Analyst; Data/BI Analyst; Business Analyst; Operations Analyst,Keep any employment type when role-relevant; exclude generic part-time work,"Exclude generic sales, retail, hospitality, customer service and frontline roles",81,Analytics plus market-surveillance project helps; finance pedigree/domain depth is weaker than your business/implementation fit.,visible,core_harshit,yes,retained_or_replacement
227,Irish Rail (Iarnród Éireann),https://www.irishrail.ie/en-ie/about-us/careers,86,P2 — Strong,Harshit primary,Finance / Risk,Risk/Compliance Analyst; Data/BI Analyst; Business Analyst; Operations Analyst,Keep any employment type when role-relevant; exclude generic part-time work,"Exclude generic sales, retail, hospitality, customer service and frontline roles",81,Analytics plus market-surveillance project helps; finance pedigree/domain depth is weaker than your business/implementation fit.,visible,core_harshit,yes,retained_or_replacement
228,Jabil,https://careers.jabil.com/,86,P2 — Strong,Harshit primary,Finance / Risk,Risk/Compliance Analyst; Data/BI Analyst; Business Analyst; Operations Analyst,Keep any employment type when role-relevant; exclude generic part-time work,"Exclude generic sales, retail, hospitality, customer service and frontline roles",81,Analytics plus market-surveillance project helps; finance pedigree/domain depth is weaker than your business/implementation fit.,visible,core_harshit,yes,retained_or_replacement
229,Jacobs,https://www.jacobs.com/careers,86,P2 — Strong,Harshit primary,Finance / Risk,Risk/Compliance Analyst; Data/BI Analyst; Business Analyst; Operations Analyst,Keep any employment type when role-relevant; exclude generic part-time work,"Exclude generic sales, retail, hospitality, customer service and frontline roles",81,Analytics plus market-surveillance project helps; finance pedigree/domain depth is weaker than your business/implementation fit.,visible,core_harshit,yes,retained_or_replacement
230,Jamf,https://www.jamf.com/careers/,86,P2 — Strong,Harshit primary,Finance / Risk,Risk/Compliance Analyst; Data/BI Analyst; Business Analyst; Operations Analyst,Keep any employment type when role-relevant; exclude generic part-time work,"Exclude generic sales, retail, hospitality, customer service and frontline roles",81,Analytics plus market-surveillance project helps; finance pedigree/domain depth is weaker than your business/implementation fit.,visible,core_harshit,yes,retained_or_replacement
231,Jazz Pharmaceuticals,https://jazzpharma.wd5.myworkdayjobs.com/Jazz_Careers,86,P2 — Strong,Harshit primary,Finance / Risk,Risk/Compliance Analyst; Data/BI Analyst; Business Analyst; Operations Analyst,Keep any employment type when role-relevant; exclude generic part-time work,"Exclude generic sales, retail, hospitality, customer service and frontline roles",81,Analytics plus market-surveillance project helps; finance pedigree/domain depth is weaker than your business/implementation fit.,visible,core_harshit,yes,retained_or_replacement
232,John Sisk & Son (Sisk Group),https://www.johnsiskandson.com/careers,86,P2 — Strong,Harshit primary,Finance / Risk,Risk/Compliance Analyst; Data/BI Analyst; Business Analyst; Operations Analyst,Keep any employment type when role-relevant; exclude generic part-time work,"Exclude generic sales, retail, hospitality, customer service and frontline roles",81,Analytics plus market-surveillance project helps; finance pedigree/domain depth is weaker than your business/implementation fit.,visible,core_harshit,yes,retained_or_replacement
233,Johnson Controls,https://jobs.johnsoncontrols.com/,86,P2 — Strong,Harshit primary,Finance / Risk,Risk/Compliance Analyst; Data/BI Analyst; Business Analyst; Operations Analyst,Keep any employment type when role-relevant; exclude generic part-time work,"Exclude generic sales, retail, hospitality, customer service and frontline roles",81,Analytics plus market-surveillance project helps; finance pedigree/domain depth is weaker than your business/implementation fit.,visible,core_harshit,yes,retained_or_replacement
234,Keelings,https://www.keelings.com/careers/,86,P2 — Strong,Harshit primary,Finance / Risk,Risk/Compliance Analyst; Data/BI Analyst; Business Analyst; Operations Analyst,Keep any employment type when role-relevant; exclude generic part-time work,"Exclude generic sales, retail, hospitality, customer service and frontline roles",81,Analytics plus market-surveillance project helps; finance pedigree/domain depth is weaker than your business/implementation fit.,visible,core_harshit,yes,retained_or_replacement
235,Keysight Technologies,https://about.keysight.com/en/careers/,86,P2 — Strong,Harshit primary,Finance / Risk,Risk/Compliance Analyst; Data/BI Analyst; Business Analyst; Operations Analyst,Keep any employment type when role-relevant; exclude generic part-time work,"Exclude generic sales, retail, hospitality, customer service and frontline roles",81,Analytics plus market-surveillance project helps; finance pedigree/domain depth is weaker than your business/implementation fit.,visible,core_harshit,yes,retained_or_replacement
236,Keywords Studios,https://www.keywordsstudios.com/en/careers/,86,P2 — Strong,Harshit primary,Finance / Risk,Risk/Compliance Analyst; Data/BI Analyst; Business Analyst; Operations Analyst,Keep any employment type when role-relevant; exclude generic part-time work,"Exclude generic sales, retail, hospitality, customer service and frontline roles",81,Analytics plus market-surveillance project helps; finance pedigree/domain depth is weaker than your business/implementation fit.,visible,core_harshit,yes,retained_or_replacement
237,Kingspan Group,https://www.kingspan.com/group/careers,86,P2 — Strong,Harshit primary,Finance / Risk,Risk/Compliance Analyst; Data/BI Analyst; Business Analyst; Operations Analyst,Keep any employment type when role-relevant; exclude generic part-time work,"Exclude generic sales, retail, hospitality, customer service and frontline roles",81,Analytics plus market-surveillance project helps; finance pedigree/domain depth is weaker than your business/implementation fit.,visible,core_harshit,yes,retained_or_replacement
238,Kirby Group Engineering,https://kirbygroup.com/careers/,86,P2 — Strong,Harshit primary,Finance / Risk,Risk/Compliance Analyst; Data/BI Analyst; Business Analyst; Operations Analyst,Keep any employment type when role-relevant; exclude generic part-time work,"Exclude generic sales, retail, hospitality, customer service and frontline roles",81,Analytics plus market-surveillance project helps; finance pedigree/domain depth is weaker than your business/implementation fit.,visible,core_harshit,yes,retained_or_replacement
239,Kuehne+Nagel Ireland,https://jobs.kuehne-nagel.com/global/en/search-results?m=3&location=Ireland,86,P2 — Strong,Harshit primary,Finance / Risk,Risk/Compliance Analyst; Data/BI Analyst; Business Analyst; Operations Analyst,Keep any employment type when role-relevant; exclude generic part-time work,"Exclude generic sales, retail, hospitality, customer service and frontline roles",81,Analytics plus market-surveillance project helps; finance pedigree/domain depth is weaker than your business/implementation fit.,visible,core_harshit,yes,retained_or_replacement
240,LK Shields,https://www.lkshields.ie/careers,86,P2 — Strong,Harshit primary,Finance / Risk,Risk/Compliance Analyst; Data/BI Analyst; Business Analyst; Operations Analyst,Keep any employment type when role-relevant; exclude generic part-time work,"Exclude generic sales, retail, hospitality, customer service and frontline roles",81,Analytics plus market-surveillance project helps; finance pedigree/domain depth is weaker than your business/implementation fit.,visible,core_harshit,yes,retained_or_replacement
241,Labcorp,https://careers.labcorp.com/global/en,86,P2 — Strong,Harshit primary,Finance / Risk,Risk/Compliance Analyst; Data/BI Analyst; Business Analyst; Operations Analyst,Keep any employment type when role-relevant; exclude generic part-time work,"Exclude generic sales, retail, hospitality, customer service and frontline roles",81,Analytics plus market-surveillance project helps; finance pedigree/domain depth is weaker than your business/implementation fit.,visible,core_harshit,yes,retained_or_replacement
242,Lam Research,https://www.lamresearch.com/careers/,86,P2 — Strong,Harshit primary,Finance / Risk,Risk/Compliance Analyst; Data/BI Analyst; Business Analyst; Operations Analyst,Keep any employment type when role-relevant; exclude generic part-time work,"Exclude generic sales, retail, hospitality, customer service and frontline roles",81,Analytics plus market-surveillance project helps; finance pedigree/domain depth is weaker than your business/implementation fit.,visible,core_harshit,yes,retained_or_replacement
243,Laya Healthcare,https://www.layahealthcare.ie/aboutus/careers/,86,P2 — Strong,Harshit primary,Finance / Risk,Risk/Compliance Analyst; Data/BI Analyst; Business Analyst; Operations Analyst,Keep any employment type when role-relevant; exclude generic part-time work,"Exclude generic sales, retail, hospitality, customer service and frontline roles",81,Analytics plus market-surveillance project helps; finance pedigree/domain depth is weaker than your business/implementation fit.,visible,core_harshit,yes,retained_or_replacement
244,LearnUpon,https://www.learnupon.com/careers/,86,P2 — Strong,Harshit primary,Finance / Risk,Risk/Compliance Analyst; Data/BI Analyst; Business Analyst; Operations Analyst,Keep any employment type when role-relevant; exclude generic part-time work,"Exclude generic sales, retail, hospitality, customer service and frontline roles",81,Analytics plus market-surveillance project helps; finance pedigree/domain depth is weaker than your business/implementation fit.,visible,core_harshit,yes,retained_or_replacement
245,Linesight,https://www.linesight.com/careers/,86,P2 — Strong,Harshit primary,Finance / Risk,Risk/Compliance Analyst; Data/BI Analyst; Business Analyst; Operations Analyst,Keep any employment type when role-relevant; exclude generic part-time work,"Exclude generic sales, retail, hospitality, customer service and frontline roles",81,Analytics plus market-surveillance project helps; finance pedigree/domain depth is weaker than your business/implementation fit.,visible,core_harshit,yes,retained_or_replacement
246,Logitech,https://www.logitech.com/en-us/careers,86,P2 — Strong,Harshit primary,Finance / Risk,Risk/Compliance Analyst; Data/BI Analyst; Business Analyst; Operations Analyst,Keep any employment type when role-relevant; exclude generic part-time work,"Exclude generic sales, retail, hospitality, customer service and frontline roles",81,Analytics plus market-surveillance project helps; finance pedigree/domain depth is weaker than your business/implementation fit.,visible,core_harshit,yes,retained_or_replacement
247,MSCI,https://www.msci.com/careers,86,P2 — Strong,Harshit primary,Finance / Risk,Risk/Compliance Analyst; Data/BI Analyst; Business Analyst; Operations Analyst,Keep any employment type when role-relevant; exclude generic part-time work,"Exclude generic sales, retail, hospitality, customer service and frontline roles",81,Analytics plus market-surveillance project helps; finance pedigree/domain depth is weaker than your business/implementation fit.,visible,core_harshit,yes,retained_or_replacement
248,MSD,https://jobs.msd.com/ireland,86,P2 — Strong,Harshit primary,Finance / Risk,Risk/Compliance Analyst; Data/BI Analyst; Business Analyst; Operations Analyst,Keep any employment type when role-relevant; exclude generic part-time work,"Exclude generic sales, retail, hospitality, customer service and frontline roles",81,Analytics plus market-surveillance project helps; finance pedigree/domain depth is weaker than your business/implementation fit.,visible,core_harshit,yes,retained_or_replacement
249,MSD (Merck Sharp & Dohme),https://msd.wd5.myworkdayjobs.com/SearchJobs,86,P2 — Strong,Harshit primary,Finance / Risk,Risk/Compliance Analyst; Data/BI Analyst; Business Analyst; Operations Analyst,Keep any employment type when role-relevant; exclude generic part-time work,"Exclude generic sales, retail, hospitality, customer service and frontline roles",81,Analytics plus market-surveillance project helps; finance pedigree/domain depth is weaker than your business/implementation fit.,visible,core_harshit,yes,retained_or_replacement
250,MUFG Investor Services,https://www.mufg-investorservices.com/careers/,86,P2 — Strong,Harshit primary,Finance / Risk,Risk/Compliance Analyst; Data/BI Analyst; Business Analyst; Operations Analyst,Keep any employment type when role-relevant; exclude generic part-time work,"Exclude generic sales, retail, hospitality, customer service and frontline roles",81,Analytics plus market-surveillance project helps; finance pedigree/domain depth is weaker than your business/implementation fit.,visible,core_harshit,yes,retained_or_replacement
251,Macquarie Group,https://www.macquarie.com/au/en/careers.html,86,P2 — Strong,Harshit primary,Finance / Risk,Risk/Compliance Analyst; Data/BI Analyst; Business Analyst; Operations Analyst,Keep any employment type when role-relevant; exclude generic part-time work,"Exclude generic sales, retail, hospitality, customer service and frontline roles",81,Analytics plus market-surveillance project helps; finance pedigree/domain depth is weaker than your business/implementation fit.,visible,core_harshit,yes,retained_or_replacement
252,Maples Group Ireland,https://maples.com/careers,86,P2 — Strong,Harshit primary,Finance / Risk,Risk/Compliance Analyst; Data/BI Analyst; Business Analyst; Operations Analyst,Keep any employment type when role-relevant; exclude generic part-time work,"Exclude generic sales, retail, hospitality, customer service and frontline roles",81,Analytics plus market-surveillance project helps; finance pedigree/domain depth is weaker than your business/implementation fit.,visible,core_harshit,yes,retained_or_replacement
253,Mars Ireland,https://careers.mars.com/,86,P2 — Strong,Harshit primary,Finance / Risk,Risk/Compliance Analyst; Data/BI Analyst; Business Analyst; Operations Analyst,Keep any employment type when role-relevant; exclude generic part-time work,"Exclude generic sales, retail, hospitality, customer service and frontline roles",81,Analytics plus market-surveillance project helps; finance pedigree/domain depth is weaker than your business/implementation fit.,visible,core_harshit,yes,retained_or_replacement
254,Marsh McLennan,https://mmc.wd1.myworkdayjobs.com/MMC,86,P2 — Strong,Harshit primary,Finance / Risk,Risk/Compliance Analyst; Data/BI Analyst; Business Analyst; Operations Analyst,Keep any employment type when role-relevant; exclude generic part-time work,"Exclude generic sales, retail, hospitality, customer service and frontline roles",81,Analytics plus market-surveillance project helps; finance pedigree/domain depth is weaker than your business/implementation fit.,visible,core_harshit,yes,retained_or_replacement
255,Marvell Technology,https://www.marvell.com/company/careers.html,86,P2 — Strong,Harshit primary,Finance / Risk,Risk/Compliance Analyst; Data/BI Analyst; Business Analyst; Operations Analyst,Keep any employment type when role-relevant; exclude generic part-time work,"Exclude generic sales, retail, hospitality, customer service and frontline roles",81,Analytics plus market-surveillance project helps; finance pedigree/domain depth is weaker than your business/implementation fit.,visible,core_harshit,yes,retained_or_replacement
256,Mason Hayes & Curran,https://www.mhc.ie/careers,86,P2 — Strong,Harshit primary,Finance / Risk,Risk/Compliance Analyst; Data/BI Analyst; Business Analyst; Operations Analyst,Keep any employment type when role-relevant; exclude generic part-time work,"Exclude generic sales, retail, hospitality, customer service and frontline roles",81,Analytics plus market-surveillance project helps; finance pedigree/domain depth is weaker than your business/implementation fit.,visible,core_harshit,yes,retained_or_replacement
257,Matheson,https://www.matheson.com/careers,86,P2 — Strong,Harshit primary,Finance / Risk,Risk/Compliance Analyst; Data/BI Analyst; Business Analyst; Operations Analyst,Keep any employment type when role-relevant; exclude generic part-time work,"Exclude generic sales, retail, hospitality, customer service and frontline roles",81,Analytics plus market-surveillance project helps; finance pedigree/domain depth is weaker than your business/implementation fit.,visible,core_harshit,yes,retained_or_replacement
258,McCann FitzGerald,https://www.mccannfitzgerald.com/careers,86,P2 — Strong,Harshit primary,Finance / Risk,Risk/Compliance Analyst; Data/BI Analyst; Business Analyst; Operations Analyst,Keep any employment type when role-relevant; exclude generic part-time work,"Exclude generic sales, retail, hospitality, customer service and frontline roles",81,Analytics plus market-surveillance project helps; finance pedigree/domain depth is weaker than your business/implementation fit.,visible,core_harshit,yes,retained_or_replacement
259,Mediahuis Ireland,https://www.mediahuis.ie/careers/,86,P2 — Strong,Harshit primary,Finance / Risk,Risk/Compliance Analyst; Data/BI Analyst; Business Analyst; Operations Analyst,Keep any employment type when role-relevant; exclude generic part-time work,"Exclude generic sales, retail, hospitality, customer service and frontline roles",81,Analytics plus market-surveillance project helps; finance pedigree/domain depth is weaker than your business/implementation fit.,visible,core_harshit,yes,retained_or_replacement
260,Mediolanum International Funds,https://www.mifl.ie/careers/open-positions,86,P2 — Strong,Harshit primary,Finance / Risk,Risk/Compliance Analyst; Data/BI Analyst; Business Analyst; Operations Analyst,Keep any employment type when role-relevant; exclude generic part-time work,"Exclude generic sales, retail, hospitality, customer service and frontline roles",81,Analytics plus market-surveillance project helps; finance pedigree/domain depth is weaker than your business/implementation fit.,visible,core_harshit,yes,retained_or_replacement
261,Medpace,https://www.medpace.com/careers/,86,P2 — Strong,Harshit primary,Finance / Risk,Risk/Compliance Analyst; Data/BI Analyst; Business Analyst; Operations Analyst,Keep any employment type when role-relevant; exclude generic part-time work,"Exclude generic sales, retail, hospitality, customer service and frontline roles",81,Analytics plus market-surveillance project helps; finance pedigree/domain depth is weaker than your business/implementation fit.,visible,core_harshit,yes,retained_or_replacement
262,Mercer,https://mmc.wd1.myworkdayjobs.com/MMC,86,P2 — Strong,Harshit primary,Finance / Risk,Risk/Compliance Analyst; Data/BI Analyst; Business Analyst; Operations Analyst,Keep any employment type when role-relevant; exclude generic part-time work,"Exclude generic sales, retail, hospitality, customer service and frontline roles",81,Analytics plus market-surveillance project helps; finance pedigree/domain depth is weaker than your business/implementation fit.,visible,core_harshit,yes,retained_or_replacement
263,Merck Group,https://jobs.vibrantm.com/merck/go/Jobs-in-Ireland/8330701/,86,P2 — Strong,Harshit primary,Finance / Risk,Risk/Compliance Analyst; Data/BI Analyst; Business Analyst; Operations Analyst,Keep any employment type when role-relevant; exclude generic part-time work,"Exclude generic sales, retail, hospitality, customer service and frontline roles",81,Analytics plus market-surveillance project helps; finance pedigree/domain depth is weaker than your business/implementation fit.,visible,core_harshit,yes,retained_or_replacement
264,Mercury Engineering,https://www.mercuryeng.com/careers/,86,P2 — Strong,Harshit primary,Finance / Risk,Risk/Compliance Analyst; Data/BI Analyst; Business Analyst; Operations Analyst,Keep any employment type when role-relevant; exclude generic part-time work,"Exclude generic sales, retail, hospitality, customer service and frontline roles",81,Analytics plus market-surveillance project helps; finance pedigree/domain depth is weaker than your business/implementation fit.,visible,core_harshit,yes,retained_or_replacement
265,Merit Medical,https://www.merit.com/careers/,86,P2 — Strong,Harshit primary,Finance / Risk,Risk/Compliance Analyst; Data/BI Analyst; Business Analyst; Operations Analyst,Keep any employment type when role-relevant; exclude generic part-time work,"Exclude generic sales, retail, hospitality, customer service and frontline roles",81,Analytics plus market-surveillance project helps; finance pedigree/domain depth is weaker than your business/implementation fit.,visible,core_harshit,yes,retained_or_replacement
266,Microchip Technology,https://careers.microchip.com/,86,P2 — Strong,Harshit primary,Finance / Risk,Risk/Compliance Analyst; Data/BI Analyst; Business Analyst; Operations Analyst,Keep any employment type when role-relevant; exclude generic part-time work,"Exclude generic sales, retail, hospitality, customer service and frontline roles",81,Analytics plus market-surveillance project helps; finance pedigree/domain depth is weaker than your business/implementation fit.,visible,core_harshit,yes,retained_or_replacement
267,Monzo,https://monzo.com/careers,86,P2 — Strong,Harshit primary,Finance / Risk,Risk/Compliance Analyst; Data/BI Analyst; Business Analyst; Operations Analyst,Keep any employment type when role-relevant; exclude generic part-time work,"Exclude generic sales, retail, hospitality, customer service and frontline roles",81,Analytics plus market-surveillance project helps; finance pedigree/domain depth is weaker than your business/implementation fit.,visible,core_harshit,yes,retained_or_replacement
268,Moody's,https://careers.moodys.com/,86,P2 — Strong,Harshit primary,Finance / Risk,Risk/Compliance Analyst; Data/BI Analyst; Business Analyst; Operations Analyst,Keep any employment type when role-relevant; exclude generic part-time work,"Exclude generic sales, retail, hospitality, customer service and frontline roles",81,Analytics plus market-surveillance project helps; finance pedigree/domain depth is weaker than your business/implementation fit.,visible,core_harshit,yes,retained_or_replacement
269,Morningstar,https://www.morningstar.com/careers,86,P2 — Strong,Harshit primary,Finance / Risk,Risk/Compliance Analyst; Data/BI Analyst; Business Analyst; Operations Analyst,Keep any employment type when role-relevant; exclude generic part-time work,"Exclude generic sales, retail, hospitality, customer service and frontline roles",81,Analytics plus market-surveillance project helps; finance pedigree/domain depth is weaker than your business/implementation fit.,visible,core_harshit,yes,retained_or_replacement
270,Mott MacDonald,https://www.mottmac.com/careers,86,P2 — Strong,Harshit primary,Finance / Risk,Risk/Compliance Analyst; Data/BI Analyst; Business Analyst; Operations Analyst,Keep any employment type when role-relevant; exclude generic part-time work,"Exclude generic sales, retail, hospitality, customer service and frontline roles",81,Analytics plus market-surveillance project helps; finance pedigree/domain depth is weaker than your business/implementation fit.,visible,core_harshit,yes,retained_or_replacement
271,NTMA,https://www.ntma.ie/about-the-ntma/careers/current-opportunities,86,P2 — Strong,Harshit primary,Finance / Risk,Risk/Compliance Analyst; Data/BI Analyst; Business Analyst; Operations Analyst,Keep any employment type when role-relevant; exclude generic part-time work,"Exclude generic sales, retail, hospitality, customer service and frontline roles",81,Analytics plus market-surveillance project helps; finance pedigree/domain depth is weaker than your business/implementation fit.,visible,core_harshit,yes,retained_or_replacement
272,NVIDIA,https://nvidia.wd5.myworkdayjobs.com/NVIDIAExternalCareerSite,86,P2 — Strong,Harshit primary,Finance / Risk,Risk/Compliance Analyst; Data/BI Analyst; Business Analyst; Operations Analyst,Keep any employment type when role-relevant; exclude generic part-time work,"Exclude generic sales, retail, hospitality, customer service and frontline roles",81,Analytics plus market-surveillance project helps; finance pedigree/domain depth is weaker than your business/implementation fit.,visible,core_harshit,yes,retained_or_replacement
273,NXP Semiconductors,https://nxp.wd3.myworkdayjobs.com/careers,86,P2 — Strong,Harshit primary,Finance / Risk,Risk/Compliance Analyst; Data/BI Analyst; Business Analyst; Operations Analyst,Keep any employment type when role-relevant; exclude generic part-time work,"Exclude generic sales, retail, hospitality, customer service and frontline roles",81,Analytics plus market-surveillance project helps; finance pedigree/domain depth is weaker than your business/implementation fit.,visible,core_harshit,yes,retained_or_replacement
274,Nestlé Ireland,https://www.nestlejobs.com/,86,P2 — Strong,Harshit primary,Finance / Risk,Risk/Compliance Analyst; Data/BI Analyst; Business Analyst; Operations Analyst,Keep any employment type when role-relevant; exclude generic part-time work,"Exclude generic sales, retail, hospitality, customer service and frontline roles",81,Analytics plus market-surveillance project helps; finance pedigree/domain depth is weaker than your business/implementation fit.,visible,core_harshit,yes,retained_or_replacement
275,NetApp,https://www.netapp.com/company/careers/,86,P2 — Strong,Harshit primary,Finance / Risk,Risk/Compliance Analyst; Data/BI Analyst; Business Analyst; Operations Analyst,Keep any employment type when role-relevant; exclude generic part-time work,"Exclude generic sales, retail, hospitality, customer service and frontline roles",81,Analytics plus market-surveillance project helps; finance pedigree/domain depth is weaker than your business/implementation fit.,visible,core_harshit,yes,retained_or_replacement
276,Nokia,https://www.nokia.com/careers/,86,P2 — Strong,Harshit primary,Finance / Risk,Risk/Compliance Analyst; Data/BI Analyst; Business Analyst; Operations Analyst,Keep any employment type when role-relevant; exclude generic part-time work,"Exclude generic sales, retail, hospitality, customer service and frontline roles",81,Analytics plus market-surveillance project helps; finance pedigree/domain depth is weaker than your business/implementation fit.,visible,core_harshit,yes,retained_or_replacement
277,Nordic Aviation Capital,https://nordicaviationcapital.com/careers,86,P2 — Strong,Harshit primary,Finance / Risk,Risk/Compliance Analyst; Data/BI Analyst; Business Analyst; Operations Analyst,Keep any employment type when role-relevant; exclude generic part-time work,"Exclude generic sales, retail, hospitality, customer service and frontline roles",81,Analytics plus market-surveillance project helps; finance pedigree/domain depth is weaker than your business/implementation fit.,visible,core_harshit,yes,retained_or_replacement
278,Northern Trust,https://northerntrust.wd1.myworkdayjobs.com/External_Careers,86,P2 — Strong,Harshit primary,Finance / Risk,Risk/Compliance Analyst; Data/BI Analyst; Business Analyst; Operations Analyst,Keep any employment type when role-relevant; exclude generic part-time work,"Exclude generic sales, retail, hospitality, customer service and frontline roles",81,Analytics plus market-surveillance project helps; finance pedigree/domain depth is weaker than your business/implementation fit.,visible,core_harshit,yes,retained_or_replacement
279,Notion,https://www.notion.so/careers,86,P2 — Strong,Harshit primary,Finance / Risk,Risk/Compliance Analyst; Data/BI Analyst; Business Analyst; Operations Analyst,Keep any employment type when role-relevant; exclude generic part-time work,"Exclude generic sales, retail, hospitality, customer service and frontline roles",81,Analytics plus market-surveillance project helps; finance pedigree/domain depth is weaker than your business/implementation fit.,visible,core_harshit,yes,retained_or_replacement
280,Novartis,https://www.novartis.com/careers/career-search?country%5B0%5D=IE,86,P2 — Strong,Harshit primary,Finance / Risk,Risk/Compliance Analyst; Data/BI Analyst; Business Analyst; Operations Analyst,Keep any employment type when role-relevant; exclude generic part-time work,"Exclude generic sales, retail, hospitality, customer service and frontline roles",81,Analytics plus market-surveillance project helps; finance pedigree/domain depth is weaker than your business/implementation fit.,visible,core_harshit,yes,retained_or_replacement
281,Nutanix,https://www.nutanix.com/careers,86,P2 — Strong,Harshit primary,Finance / Risk,Risk/Compliance Analyst; Data/BI Analyst; Business Analyst; Operations Analyst,Keep any employment type when role-relevant; exclude generic part-time work,"Exclude generic sales, retail, hospitality, customer service and frontline roles",81,Analytics plus market-surveillance project helps; finance pedigree/domain depth is weaker than your business/implementation fit.,visible,core_harshit,yes,retained_or_replacement
282,OFX,https://www.ofx.com/en-ie/careers/,86,P2 — Strong,Harshit primary,Finance / Risk,Risk/Compliance Analyst; Data/BI Analyst; Business Analyst; Operations Analyst,Keep any employment type when role-relevant; exclude generic part-time work,"Exclude generic sales, retail, hospitality, customer service and frontline roles",81,Analytics plus market-surveillance project helps; finance pedigree/domain depth is weaker than your business/implementation fit.,visible,core_harshit,yes,retained_or_replacement
283,Okta,https://www.okta.com/careers/,86,P2 — Strong,Harshit primary,Finance / Risk,Risk/Compliance Analyst; Data/BI Analyst; Business Analyst; Operations Analyst,Keep any employment type when role-relevant; exclude generic part-time work,"Exclude generic sales, retail, hospitality, customer service and frontline roles",81,Analytics plus market-surveillance project helps; finance pedigree/domain depth is weaker than your business/implementation fit.,visible,core_harshit,yes,retained_or_replacement
284,Optum,https://www.optum.ie/careers.html,86,P2 — Strong,Harshit primary,Finance / Risk,Risk/Compliance Analyst; Data/BI Analyst; Business Analyst; Operations Analyst,Keep any employment type when role-relevant; exclude generic part-time work,"Exclude generic sales, retail, hospitality, customer service and frontline roles",81,Analytics plus market-surveillance project helps; finance pedigree/domain depth is weaker than your business/implementation fit.,visible,core_harshit,yes,retained_or_replacement
285,PA Consulting,https://www.paconsulting.com/careers,86,P2 — Strong,Harshit primary,Finance / Risk,Risk/Compliance Analyst; Data/BI Analyst; Business Analyst; Operations Analyst,Keep any employment type when role-relevant; exclude generic part-time work,"Exclude generic sales, retail, hospitality, customer service and frontline roles",81,Analytics plus market-surveillance project helps; finance pedigree/domain depth is weaker than your business/implementation fit.,visible,core_harshit,yes,retained_or_replacement
286,PIMCO,https://careers.pimco.com/,86,P2 — Strong,Harshit primary,Finance / Risk,Risk/Compliance Analyst; Data/BI Analyst; Business Analyst; Operations Analyst,Keep any employment type when role-relevant; exclude generic part-time work,"Exclude generic sales, retail, hospitality, customer service and frontline roles",81,Analytics plus market-surveillance project helps; finance pedigree/domain depth is weaker than your business/implementation fit.,visible,core_harshit,yes,retained_or_replacement
287,PM Group,https://www.pmgroup-global.com/careers/,86,P2 — Strong,Harshit primary,Finance / Risk,Risk/Compliance Analyst; Data/BI Analyst; Business Analyst; Operations Analyst,Keep any employment type when role-relevant; exclude generic part-time work,"Exclude generic sales, retail, hospitality, customer service and frontline roles",81,Analytics plus market-surveillance project helps; finance pedigree/domain depth is weaker than your business/implementation fit.,visible,core_harshit,yes,retained_or_replacement
288,PTSB (Permanent TSB),https://www.ptsb.ie/about-us/careers/,86,P2 — Strong,Harshit primary,Finance / Risk,Risk/Compliance Analyst; Data/BI Analyst; Business Analyst; Operations Analyst,Keep any employment type when role-relevant; exclude generic part-time work,"Exclude generic sales, retail, hospitality, customer service and frontline roles",81,Analytics plus market-surveillance project helps; finance pedigree/domain depth is weaker than your business/implementation fit.,visible,core_harshit,yes,retained_or_replacement
289,Palo Alto Networks,https://jobs.paloaltonetworks.com/en/jobs/,86,P2 — Strong,Harshit primary,Finance / Risk,Risk/Compliance Analyst; Data/BI Analyst; Business Analyst; Operations Analyst,Keep any employment type when role-relevant; exclude generic part-time work,"Exclude generic sales, retail, hospitality, customer service and frontline roles",81,Analytics plus market-surveillance project helps; finance pedigree/domain depth is weaker than your business/implementation fit.,visible,core_harshit,yes,retained_or_replacement
290,PayPal,https://paypal.wd1.myworkdayjobs.com/jobs,86,P2 — Strong,Harshit primary,Finance / Risk,Risk/Compliance Analyst; Data/BI Analyst; Business Analyst; Operations Analyst,Keep any employment type when role-relevant; exclude generic part-time work,"Exclude generic sales, retail, hospitality, customer service and frontline roles",81,Analytics plus market-surveillance project helps; finance pedigree/domain depth is weaker than your business/implementation fit.,visible,core_harshit,yes,retained_or_replacement
291,Payrails,https://www.payrails.com/careers,86,P2 — Strong,Harshit primary,Finance / Risk,Risk/Compliance Analyst; Data/BI Analyst; Business Analyst; Operations Analyst,Keep any employment type when role-relevant; exclude generic part-time work,"Exclude generic sales, retail, hospitality, customer service and frontline roles",81,Analytics plus market-surveillance project helps; finance pedigree/domain depth is weaker than your business/implementation fit.,visible,core_harshit,yes,retained_or_replacement
292,Perrigo,https://careers.perrigo.com/,86,P2 — Strong,Harshit primary,Finance / Risk,Risk/Compliance Analyst; Data/BI Analyst; Business Analyst; Operations Analyst,Keep any employment type when role-relevant; exclude generic part-time work,"Exclude generic sales, retail, hospitality, customer service and frontline roles",81,Analytics plus market-surveillance project helps; finance pedigree/domain depth is weaker than your business/implementation fit.,visible,core_harshit,yes,retained_or_replacement
293,Personio,https://www.personio.com/about-personio/careers/locations/dublin/,86,P2 — Strong,Harshit primary,Finance / Risk,Risk/Compliance Analyst; Data/BI Analyst; Business Analyst; Operations Analyst,Keep any employment type when role-relevant; exclude generic part-time work,"Exclude generic sales, retail, hospitality, customer service and frontline roles",81,Analytics plus market-surveillance project helps; finance pedigree/domain depth is weaker than your business/implementation fit.,visible,core_harshit,yes,retained_or_replacement
294,Philip Lee,https://www.philiplee.ie/careers/,86,P2 — Strong,Harshit primary,Finance / Risk,Risk/Compliance Analyst; Data/BI Analyst; Business Analyst; Operations Analyst,Keep any employment type when role-relevant; exclude generic part-time work,"Exclude generic sales, retail, hospitality, customer service and frontline roles",81,Analytics plus market-surveillance project helps; finance pedigree/domain depth is weaker than your business/implementation fit.,visible,core_harshit,yes,retained_or_replacement
295,Ping Identity,https://www.pingidentity.com/en/company/careers.html,86,P2 — Strong,Harshit primary,Finance / Risk,Risk/Compliance Analyst; Data/BI Analyst; Business Analyst; Operations Analyst,Keep any employment type when role-relevant; exclude generic part-time work,"Exclude generic sales, retail, hospitality, customer service and frontline roles",81,Analytics plus market-surveillance project helps; finance pedigree/domain depth is weaker than your business/implementation fit.,visible,core_harshit,yes,retained_or_replacement
296,Port of Cork Company,https://www.portofcork.ie/careers/,86,P2 — Strong,Harshit primary,Finance / Risk,Risk/Compliance Analyst; Data/BI Analyst; Business Analyst; Operations Analyst,Keep any employment type when role-relevant; exclude generic part-time work,"Exclude generic sales, retail, hospitality, customer service and frontline roles",81,Analytics plus market-surveillance project helps; finance pedigree/domain depth is weaker than your business/implementation fit.,visible,core_harshit,yes,retained_or_replacement
297,Proofpoint,https://www.proofpoint.com/us/company/careers,86,P2 — Strong,Harshit primary,Finance / Risk,Risk/Compliance Analyst; Data/BI Analyst; Business Analyst; Operations Analyst,Keep any employment type when role-relevant; exclude generic part-time work,"Exclude generic sales, retail, hospitality, customer service and frontline roles",81,Analytics plus market-surveillance project helps; finance pedigree/domain depth is weaker than your business/implementation fit.,visible,core_harshit,yes,retained_or_replacement
298,Protiviti,https://www.protiviti.com/us-en/careers,86,P2 — Strong,Harshit primary,Finance / Risk,Risk/Compliance Analyst; Data/BI Analyst; Business Analyst; Operations Analyst,Keep any employment type when role-relevant; exclude generic part-time work,"Exclude generic sales, retail, hospitality, customer service and frontline roles",81,Analytics plus market-surveillance project helps; finance pedigree/domain depth is weaker than your business/implementation fit.,visible,core_harshit,yes,retained_or_replacement
299,Public Jobs / Civil Service,https://publicjobs.ie,86,P2 — Strong,Harshit primary,Finance / Risk,Risk/Compliance Analyst; Data/BI Analyst; Business Analyst; Operations Analyst,Keep any employment type when role-relevant; exclude generic part-time work,"Exclude generic sales, retail, hospitality, customer service and frontline roles",81,Analytics plus market-surveillance project helps; finance pedigree/domain depth is weaker than your business/implementation fit.,visible,core_harshit,yes,retained_or_replacement
300,QIAGEN,https://www.qiagen.com/us/about-us/careers,86,P2 — Strong,Harshit primary,Finance / Risk,Risk/Compliance Analyst; Data/BI Analyst; Business Analyst; Operations Analyst,Keep any employment type when role-relevant; exclude generic part-time work,"Exclude generic sales, retail, hospitality, customer service and frontline roles",81,Analytics plus market-surveillance project helps; finance pedigree/domain depth is weaker than your business/implementation fit.,visible,core_harshit,yes,retained_or_replacement
301,Qashio,https://www.qashio.com/careers,86,P2 — Strong,Harshit primary,Finance / Risk,Risk/Compliance Analyst; Data/BI Analyst; Business Analyst; Operations Analyst,Keep any employment type when role-relevant; exclude generic part-time work,"Exclude generic sales, retail, hospitality, customer service and frontline roles",81,Analytics plus market-surveillance project helps; finance pedigree/domain depth is weaker than your business/implementation fit.,visible,core_harshit,yes,retained_or_replacement
302,Qorvo,https://www.qorvo.com/careers,86,P2 — Strong,Harshit primary,Finance / Risk,Risk/Compliance Analyst; Data/BI Analyst; Business Analyst; Operations Analyst,Keep any employment type when role-relevant; exclude generic part-time work,"Exclude generic sales, retail, hospitality, customer service and frontline roles",81,Analytics plus market-surveillance project helps; finance pedigree/domain depth is weaker than your business/implementation fit.,visible,core_harshit,yes,retained_or_replacement
303,Qualcomm,https://www.qualcomm.com/company/careers,86,P2 — Strong,Harshit primary,Finance / Risk,Risk/Compliance Analyst; Data/BI Analyst; Business Analyst; Operations Analyst,Keep any employment type when role-relevant; exclude generic part-time work,"Exclude generic sales, retail, hospitality, customer service and frontline roles",81,Analytics plus market-surveillance project helps; finance pedigree/domain depth is weaker than your business/implementation fit.,visible,core_harshit,yes,retained_or_replacement
304,Qualtrics,https://www.qualtrics.com/careers/us/en/search-results?keywords=Dublin,86,P2 — Strong,Harshit primary,Finance / Risk,Risk/Compliance Analyst; Data/BI Analyst; Business Analyst; Operations Analyst,Keep any employment type when role-relevant; exclude generic part-time work,"Exclude generic sales, retail, hospitality, customer service and frontline roles",81,Analytics plus market-surveillance project helps; finance pedigree/domain depth is weaker than your business/implementation fit.,visible,core_harshit,yes,retained_or_replacement
305,Quantexa,https://www.quantexa.com/careers/,86,P2 — Strong,Harshit primary,Finance / Risk,Risk/Compliance Analyst; Data/BI Analyst; Business Analyst; Operations Analyst,Keep any employment type when role-relevant; exclude generic part-time work,"Exclude generic sales, retail, hospitality, customer service and frontline roles",81,Analytics plus market-surveillance project helps; finance pedigree/domain depth is weaker than your business/implementation fit.,visible,core_harshit,yes,retained_or_replacement
306,RSA Insurance Ireland,https://www.rsagroup.ie/careers/,86,P2 — Strong,Harshit primary,Finance / Risk,Risk/Compliance Analyst; Data/BI Analyst; Business Analyst; Operations Analyst,Keep any employment type when role-relevant; exclude generic part-time work,"Exclude generic sales, retail, hospitality, customer service and frontline roles",81,Analytics plus market-surveillance project helps; finance pedigree/domain depth is weaker than your business/implementation fit.,visible,core_harshit,yes,retained_or_replacement
307,RTÉ (Raidió Teilifís Éireann),https://about.rte.ie/working-with-rte/vacancies/,86,P2 — Strong,Harshit primary,Finance / Risk,Risk/Compliance Analyst; Data/BI Analyst; Business Analyst; Operations Analyst,Keep any employment type when role-relevant; exclude generic part-time work,"Exclude generic sales, retail, hospitality, customer service and frontline roles",81,Analytics plus market-surveillance project helps; finance pedigree/domain depth is weaker than your business/implementation fit.,visible,core_harshit,yes,retained_or_replacement
308,Rapid7,https://www.rapid7.com/careers/jobs/,86,P2 — Strong,Harshit primary,Finance / Risk,Risk/Compliance Analyst; Data/BI Analyst; Business Analyst; Operations Analyst,Keep any employment type when role-relevant; exclude generic part-time work,"Exclude generic sales, retail, hospitality, customer service and frontline roles",81,Analytics plus market-surveillance project helps; finance pedigree/domain depth is weaker than your business/implementation fit.,visible,core_harshit,yes,retained_or_replacement
309,Reddit,https://www.redditinc.com/careers,86,P2 — Strong,Harshit primary,Finance / Risk,Risk/Compliance Analyst; Data/BI Analyst; Business Analyst; Operations Analyst,Keep any employment type when role-relevant; exclude generic part-time work,"Exclude generic sales, retail, hospitality, customer service and frontline roles",81,Analytics plus market-surveillance project helps; finance pedigree/domain depth is weaker than your business/implementation fit.,visible,core_harshit,yes,retained_or_replacement
310,Refinitiv (LSEG),https://www.lseg.com/en/careers,86,P2 — Strong,Harshit primary,Finance / Risk,Risk/Compliance Analyst; Data/BI Analyst; Business Analyst; Operations Analyst,Keep any employment type when role-relevant; exclude generic part-time work,"Exclude generic sales, retail, hospitality, customer service and frontline roles",81,Analytics plus market-surveillance project helps; finance pedigree/domain depth is weaker than your business/implementation fit.,visible,core_harshit,yes,retained_or_replacement
311,Regeneron,https://careers.regeneron.com/en/jobs/?location=Ireland,86,P2 — Strong,Harshit primary,Finance / Risk,Risk/Compliance Analyst; Data/BI Analyst; Business Analyst; Operations Analyst,Keep any employment type when role-relevant; exclude generic part-time work,"Exclude generic sales, retail, hospitality, customer service and frontline roles",81,Analytics plus market-surveillance project helps; finance pedigree/domain depth is weaker than your business/implementation fit.,visible,core_harshit,yes,retained_or_replacement
312,Renesas Electronics,https://www.renesas.com/us/en/about/careers,86,P2 — Strong,Harshit primary,Finance / Risk,Risk/Compliance Analyst; Data/BI Analyst; Business Analyst; Operations Analyst,Keep any employment type when role-relevant; exclude generic part-time work,"Exclude generic sales, retail, hospitality, customer service and frontline roles",81,Analytics plus market-surveillance project helps; finance pedigree/domain depth is weaker than your business/implementation fit.,visible,core_harshit,yes,retained_or_replacement
313,ResMed,https://resmed.wd1.myworkdayjobs.com/ResMed_External_Careers,86,P2 — Strong,Harshit primary,Finance / Risk,Risk/Compliance Analyst; Data/BI Analyst; Business Analyst; Operations Analyst,Keep any employment type when role-relevant; exclude generic part-time work,"Exclude generic sales, retail, hospitality, customer service and frontline roles",81,Analytics plus market-surveillance project helps; finance pedigree/domain depth is weaker than your business/implementation fit.,visible,core_harshit,yes,retained_or_replacement
314,Research Ireland,https://www.researchireland.ie/,86,P2 — Strong,Harshit primary,Finance / Risk,Risk/Compliance Analyst; Data/BI Analyst; Business Analyst; Operations Analyst,Keep any employment type when role-relevant; exclude generic part-time work,"Exclude generic sales, retail, hospitality, customer service and frontline roles",81,Analytics plus market-surveillance project helps; finance pedigree/domain depth is weaker than your business/implementation fit.,visible,core_harshit,yes,retained_or_replacement
315,Revenue,https://www.revenue.ie/en/corporate/information-about-revenue/careers/index.aspx,86,P2 — Strong,Harshit primary,Finance / Risk,Risk/Compliance Analyst; Data/BI Analyst; Business Analyst; Operations Analyst,Keep any employment type when role-relevant; exclude generic part-time work,"Exclude generic sales, retail, hospitality, customer service and frontline roles",81,Analytics plus market-surveillance project helps; finance pedigree/domain depth is weaker than your business/implementation fit.,visible,core_harshit,yes,retained_or_replacement
316,Revvity (PerkinElmer),https://jobs.revvity.com/,86,P2 — Strong,Harshit primary,Finance / Risk,Risk/Compliance Analyst; Data/BI Analyst; Business Analyst; Operations Analyst,Keep any employment type when role-relevant; exclude generic part-time work,"Exclude generic sales, retail, hospitality, customer service and frontline roles",81,Analytics plus market-surveillance project helps; finance pedigree/domain depth is weaker than your business/implementation fit.,visible,core_harshit,yes,retained_or_replacement
317,Riot Games,https://www.riotgames.com/en/work-with-us/offices/dublin,86,P2 — Strong,Harshit primary,Finance / Risk,Risk/Compliance Analyst; Data/BI Analyst; Business Analyst; Operations Analyst,Keep any employment type when role-relevant; exclude generic part-time work,"Exclude generic sales, retail, hospitality, customer service and frontline roles",81,Analytics plus market-surveillance project helps; finance pedigree/domain depth is weaker than your business/implementation fit.,visible,core_harshit,yes,retained_or_replacement
318,Rippling,https://www.rippling.com/careers,86,P2 — Strong,Harshit primary,Finance / Risk,Risk/Compliance Analyst; Data/BI Analyst; Business Analyst; Operations Analyst,Keep any employment type when role-relevant; exclude generic part-time work,"Exclude generic sales, retail, hospitality, customer service and frontline roles",81,Analytics plus market-surveillance project helps; finance pedigree/domain depth is weaker than your business/implementation fit.,visible,core_harshit,yes,retained_or_replacement
319,Roche,https://www.roche.com/careers/jobs?country=Ireland,86,P2 — Strong,Harshit primary,Finance / Risk,Risk/Compliance Analyst; Data/BI Analyst; Business Analyst; Operations Analyst,Keep any employment type when role-relevant; exclude generic part-time work,"Exclude generic sales, retail, hospitality, customer service and frontline roles",81,Analytics plus market-surveillance project helps; finance pedigree/domain depth is weaker than your business/implementation fit.,visible,core_harshit,yes,retained_or_replacement
320,Rockwell Automation,https://rockwellautomation.wd1.myworkdayjobs.com/External_Rockwell_Automation,86,P2 — Strong,Harshit primary,Finance / Risk,Risk/Compliance Analyst; Data/BI Analyst; Business Analyst; Operations Analyst,Keep any employment type when role-relevant; exclude generic part-time work,"Exclude generic sales, retail, hospitality, customer service and frontline roles",81,Analytics plus market-surveillance project helps; finance pedigree/domain depth is weaker than your business/implementation fit.,visible,core_harshit,yes,retained_or_replacement
321,Rubrik,https://www.rubrik.com/company/careers,86,P2 — Strong,Harshit primary,Finance / Risk,Risk/Compliance Analyst; Data/BI Analyst; Business Analyst; Operations Analyst,Keep any employment type when role-relevant; exclude generic part-time work,"Exclude generic sales, retail, hospitality, customer service and frontline roles",81,Analytics plus market-surveillance project helps; finance pedigree/domain depth is weaker than your business/implementation fit.,visible,core_harshit,yes,retained_or_replacement
322,S&P Global,https://www.spglobal.com/en/careers/overview,86,P2 — Strong,Harshit primary,Finance / Risk,Risk/Compliance Analyst; Data/BI Analyst; Business Analyst; Operations Analyst,Keep any employment type when role-relevant; exclude generic part-time work,"Exclude generic sales, retail, hospitality, customer service and frontline roles",81,Analytics plus market-surveillance project helps; finance pedigree/domain depth is weaker than your business/implementation fit.,visible,core_harshit,yes,retained_or_replacement
323,SSE Airtricity / SSE,https://careers.sse.com/search-jobs/Ireland,86,P2 — Strong,Harshit primary,Finance / Risk,Risk/Compliance Analyst; Data/BI Analyst; Business Analyst; Operations Analyst,Keep any employment type when role-relevant; exclude generic part-time work,"Exclude generic sales, retail, hospitality, customer service and frontline roles",81,Analytics plus market-surveillance project helps; finance pedigree/domain depth is weaker than your business/implementation fit.,visible,core_harshit,yes,retained_or_replacement
324,STMicroelectronics,https://www.st.com/content/st_com/en/about/careers.html,86,P2 — Strong,Harshit primary,Finance / Risk,Risk/Compliance Analyst; Data/BI Analyst; Business Analyst; Operations Analyst,Keep any employment type when role-relevant; exclude generic part-time work,"Exclude generic sales, retail, hospitality, customer service and frontline roles",81,Analytics plus market-surveillance project helps; finance pedigree/domain depth is weaker than your business/implementation fit.,visible,core_harshit,yes,retained_or_replacement
325,Sage,https://sage.com/en-ie/company/careers,86,P2 — Strong,Harshit primary,Finance / Risk,Risk/Compliance Analyst; Data/BI Analyst; Business Analyst; Operations Analyst,Keep any employment type when role-relevant; exclude generic part-time work,"Exclude generic sales, retail, hospitality, customer service and frontline roles",81,Analytics plus market-surveillance project helps; finance pedigree/domain depth is weaker than your business/implementation fit.,visible,core_harshit,yes,retained_or_replacement
326,Sanofi,https://sanofi.wd3.myworkdayjobs.com/SanofiCareers,86,P2 — Strong,Harshit primary,Finance / Risk,Risk/Compliance Analyst; Data/BI Analyst; Business Analyst; Operations Analyst,Keep any employment type when role-relevant; exclude generic part-time work,"Exclude generic sales, retail, hospitality, customer service and frontline roles",81,Analytics plus market-surveillance project helps; finance pedigree/domain depth is weaker than your business/implementation fit.,visible,core_harshit,yes,retained_or_replacement
327,Savills Ireland,https://careers.savills.ie/,86,P2 — Strong,Harshit primary,Finance / Risk,Risk/Compliance Analyst; Data/BI Analyst; Business Analyst; Operations Analyst,Keep any employment type when role-relevant; exclude generic part-time work,"Exclude generic sales, retail, hospitality, customer service and frontline roles",81,Analytics plus market-surveillance project helps; finance pedigree/domain depth is weaker than your business/implementation fit.,visible,core_harshit,yes,retained_or_replacement
328,Schneider Electric,https://www.se.com/ww/en/about-us/careers/overview.jsp,86,P2 — Strong,Harshit primary,Finance / Risk,Risk/Compliance Analyst; Data/BI Analyst; Business Analyst; Operations Analyst,Keep any employment type when role-relevant; exclude generic part-time work,"Exclude generic sales, retail, hospitality, customer service and frontline roles",81,Analytics plus market-surveillance project helps; finance pedigree/domain depth is weaker than your business/implementation fit.,visible,core_harshit,yes,retained_or_replacement
329,Seagate,https://www.seagate.com/careers/,86,P2 — Strong,Harshit primary,Finance / Risk,Risk/Compliance Analyst; Data/BI Analyst; Business Analyst; Operations Analyst,Keep any employment type when role-relevant; exclude generic part-time work,"Exclude generic sales, retail, hospitality, customer service and frontline roles",81,Analytics plus market-surveillance project helps; finance pedigree/domain depth is weaker than your business/implementation fit.,visible,core_harshit,yes,retained_or_replacement
330,Shannon Airport Group,https://www.shannonairport.ie/about-us/careers/,86,P2 — Strong,Harshit primary,Finance / Risk,Risk/Compliance Analyst; Data/BI Analyst; Business Analyst; Operations Analyst,Keep any employment type when role-relevant; exclude generic part-time work,"Exclude generic sales, retail, hospitality, customer service and frontline roles",81,Analytics plus market-surveillance project helps; finance pedigree/domain depth is weaker than your business/implementation fit.,visible,core_harshit,yes,retained_or_replacement
331,Sky Ireland,https://careers.sky.com/job-search/?location=Ireland,86,P2 — Strong,Harshit primary,Finance / Risk,Risk/Compliance Analyst; Data/BI Analyst; Business Analyst; Operations Analyst,Keep any employment type when role-relevant; exclude generic part-time work,"Exclude generic sales, retail, hospitality, customer service and frontline roles",81,Analytics plus market-surveillance project helps; finance pedigree/domain depth is weaker than your business/implementation fit.,visible,core_harshit,yes,retained_or_replacement
332,Slalom,https://www.slalom.com/en/careers,86,P2 — Strong,Harshit primary,Finance / Risk,Risk/Compliance Analyst; Data/BI Analyst; Business Analyst; Operations Analyst,Keep any employment type when role-relevant; exclude generic part-time work,"Exclude generic sales, retail, hospitality, customer service and frontline roles",81,Analytics plus market-surveillance project helps; finance pedigree/domain depth is weaker than your business/implementation fit.,visible,core_harshit,yes,retained_or_replacement
333,Smartling,https://www.smartling.com/careers/,86,P2 — Strong,Harshit primary,Finance / Risk,Risk/Compliance Analyst; Data/BI Analyst; Business Analyst; Operations Analyst,Keep any employment type when role-relevant; exclude generic part-time work,"Exclude generic sales, retail, hospitality, customer service and frontline roles",81,Analytics plus market-surveillance project helps; finance pedigree/domain depth is weaker than your business/implementation fit.,visible,core_harshit,yes,retained_or_replacement
334,Smith & Nephew,https://www.smith-nephew.com/en-gb/careers,86,P2 — Strong,Harshit primary,Finance / Risk,Risk/Compliance Analyst; Data/BI Analyst; Business Analyst; Operations Analyst,Keep any employment type when role-relevant; exclude generic part-time work,"Exclude generic sales, retail, hospitality, customer service and frontline roles",81,Analytics plus market-surveillance project helps; finance pedigree/domain depth is weaker than your business/implementation fit.,visible,core_harshit,yes,retained_or_replacement
335,Smurfit Westrock,https://www.smurfitwestrock.com/careers,86,P2 — Strong,Harshit primary,Finance / Risk,Risk/Compliance Analyst; Data/BI Analyst; Business Analyst; Operations Analyst,Keep any employment type when role-relevant; exclude generic part-time work,"Exclude generic sales, retail, hospitality, customer service and frontline roles",81,Analytics plus market-surveillance project helps; finance pedigree/domain depth is weaker than your business/implementation fit.,visible,core_harshit,yes,retained_or_replacement
336,Societe Generale,https://careers.societegenerale.com/,86,P2 — Strong,Harshit primary,Finance / Risk,Risk/Compliance Analyst; Data/BI Analyst; Business Analyst; Operations Analyst,Keep any employment type when role-relevant; exclude generic part-time work,"Exclude generic sales, retail, hospitality, customer service and frontline roles",81,Analytics plus market-surveillance project helps; finance pedigree/domain depth is weaker than your business/implementation fit.,visible,core_harshit,yes,retained_or_replacement
337,Sophos,https://www.sophos.com/en-us/company/careers,86,P2 — Strong,Harshit primary,Finance / Risk,Risk/Compliance Analyst; Data/BI Analyst; Business Analyst; Operations Analyst,Keep any employment type when role-relevant; exclude generic part-time work,"Exclude generic sales, retail, hospitality, customer service and frontline roles",81,Analytics plus market-surveillance project helps; finance pedigree/domain depth is weaker than your business/implementation fit.,visible,core_harshit,yes,retained_or_replacement
338,Splunk,https://www.splunk.com/en_us/careers.html,86,P2 — Strong,Harshit primary,Finance / Risk,Risk/Compliance Analyst; Data/BI Analyst; Business Analyst; Operations Analyst,Keep any employment type when role-relevant; exclude generic part-time work,"Exclude generic sales, retail, hospitality, customer service and frontline roles",81,Analytics plus market-surveillance project helps; finance pedigree/domain depth is weaker than your business/implementation fit.,visible,core_harshit,yes,retained_or_replacement
339,Squarespace,https://www.squarespace.com/careers/jobs,86,P2 — Strong,Harshit primary,Finance / Risk,Risk/Compliance Analyst; Data/BI Analyst; Business Analyst; Operations Analyst,Keep any employment type when role-relevant; exclude generic part-time work,"Exclude generic sales, retail, hospitality, customer service and frontline roles",81,Analytics plus market-surveillance project helps; finance pedigree/domain depth is weaker than your business/implementation fit.,visible,core_harshit,yes,retained_or_replacement
340,Stantec,https://www.stantec.com/en/careers,86,P2 — Strong,Harshit primary,Finance / Risk,Risk/Compliance Analyst; Data/BI Analyst; Business Analyst; Operations Analyst,Keep any employment type when role-relevant; exclude generic part-time work,"Exclude generic sales, retail, hospitality, customer service and frontline roles",81,Analytics plus market-surveillance project helps; finance pedigree/domain depth is weaker than your business/implementation fit.,visible,core_harshit,yes,retained_or_replacement
341,Stena Line Ireland,https://www.stenaline.com/careers/,86,P2 — Strong,Harshit primary,Finance / Risk,Risk/Compliance Analyst; Data/BI Analyst; Business Analyst; Operations Analyst,Keep any employment type when role-relevant; exclude generic part-time work,"Exclude generic sales, retail, hospitality, customer service and frontline roles",81,Analytics plus market-surveillance project helps; finance pedigree/domain depth is weaker than your business/implementation fit.,visible,core_harshit,yes,retained_or_replacement
342,Stryker,https://careers.stryker.com/en-US/search?keywords=&location=Ireland,86,P2 — Strong,Harshit primary,Finance / Risk,Risk/Compliance Analyst; Data/BI Analyst; Business Analyst; Operations Analyst,Keep any employment type when role-relevant; exclude generic part-time work,"Exclude generic sales, retail, hospitality, customer service and frontline roles",81,Analytics plus market-surveillance project helps; finance pedigree/domain depth is weaker than your business/implementation fit.,visible,core_harshit,yes,retained_or_replacement
343,SumUp,https://www.sumup.com/careers/,86,P2 — Strong,Harshit primary,Finance / Risk,Risk/Compliance Analyst; Data/BI Analyst; Business Analyst; Operations Analyst,Keep any employment type when role-relevant; exclude generic part-time work,"Exclude generic sales, retail, hospitality, customer service and frontline roles",81,Analytics plus market-surveillance project helps; finance pedigree/domain depth is weaker than your business/implementation fit.,visible,core_harshit,yes,retained_or_replacement
344,Sun Life Ireland,https://www.sunlife.ie/en/careers/,86,P2 — Strong,Harshit primary,Finance / Risk,Risk/Compliance Analyst; Data/BI Analyst; Business Analyst; Operations Analyst,Keep any employment type when role-relevant; exclude generic part-time work,"Exclude generic sales, retail, hospitality, customer service and frontline roles",81,Analytics plus market-surveillance project helps; finance pedigree/domain depth is weaker than your business/implementation fit.,visible,core_harshit,yes,retained_or_replacement
345,Supply Wisdom,https://www.supplywisdom.com/careers,86,P2 — Strong,Harshit primary,Finance / Risk,Risk/Compliance Analyst; Data/BI Analyst; Business Analyst; Operations Analyst,Keep any employment type when role-relevant; exclude generic part-time work,"Exclude generic sales, retail, hospitality, customer service and frontline roles",81,Analytics plus market-surveillance project helps; finance pedigree/domain depth is weaker than your business/implementation fit.,visible,core_harshit,yes,retained_or_replacement
346,Susquehanna International Group (SIG),https://sig.com/careers/jobs/?location=dublin,86,P2 — Strong,Harshit primary,Finance / Risk,Risk/Compliance Analyst; Data/BI Analyst; Business Analyst; Operations Analyst,Keep any employment type when role-relevant; exclude generic part-time work,"Exclude generic sales, retail, hospitality, customer service and frontline roles",81,Analytics plus market-surveillance project helps; finance pedigree/domain depth is weaker than your business/implementation fit.,visible,core_harshit,yes,retained_or_replacement
347,Syneos Health,https://www.syneoshealth.com/careers,86,P2 — Strong,Harshit primary,Finance / Risk,Risk/Compliance Analyst; Data/BI Analyst; Business Analyst; Operations Analyst,Keep any employment type when role-relevant; exclude generic part-time work,"Exclude generic sales, retail, hospitality, customer service and frontline roles",81,Analytics plus market-surveillance project helps; finance pedigree/domain depth is weaker than your business/implementation fit.,visible,core_harshit,yes,retained_or_replacement
348,Synopsys,https://careers.synopsys.com/search-jobs,86,P2 — Strong,Harshit primary,Finance / Risk,Risk/Compliance Analyst; Data/BI Analyst; Business Analyst; Operations Analyst,Keep any employment type when role-relevant; exclude generic part-time work,"Exclude generic sales, retail, hospitality, customer service and frontline roles",81,Analytics plus market-surveillance project helps; finance pedigree/domain depth is weaker than your business/implementation fit.,visible,core_harshit,yes,retained_or_replacement
349,TK Maxx Ireland,https://www.tjxjobs.com/,86,P2 — Strong,Harshit primary,Finance / Risk,Risk/Compliance Analyst; Data/BI Analyst; Business Analyst; Operations Analyst,Keep any employment type when role-relevant; exclude generic part-time work,"Exclude generic sales, retail, hospitality, customer service and frontline roles",81,Analytics plus market-surveillance project helps; finance pedigree/domain depth is weaker than your business/implementation fit.,visible,core_harshit,yes,retained_or_replacement
350,Takeda,https://takeda.wd3.myworkdayjobs.com/External,86,P2 — Strong,Harshit primary,Finance / Risk,Risk/Compliance Analyst; Data/BI Analyst; Business Analyst; Operations Analyst,Keep any employment type when role-relevant; exclude generic part-time work,"Exclude generic sales, retail, hospitality, customer service and frontline roles",81,Analytics plus market-surveillance project helps; finance pedigree/domain depth is weaker than your business/implementation fit.,visible,core_harshit,yes,retained_or_replacement
351,Taxback International,https://www.taxbackinternational.com/careers/,86,P2 — Strong,Harshit primary,Finance / Risk,Risk/Compliance Analyst; Data/BI Analyst; Business Analyst; Operations Analyst,Keep any employment type when role-relevant; exclude generic part-time work,"Exclude generic sales, retail, hospitality, customer service and frontline roles",81,Analytics plus market-surveillance project helps; finance pedigree/domain depth is weaker than your business/implementation fit.,visible,core_harshit,yes,retained_or_replacement
352,Teagasc,https://www.teagasc.ie/about/opportunities/careers/,86,P2 — Strong,Harshit primary,Finance / Risk,Risk/Compliance Analyst; Data/BI Analyst; Business Analyst; Operations Analyst,Keep any employment type when role-relevant; exclude generic part-time work,"Exclude generic sales, retail, hospitality, customer service and frontline roles",81,Analytics plus market-surveillance project helps; finance pedigree/domain depth is weaker than your business/implementation fit.,visible,core_harshit,yes,retained_or_replacement
353,Teamwork.com,https://www.teamwork.com/careers/,86,P2 — Strong,Harshit primary,Finance / Risk,Risk/Compliance Analyst; Data/BI Analyst; Business Analyst; Operations Analyst,Keep any employment type when role-relevant; exclude generic part-time work,"Exclude generic sales, retail, hospitality, customer service and frontline roles",81,Analytics plus market-surveillance project helps; finance pedigree/domain depth is weaker than your business/implementation fit.,visible,core_harshit,yes,retained_or_replacement
354,Tech Mahindra,https://careers.techmahindra.com/,86,P2 — Strong,Harshit primary,Finance / Risk,Risk/Compliance Analyst; Data/BI Analyst; Business Analyst; Operations Analyst,Keep any employment type when role-relevant; exclude generic part-time work,"Exclude generic sales, retail, hospitality, customer service and frontline roles",81,Analytics plus market-surveillance project helps; finance pedigree/domain depth is weaker than your business/implementation fit.,visible,core_harshit,yes,retained_or_replacement
355,Teleflex,https://teleflex.wd1.myworkdayjobs.com/TeleflexCareers,86,P2 — Strong,Harshit primary,Finance / Risk,Risk/Compliance Analyst; Data/BI Analyst; Business Analyst; Operations Analyst,Keep any employment type when role-relevant; exclude generic part-time work,"Exclude generic sales, retail, hospitality, customer service and frontline roles",81,Analytics plus market-surveillance project helps; finance pedigree/domain depth is weaker than your business/implementation fit.,visible,core_harshit,yes,retained_or_replacement
356,Teleperformance (Ireland),https://www.teleperformance.com/en-us/careers/,86,P2 — Strong,Harshit primary,Finance / Risk,Risk/Compliance Analyst; Data/BI Analyst; Business Analyst; Operations Analyst,Keep any employment type when role-relevant; exclude generic part-time work,"Exclude generic sales, retail, hospitality, customer service and frontline roles",81,Analytics plus market-surveillance project helps; finance pedigree/domain depth is weaker than your business/implementation fit.,visible,core_harshit,yes,retained_or_replacement
357,Tenable,https://www.tenable.com/careers,86,P2 — Strong,Harshit primary,Finance / Risk,Risk/Compliance Analyst; Data/BI Analyst; Business Analyst; Operations Analyst,Keep any employment type when role-relevant; exclude generic part-time work,"Exclude generic sales, retail, hospitality, customer service and frontline roles",81,Analytics plus market-surveillance project helps; finance pedigree/domain depth is weaker than your business/implementation fit.,visible,core_harshit,yes,retained_or_replacement
358,Terumo,https://www.terumo.com/careers,86,P2 — Strong,Harshit primary,Finance / Risk,Risk/Compliance Analyst; Data/BI Analyst; Business Analyst; Operations Analyst,Keep any employment type when role-relevant; exclude generic part-time work,"Exclude generic sales, retail, hospitality, customer service and frontline roles",81,Analytics plus market-surveillance project helps; finance pedigree/domain depth is weaker than your business/implementation fit.,visible,core_harshit,yes,retained_or_replacement
359,Tetra Tech,https://www.tetratech.com/careers,86,P2 — Strong,Harshit primary,Finance / Risk,Risk/Compliance Analyst; Data/BI Analyst; Business Analyst; Operations Analyst,Keep any employment type when role-relevant; exclude generic part-time work,"Exclude generic sales, retail, hospitality, customer service and frontline roles",81,Analytics plus market-surveillance project helps; finance pedigree/domain depth is weaker than your business/implementation fit.,visible,core_harshit,yes,retained_or_replacement
360,Teva Pharmaceuticals,https://teva.wd1.myworkdayjobs.com/Teva_Careers,86,P2 — Strong,Harshit primary,Finance / Risk,Risk/Compliance Analyst; Data/BI Analyst; Business Analyst; Operations Analyst,Keep any employment type when role-relevant; exclude generic part-time work,"Exclude generic sales, retail, hospitality, customer service and frontline roles",81,Analytics plus market-surveillance project helps; finance pedigree/domain depth is weaker than your business/implementation fit.,visible,core_harshit,yes,retained_or_replacement
361,Texas Instruments,https://careers.ti.com/,86,P2 — Strong,Harshit primary,Finance / Risk,Risk/Compliance Analyst; Data/BI Analyst; Business Analyst; Operations Analyst,Keep any employment type when role-relevant; exclude generic part-time work,"Exclude generic sales, retail, hospitality, customer service and frontline roles",81,Analytics plus market-surveillance project helps; finance pedigree/domain depth is weaker than your business/implementation fit.,visible,core_harshit,yes,retained_or_replacement
362,The Doyle Collection,https://www.doylecollection.com/careers,86,P2 — Strong,Harshit primary,Finance / Risk,Risk/Compliance Analyst; Data/BI Analyst; Business Analyst; Operations Analyst,Keep any employment type when role-relevant; exclude generic part-time work,"Exclude generic sales, retail, hospitality, customer service and frontline roles",81,Analytics plus market-surveillance project helps; finance pedigree/domain depth is weaker than your business/implementation fit.,visible,core_harshit,yes,retained_or_replacement
363,The Irish Times,https://www.irishtimes.com/about-us/careers/,86,P2 — Strong,Harshit primary,Finance / Risk,Risk/Compliance Analyst; Data/BI Analyst; Business Analyst; Operations Analyst,Keep any employment type when role-relevant; exclude generic part-time work,"Exclude generic sales, retail, hospitality, customer service and frontline roles",81,Analytics plus market-surveillance project helps; finance pedigree/domain depth is weaker than your business/implementation fit.,visible,core_harshit,yes,retained_or_replacement
364,Thermo Fisher Scientific,https://jobs.thermofisher.com/global/en/search-results?m=3&location=Ireland,86,P2 — Strong,Harshit primary,Finance / Risk,Risk/Compliance Analyst; Data/BI Analyst; Business Analyst; Operations Analyst,Keep any employment type when role-relevant; exclude generic part-time work,"Exclude generic sales, retail, hospitality, customer service and frontline roles",81,Analytics plus market-surveillance project helps; finance pedigree/domain depth is weaker than your business/implementation fit.,visible,core_harshit,yes,retained_or_replacement
365,Three Ireland,https://www.three.ie/about/careers.html,86,P2 — Strong,Harshit primary,Finance / Risk,Risk/Compliance Analyst; Data/BI Analyst; Business Analyst; Operations Analyst,Keep any employment type when role-relevant; exclude generic part-time work,"Exclude generic sales, retail, hospitality, customer service and frontline roles",81,Analytics plus market-surveillance project helps; finance pedigree/domain depth is weaker than your business/implementation fit.,visible,core_harshit,yes,retained_or_replacement
366,Toast,https://pos.toasttab.com/careers,86,P2 — Strong,Harshit primary,Finance / Risk,Risk/Compliance Analyst; Data/BI Analyst; Business Analyst; Operations Analyst,Keep any employment type when role-relevant; exclude generic part-time work,"Exclude generic sales, retail, hospitality, customer service and frontline roles",81,Analytics plus market-surveillance project helps; finance pedigree/domain depth is weaker than your business/implementation fit.,visible,core_harshit,yes,retained_or_replacement
367,Tourism Ireland,https://www.tourismireland.com/about-us/careers,86,P2 — Strong,Harshit primary,Finance / Risk,Risk/Compliance Analyst; Data/BI Analyst; Business Analyst; Operations Analyst,Keep any employment type when role-relevant; exclude generic part-time work,"Exclude generic sales, retail, hospitality, customer service and frontline roles",81,Analytics plus market-surveillance project helps; finance pedigree/domain depth is weaker than your business/implementation fit.,visible,core_harshit,yes,retained_or_replacement
368,Trading 212,https://www.trading212.com/careers,86,P2 — Strong,Harshit primary,Finance / Risk,Risk/Compliance Analyst; Data/BI Analyst; Business Analyst; Operations Analyst,Keep any employment type when role-relevant; exclude generic part-time work,"Exclude generic sales, retail, hospitality, customer service and frontline roles",81,Analytics plus market-surveillance project helps; finance pedigree/domain depth is weaker than your business/implementation fit.,visible,core_harshit,yes,retained_or_replacement
369,Trane Technologies,https://jobs.tranetechnologies.com/,86,P2 — Strong,Harshit primary,Finance / Risk,Risk/Compliance Analyst; Data/BI Analyst; Business Analyst; Operations Analyst,Keep any employment type when role-relevant; exclude generic part-time work,"Exclude generic sales, retail, hospitality, customer service and frontline roles",81,Analytics plus market-surveillance project helps; finance pedigree/domain depth is weaker than your business/implementation fit.,visible,core_harshit,yes,retained_or_replacement
370,TransferMate,https://www.transfermate.com/careers/,86,P2 — Strong,Harshit primary,Finance / Risk,Risk/Compliance Analyst; Data/BI Analyst; Business Analyst; Operations Analyst,Keep any employment type when role-relevant; exclude generic part-time work,"Exclude generic sales, retail, hospitality, customer service and frontline roles",81,Analytics plus market-surveillance project helps; finance pedigree/domain depth is weaker than your business/implementation fit.,visible,core_harshit,yes,retained_or_replacement
371,Transport Infrastructure Ireland,https://www.tii.ie/about/careers/,86,P2 — Strong,Harshit primary,Finance / Risk,Risk/Compliance Analyst; Data/BI Analyst; Business Analyst; Operations Analyst,Keep any employment type when role-relevant; exclude generic part-time work,"Exclude generic sales, retail, hospitality, customer service and frontline roles",81,Analytics plus market-surveillance project helps; finance pedigree/domain depth is weaker than your business/implementation fit.,visible,core_harshit,yes,retained_or_replacement
372,Travelers,https://careers.travelers.com/,86,P2 — Strong,Harshit primary,Finance / Risk,Risk/Compliance Analyst; Data/BI Analyst; Business Analyst; Operations Analyst,Keep any employment type when role-relevant; exclude generic part-time work,"Exclude generic sales, retail, hospitality, customer service and frontline roles",81,Analytics plus market-surveillance project helps; finance pedigree/domain depth is weaker than your business/implementation fit.,visible,core_harshit,yes,retained_or_replacement
373,Trend Micro,https://www.trendmicro.com/en_ie/about/careers.html,86,P2 — Strong,Harshit primary,Finance / Risk,Risk/Compliance Analyst; Data/BI Analyst; Business Analyst; Operations Analyst,Keep any employment type when role-relevant; exclude generic part-time work,"Exclude generic sales, retail, hospitality, customer service and frontline roles",81,Analytics plus market-surveillance project helps; finance pedigree/domain depth is weaker than your business/implementation fit.,visible,core_harshit,yes,retained_or_replacement
374,UBS,https://www.ubs.com/ie/en/careers.html,86,P2 — Strong,Harshit primary,Finance / Risk,Risk/Compliance Analyst; Data/BI Analyst; Business Analyst; Operations Analyst,Keep any employment type when role-relevant; exclude generic part-time work,"Exclude generic sales, retail, hospitality, customer service and frontline roles",81,Analytics plus market-surveillance project helps; finance pedigree/domain depth is weaker than your business/implementation fit.,visible,core_harshit,yes,retained_or_replacement
375,UPS Ireland,https://www.jobs-ups.com/search-jobs/Ireland,86,P2 — Strong,Harshit primary,Finance / Risk,Risk/Compliance Analyst; Data/BI Analyst; Business Analyst; Operations Analyst,Keep any employment type when role-relevant; exclude generic part-time work,"Exclude generic sales, retail, hospitality, customer service and frontline roles",81,Analytics plus market-surveillance project helps; finance pedigree/domain depth is weaker than your business/implementation fit.,visible,core_harshit,yes,retained_or_replacement
376,Udemy,https://about.udemy.com/careers/,86,P2 — Strong,Harshit primary,Finance / Risk,Risk/Compliance Analyst; Data/BI Analyst; Business Analyst; Operations Analyst,Keep any employment type when role-relevant; exclude generic part-time work,"Exclude generic sales, retail, hospitality, customer service and frontline roles",81,Analytics plus market-surveillance project helps; finance pedigree/domain depth is weaker than your business/implementation fit.,visible,core_harshit,yes,retained_or_replacement
377,Uisce Éireann (Irish Water),https://www.water.ie/about/careers/,86,P2 — Strong,Harshit primary,Finance / Risk,Risk/Compliance Analyst; Data/BI Analyst; Business Analyst; Operations Analyst,Keep any employment type when role-relevant; exclude generic part-time work,"Exclude generic sales, retail, hospitality, customer service and frontline roles",81,Analytics plus market-surveillance project helps; finance pedigree/domain depth is weaker than your business/implementation fit.,visible,core_harshit,yes,retained_or_replacement
378,Uniphar Group,https://uniphar.com/pharma/careers/,86,P2 — Strong,Harshit primary,Finance / Risk,Risk/Compliance Analyst; Data/BI Analyst; Business Analyst; Operations Analyst,Keep any employment type when role-relevant; exclude generic part-time work,"Exclude generic sales, retail, hospitality, customer service and frontline roles",81,Analytics plus market-surveillance project helps; finance pedigree/domain depth is weaker than your business/implementation fit.,visible,core_harshit,yes,retained_or_replacement
379,VHI Healthcare,https://www.vhi.ie/about-us/careers,86,P2 — Strong,Harshit primary,Finance / Risk,Risk/Compliance Analyst; Data/BI Analyst; Business Analyst; Operations Analyst,Keep any employment type when role-relevant; exclude generic part-time work,"Exclude generic sales, retail, hospitality, customer service and frontline roles",81,Analytics plus market-surveillance project helps; finance pedigree/domain depth is weaker than your business/implementation fit.,visible,core_harshit,yes,retained_or_replacement
380,Veolia Ireland,https://www.veolia.ie/careers,86,P2 — Strong,Harshit primary,Finance / Risk,Risk/Compliance Analyst; Data/BI Analyst; Business Analyst; Operations Analyst,Keep any employment type when role-relevant; exclude generic part-time work,"Exclude generic sales, retail, hospitality, customer service and frontline roles",81,Analytics plus market-surveillance project helps; finance pedigree/domain depth is weaker than your business/implementation fit.,visible,core_harshit,yes,retained_or_replacement
381,Viatris,https://viatris.wd1.myworkdayjobs.com/ViatrisCareers,86,P2 — Strong,Harshit primary,Finance / Risk,Risk/Compliance Analyst; Data/BI Analyst; Business Analyst; Operations Analyst,Keep any employment type when role-relevant; exclude generic part-time work,"Exclude generic sales, retail, hospitality, customer service and frontline roles",81,Analytics plus market-surveillance project helps; finance pedigree/domain depth is weaker than your business/implementation fit.,visible,core_harshit,yes,retained_or_replacement
382,Virgin Media Ireland,https://www.virginmedia.ie/careers/,86,P2 — Strong,Harshit primary,Finance / Risk,Risk/Compliance Analyst; Data/BI Analyst; Business Analyst; Operations Analyst,Keep any employment type when role-relevant; exclude generic part-time work,"Exclude generic sales, retail, hospitality, customer service and frontline roles",81,Analytics plus market-surveillance project helps; finance pedigree/domain depth is weaker than your business/implementation fit.,visible,core_harshit,yes,retained_or_replacement
383,Vodafone Ireland,https://jobs.vodafone.com/search-jobs/Ireland,86,P2 — Strong,Harshit primary,Finance / Risk,Risk/Compliance Analyst; Data/BI Analyst; Business Analyst; Operations Analyst,Keep any employment type when role-relevant; exclude generic part-time work,"Exclude generic sales, retail, hospitality, customer service and frontline roles",81,Analytics plus market-surveillance project helps; finance pedigree/domain depth is weaker than your business/implementation fit.,visible,core_harshit,yes,retained_or_replacement
384,WSP,https://www.wsp.com/en-gb/careers,86,P2 — Strong,Harshit primary,Finance / Risk,Risk/Compliance Analyst; Data/BI Analyst; Business Analyst; Operations Analyst,Keep any employment type when role-relevant; exclude generic part-time work,"Exclude generic sales, retail, hospitality, customer service and frontline roles",81,Analytics plus market-surveillance project helps; finance pedigree/domain depth is weaker than your business/implementation fit.,visible,core_harshit,yes,retained_or_replacement
385,Walkers Ireland,https://www.walkersglobal.com/index.php/careers,86,P2 — Strong,Harshit primary,Finance / Risk,Risk/Compliance Analyst; Data/BI Analyst; Business Analyst; Operations Analyst,Keep any employment type when role-relevant; exclude generic part-time work,"Exclude generic sales, retail, hospitality, customer service and frontline roles",81,Analytics plus market-surveillance project helps; finance pedigree/domain depth is weaker than your business/implementation fit.,visible,core_harshit,yes,retained_or_replacement
386,Waters Corporation,https://www.waters.com/nextgen/ie/en/about-waters/careers.html,86,P2 — Strong,Harshit primary,Finance / Risk,Risk/Compliance Analyst; Data/BI Analyst; Business Analyst; Operations Analyst,Keep any employment type when role-relevant; exclude generic part-time work,"Exclude generic sales, retail, hospitality, customer service and frontline roles",81,Analytics plus market-surveillance project helps; finance pedigree/domain depth is weaker than your business/implementation fit.,visible,core_harshit,yes,retained_or_replacement
387,Wayflyer,https://wayflyer.com/careers,86,P2 — Strong,Harshit primary,Finance / Risk,Risk/Compliance Analyst; Data/BI Analyst; Business Analyst; Operations Analyst,Keep any employment type when role-relevant; exclude generic part-time work,"Exclude generic sales, retail, hospitality, customer service and frontline roles",81,Analytics plus market-surveillance project helps; finance pedigree/domain depth is weaker than your business/implementation fit.,visible,core_harshit,yes,retained_or_replacement
388,Waystone,https://www.waystone.com/careers/,86,P2 — Strong,Harshit primary,Finance / Risk,Risk/Compliance Analyst; Data/BI Analyst; Business Analyst; Operations Analyst,Keep any employment type when role-relevant; exclude generic part-time work,"Exclude generic sales, retail, hospitality, customer service and frontline roles",81,Analytics plus market-surveillance project helps; finance pedigree/domain depth is weaker than your business/implementation fit.,visible,core_harshit,yes,retained_or_replacement
389,Wells Fargo,https://www.wellsfargojobs.com/,86,P2 — Strong,Harshit primary,Finance / Risk,Risk/Compliance Analyst; Data/BI Analyst; Business Analyst; Operations Analyst,Keep any employment type when role-relevant; exclude generic part-time work,"Exclude generic sales, retail, hospitality, customer service and frontline roles",81,Analytics plus market-surveillance project helps; finance pedigree/domain depth is weaker than your business/implementation fit.,visible,core_harshit,yes,retained_or_replacement
390,West Pharmaceutical Services,https://careers.westpharma.com/,86,P2 — Strong,Harshit primary,Finance / Risk,Risk/Compliance Analyst; Data/BI Analyst; Business Analyst; Operations Analyst,Keep any employment type when role-relevant; exclude generic part-time work,"Exclude generic sales, retail, hospitality, customer service and frontline roles",81,Analytics plus market-surveillance project helps; finance pedigree/domain depth is weaker than your business/implementation fit.,visible,core_harshit,yes,retained_or_replacement
391,William Fry,https://www.williamfry.com/careers/,86,P2 — Strong,Harshit primary,Finance / Risk,Risk/Compliance Analyst; Data/BI Analyst; Business Analyst; Operations Analyst,Keep any employment type when role-relevant; exclude generic part-time work,"Exclude generic sales, retail, hospitality, customer service and frontline roles",81,Analytics plus market-surveillance project helps; finance pedigree/domain depth is weaker than your business/implementation fit.,visible,core_harshit,yes,retained_or_replacement
392,Willis Towers Watson (WTW),https://wtw.wd1.myworkdayjobs.com/WTWCareers,86,P2 — Strong,Harshit primary,Finance / Risk,Risk/Compliance Analyst; Data/BI Analyst; Business Analyst; Operations Analyst,Keep any employment type when role-relevant; exclude generic part-time work,"Exclude generic sales, retail, hospitality, customer service and frontline roles",81,Analytics plus market-surveillance project helps; finance pedigree/domain depth is weaker than your business/implementation fit.,visible,core_harshit,yes,retained_or_replacement
393,Winthrop Technologies,https://www.win-tech.ie/careers/,86,P2 — Strong,Harshit primary,Finance / Risk,Risk/Compliance Analyst; Data/BI Analyst; Business Analyst; Operations Analyst,Keep any employment type when role-relevant; exclude generic part-time work,"Exclude generic sales, retail, hospitality, customer service and frontline roles",81,Analytics plus market-surveillance project helps; finance pedigree/domain depth is weaker than your business/implementation fit.,visible,core_harshit,yes,retained_or_replacement
394,Woodie's,https://www.woodies.ie/careers,86,P2 — Strong,Harshit primary,Finance / Risk,Risk/Compliance Analyst; Data/BI Analyst; Business Analyst; Operations Analyst,Keep any employment type when role-relevant; exclude generic part-time work,"Exclude generic sales, retail, hospitality, customer service and frontline roles",81,Analytics plus market-surveillance project helps; finance pedigree/domain depth is weaker than your business/implementation fit.,visible,core_harshit,yes,retained_or_replacement
395,WorkFusion,https://www.workfusion.com/careers/,86,P2 — Strong,Harshit primary,Finance / Risk,Risk/Compliance Analyst; Data/BI Analyst; Business Analyst; Operations Analyst,Keep any employment type when role-relevant; exclude generic part-time work,"Exclude generic sales, retail, hospitality, customer service and frontline roles",81,Analytics plus market-surveillance project helps; finance pedigree/domain depth is weaker than your business/implementation fit.,visible,core_harshit,yes,retained_or_replacement
396,Workhuman,https://workhuman.com/careers,86,P2 — Strong,Harshit primary,Finance / Risk,Risk/Compliance Analyst; Data/BI Analyst; Business Analyst; Operations Analyst,Keep any employment type when role-relevant; exclude generic part-time work,"Exclude generic sales, retail, hospitality, customer service and frontline roles",81,Analytics plus market-surveillance project helps; finance pedigree/domain depth is weaker than your business/implementation fit.,visible,core_harshit,yes,retained_or_replacement
397,Workvivo,https://www.workvivo.com/careers/,86,P2 — Strong,Harshit primary,Finance / Risk,Risk/Compliance Analyst; Data/BI Analyst; Business Analyst; Operations Analyst,Keep any employment type when role-relevant; exclude generic part-time work,"Exclude generic sales, retail, hospitality, customer service and frontline roles",81,Analytics plus market-surveillance project helps; finance pedigree/domain depth is weaker than your business/implementation fit.,visible,core_harshit,yes,retained_or_replacement
398,WuXi Biologics,https://www.wuxibiologics.com/careers/,86,P2 — Strong,Harshit primary,Finance / Risk,Risk/Compliance Analyst; Data/BI Analyst; Business Analyst; Operations Analyst,Keep any employment type when role-relevant; exclude generic part-time work,"Exclude generic sales, retail, hospitality, customer service and frontline roles",81,Analytics plus market-surveillance project helps; finance pedigree/domain depth is weaker than your business/implementation fit.,visible,core_harshit,yes,retained_or_replacement
399,Zara / Inditex Ireland,https://www.inditexcareers.com/,86,P2 — Strong,Harshit primary,Finance / Risk,Risk/Compliance Analyst; Data/BI Analyst; Business Analyst; Operations Analyst,Keep any employment type when role-relevant; exclude generic part-time work,"Exclude generic sales, retail, hospitality, customer service and frontline roles",81,Analytics plus market-surveillance project helps; finance pedigree/domain depth is weaker than your business/implementation fit.,visible,core_harshit,yes,retained_or_replacement
400,Zendesk,https://jobs.zendesk.com/us/en/search-results?keywords=Ireland,86,P2 — Strong,Harshit primary,Finance / Risk,Risk/Compliance Analyst; Data/BI Analyst; Business Analyst; Operations Analyst,Keep any employment type when role-relevant; exclude generic part-time work,"Exclude generic sales, retail, hospitality, customer service and frontline roles",81,Analytics plus market-surveillance project helps; finance pedigree/domain depth is weaker than your business/implementation fit.,visible,core_harshit,yes,retained_or_replacement
401,Zimmer Biomet,https://zimmerbiomet.wd1.myworkdayjobs.com/Zimmer_Biomet_Careers,86,P2 — Strong,Harshit primary,Finance / Risk,Risk/Compliance Analyst; Data/BI Analyst; Business Analyst; Operations Analyst,Keep any employment type when role-relevant; exclude generic part-time work,"Exclude generic sales, retail, hospitality, customer service and frontline roles",81,Analytics plus market-surveillance project helps; finance pedigree/domain depth is weaker than your business/implementation fit.,visible,core_harshit,yes,retained_or_replacement
402,Zscaler,https://www.zscaler.com/careers,86,P2 — Strong,Harshit primary,Finance / Risk,Risk/Compliance Analyst; Data/BI Analyst; Business Analyst; Operations Analyst,Keep any employment type when role-relevant; exclude generic part-time work,"Exclude generic sales, retail, hospitality, customer service and frontline roles",81,Analytics plus market-surveillance project helps; finance pedigree/domain depth is weaker than your business/implementation fit.,visible,core_harshit,yes,retained_or_replacement
403,Zurich Insurance,https://www.zurich.ie/about-us/careers/,86,P2 — Strong,Harshit primary,Finance / Risk,Risk/Compliance Analyst; Data/BI Analyst; Business Analyst; Operations Analyst,Keep any employment type when role-relevant; exclude generic part-time work,"Exclude generic sales, retail, hospitality, customer service and frontline roles",81,Analytics plus market-surveillance project helps; finance pedigree/domain depth is weaker than your business/implementation fit.,visible,core_harshit,yes,retained_or_replacement
404,daa (Dublin Airport Authority),https://www.daa.ie/careers/,86,P2 — Strong,Harshit primary,Finance / Risk,Risk/Compliance Analyst; Data/BI Analyst; Business Analyst; Operations Analyst,Keep any employment type when role-relevant; exclude generic part-time work,"Exclude generic sales, retail, hospitality, customer service and frontline roles",81,Analytics plus market-surveillance project helps; finance pedigree/domain depth is weaker than your business/implementation fit.,visible,core_harshit,yes,retained_or_replacement
405,eBay,https://jobs.ebayinc.com/,86,P2 — Strong,Harshit primary,Finance / Risk,Risk/Compliance Analyst; Data/BI Analyst; Business Analyst; Operations Analyst,Keep any employment type when role-relevant; exclude generic part-time work,"Exclude generic sales, retail, hospitality, customer service and frontline roles",81,Analytics plus market-surveillance project helps; finance pedigree/domain depth is weaker than your business/implementation fit.,visible,core_harshit,yes,retained_or_replacement
406,Aiven,https://aiven.io/careers,85,P2 — Strong,Harshit primary,Technology / SaaS,Data/BI Analyst; Business Operations Analyst; Customer/Revenue Analytics; Implementation/CS Ops,Keep any employment type when role-relevant; exclude generic part-time work,"Exclude generic sales, retail, hospitality, customer service and frontline roles",64,Good for BI/ops/implementation roles; pure software engineering/data science roles are materially harder.,visible,core_harshit,yes,retained_or_replacement
407,Anthropic,https://www.anthropic.com/careers,85,P2 — Strong,Harshit primary,Technology / SaaS,Data/BI Analyst; Business Operations Analyst; Customer/Revenue Analytics; Implementation/CS Ops,Keep any employment type when role-relevant; exclude generic part-time work,"Exclude generic sales, retail, hospitality, customer service and frontline roles",64,Good for BI/ops/implementation roles; pure software engineering/data science roles are materially harder.,visible,core_harshit,yes,retained_or_replacement
408,Atlas Copco Ireland,https://www.atlascopcogroup.com/en/careers,85,P2 — Strong,Harshit primary,Technology / SaaS,Data/BI Analyst; Business Operations Analyst; Customer/Revenue Analytics; Implementation/CS Ops,Keep any employment type when role-relevant; exclude generic part-time work,"Exclude generic sales, retail, hospitality, customer service and frontline roles",64,Good for BI/ops/implementation roles; pure software engineering/data science roles are materially harder.,visible,core_harshit,yes,retained_or_replacement
409,CWSI,https://cwsisecurity.com/careers/,85,P2 — Strong,Harshit primary,Technology / SaaS,Data/BI Analyst; Business Operations Analyst; Customer/Revenue Analytics; Implementation/CS Ops,Keep any employment type when role-relevant; exclude generic part-time work,"Exclude generic sales, retail, hospitality, customer service and frontline roles",64,Good for BI/ops/implementation roles; pure software engineering/data science roles are materially harder.,visible,core_harshit,yes,retained_or_replacement
410,Chargebee,https://www.chargebee.com/careers/,85,P2 — Strong,Harshit primary,Technology / SaaS,Data/BI Analyst; Business Operations Analyst; Customer/Revenue Analytics; Implementation/CS Ops,Keep any employment type when role-relevant; exclude generic part-time work,"Exclude generic sales, retail, hospitality, customer service and frontline roles",64,Good for BI/ops/implementation roles; pure software engineering/data science roles are materially harder.,visible,core_harshit,yes,retained_or_replacement
411,CitySwift,https://www.cityswift.com/careers,85,P2 — Strong,Harshit primary,Technology / SaaS,Data/BI Analyst; Business Operations Analyst; Customer/Revenue Analytics; Implementation/CS Ops,Keep any employment type when role-relevant; exclude generic part-time work,"Exclude generic sales, retail, hospitality, customer service and frontline roles",64,Good for BI/ops/implementation roles; pure software engineering/data science roles are materially harder.,visible,core_harshit,yes,retained_or_replacement
412,Clio,https://www.clio.com/about/careers/,85,P2 — Strong,Harshit primary,Technology / SaaS,Data/BI Analyst; Business Operations Analyst; Customer/Revenue Analytics; Implementation/CS Ops,Keep any employment type when role-relevant; exclude generic part-time work,"Exclude generic sales, retail, hospitality, customer service and frontline roles",64,Good for BI/ops/implementation roles; pure software engineering/data science roles are materially harder.,visible,core_harshit,yes,retained_or_replacement
413,Crusoe,https://www.crusoe.ai/careers,85,P2 — Strong,Harshit primary,Technology / SaaS,Data/BI Analyst; Business Operations Analyst; Customer/Revenue Analytics; Implementation/CS Ops,Keep any employment type when role-relevant; exclude generic part-time work,"Exclude generic sales, retail, hospitality, customer service and frontline roles",64,Good for BI/ops/implementation roles; pure software engineering/data science roles are materially harder.,visible,core_harshit,yes,retained_or_replacement
414,Cubic³,https://www.cubic3.com/careers/,85,P2 — Strong,Harshit primary,Technology / SaaS,Data/BI Analyst; Business Operations Analyst; Customer/Revenue Analytics; Implementation/CS Ops,Keep any employment type when role-relevant; exclude generic part-time work,"Exclude generic sales, retail, hospitality, customer service and frontline roles",64,Good for BI/ops/implementation roles; pure software engineering/data science roles are materially harder.,visible,core_harshit,yes,retained_or_replacement
415,Daon,https://www.daon.com/careers/,85,P2 — Strong,Harshit primary,Technology / SaaS,Data/BI Analyst; Business Operations Analyst; Customer/Revenue Analytics; Implementation/CS Ops,Keep any employment type when role-relevant; exclude generic part-time work,"Exclude generic sales, retail, hospitality, customer service and frontline roles",64,Good for BI/ops/implementation roles; pure software engineering/data science roles are materially harder.,visible,core_harshit,yes,retained_or_replacement
416,DataStax,https://www.datastax.com/company/careers,85,P2 — Strong,Harshit primary,Technology / SaaS,Data/BI Analyst; Business Operations Analyst; Customer/Revenue Analytics; Implementation/CS Ops,Keep any employment type when role-relevant; exclude generic part-time work,"Exclude generic sales, retail, hospitality, customer service and frontline roles",64,Good for BI/ops/implementation roles; pure software engineering/data science roles are materially harder.,visible,core_harshit,yes,retained_or_replacement
417,Dedalus,https://www.dedalus.com/global/en/careers/,85,P2 — Strong,Harshit primary,Technology / SaaS,Data/BI Analyst; Business Operations Analyst; Customer/Revenue Analytics; Implementation/CS Ops,Keep any employment type when role-relevant; exclude generic part-time work,"Exclude generic sales, retail, hospitality, customer service and frontline roles",64,Good for BI/ops/implementation roles; pure software engineering/data science roles are materially harder.,visible,core_harshit,yes,retained_or_replacement
418,EXL,https://www.exlservice.com/careers,85,P2 — Strong,Harshit primary,Technology / SaaS,Data/BI Analyst; Business Operations Analyst; Customer/Revenue Analytics; Implementation/CS Ops,Keep any employment type when role-relevant; exclude generic part-time work,"Exclude generic sales, retail, hospitality, customer service and frontline roles",64,Good for BI/ops/implementation roles; pure software engineering/data science roles are materially harder.,visible,core_harshit,yes,retained_or_replacement
419,Fixify,https://www.fixify.com/careers,85,P2 — Strong,Harshit primary,Technology / SaaS,Data/BI Analyst; Business Operations Analyst; Customer/Revenue Analytics; Implementation/CS Ops,Keep any employment type when role-relevant; exclude generic part-time work,"Exclude generic sales, retail, hospitality, customer service and frontline roles",64,Good for BI/ops/implementation roles; pure software engineering/data science roles are materially harder.,visible,core_harshit,yes,retained_or_replacement
420,Forcepoint,https://www.forcepoint.com/company/work-with-us,85,P2 — Strong,Harshit primary,Technology / SaaS,Data/BI Analyst; Business Operations Analyst; Customer/Revenue Analytics; Implementation/CS Ops,Keep any employment type when role-relevant; exclude generic part-time work,"Exclude generic sales, retail, hospitality, customer service and frontline roles",64,Good for BI/ops/implementation roles; pure software engineering/data science roles are materially harder.,visible,core_harshit,yes,retained_or_replacement
421,Gong,https://www.gong.io/careers/,85,P2 — Strong,Harshit primary,Technology / SaaS,Data/BI Analyst; Business Operations Analyst; Customer/Revenue Analytics; Implementation/CS Ops,Keep any employment type when role-relevant; exclude generic part-time work,"Exclude generic sales, retail, hospitality, customer service and frontline roles",64,Good for BI/ops/implementation roles; pure software engineering/data science roles are materially harder.,visible,core_harshit,yes,retained_or_replacement
422,Harvey,https://www.harvey.ai/careers,85,P2 — Strong,Harshit primary,Technology / SaaS,Data/BI Analyst; Business Operations Analyst; Customer/Revenue Analytics; Implementation/CS Ops,Keep any employment type when role-relevant; exclude generic part-time work,"Exclude generic sales, retail, hospitality, customer service and frontline roles",64,Good for BI/ops/implementation roles; pure software engineering/data science roles are materially harder.,visible,core_harshit,yes,retained_or_replacement
423,Hitachi Energy,https://www.hitachienergy.com/careers,85,P2 — Strong,Harshit primary,Technology / SaaS,Data/BI Analyst; Business Operations Analyst; Customer/Revenue Analytics; Implementation/CS Ops,Keep any employment type when role-relevant; exclude generic part-time work,"Exclude generic sales, retail, hospitality, customer service and frontline roles",64,Good for BI/ops/implementation roles; pure software engineering/data science roles are materially harder.,visible,core_harshit,yes,retained_or_replacement
424,Isla Health,https://www.isla.health/careers,85,P2 — Strong,Harshit primary,Technology / SaaS,Data/BI Analyst; Business Operations Analyst; Customer/Revenue Analytics; Implementation/CS Ops,Keep any employment type when role-relevant; exclude generic part-time work,"Exclude generic sales, retail, hospitality, customer service and frontline roles",64,Good for BI/ops/implementation roles; pure software engineering/data science roles are materially harder.,visible,core_harshit,yes,retained_or_replacement
425,Keeper Security,https://www.keepersecurity.com/company/careers/,85,P2 — Strong,Harshit primary,Technology / SaaS,Data/BI Analyst; Business Operations Analyst; Customer/Revenue Analytics; Implementation/CS Ops,Keep any employment type when role-relevant; exclude generic part-time work,"Exclude generic sales, retail, hospitality, customer service and frontline roles",64,Good for BI/ops/implementation roles; pure software engineering/data science roles are materially harder.,visible,core_harshit,yes,retained_or_replacement
426,Moonshot,https://moonshotteam.com/careers/,85,P2 — Strong,Harshit primary,Technology / SaaS,Data/BI Analyst; Business Operations Analyst; Customer/Revenue Analytics; Implementation/CS Ops,Keep any employment type when role-relevant; exclude generic part-time work,"Exclude generic sales, retail, hospitality, customer service and frontline roles",64,Good for BI/ops/implementation roles; pure software engineering/data science roles are materially harder.,visible,core_harshit,yes,retained_or_replacement
427,Motorola Solutions,https://www.motorolasolutions.com/en_us/about/careers.html,85,P2 — Strong,Harshit primary,Technology / SaaS,Data/BI Analyst; Business Operations Analyst; Customer/Revenue Analytics; Implementation/CS Ops,Keep any employment type when role-relevant; exclude generic part-time work,"Exclude generic sales, retail, hospitality, customer service and frontline roles",64,Good for BI/ops/implementation roles; pure software engineering/data science roles are materially harder.,visible,core_harshit,yes,retained_or_replacement
428,One Identity,https://www.oneidentity.com/careers/,85,P2 — Strong,Harshit primary,Technology / SaaS,Data/BI Analyst; Business Operations Analyst; Customer/Revenue Analytics; Implementation/CS Ops,Keep any employment type when role-relevant; exclude generic part-time work,"Exclude generic sales, retail, hospitality, customer service and frontline roles",64,Good for BI/ops/implementation roles; pure software engineering/data science roles are materially harder.,visible,core_harshit,yes,retained_or_replacement
429,Park Place Technologies,https://www.parkplacetechnologies.com/company/careers/,85,P2 — Strong,Harshit primary,Technology / SaaS,Data/BI Analyst; Business Operations Analyst; Customer/Revenue Analytics; Implementation/CS Ops,Keep any employment type when role-relevant; exclude generic part-time work,"Exclude generic sales, retail, hospitality, customer service and frontline roles",64,Good for BI/ops/implementation roles; pure software engineering/data science roles are materially harder.,visible,core_harshit,yes,retained_or_replacement
430,Qumulo,https://careers.qumulo.com/,85,P2 — Strong,Harshit primary,Technology / SaaS,Data/BI Analyst; Business Operations Analyst; Customer/Revenue Analytics; Implementation/CS Ops,Keep any employment type when role-relevant; exclude generic part-time work,"Exclude generic sales, retail, hospitality, customer service and frontline roles",64,Good for BI/ops/implementation roles; pure software engineering/data science roles are materially harder.,visible,core_harshit,yes,retained_or_replacement
431,RoviSys,https://www.rovisys.com/careers,85,P2 — Strong,Harshit primary,Technology / SaaS,Data/BI Analyst; Business Operations Analyst; Customer/Revenue Analytics; Implementation/CS Ops,Keep any employment type when role-relevant; exclude generic part-time work,"Exclude generic sales, retail, hospitality, customer service and frontline roles",64,Good for BI/ops/implementation roles; pure software engineering/data science roles are materially harder.,visible,core_harshit,yes,retained_or_replacement
432,RxSense,https://www.rxsense.com/careers/,85,P2 — Strong,Harshit primary,Technology / SaaS,Data/BI Analyst; Business Operations Analyst; Customer/Revenue Analytics; Implementation/CS Ops,Keep any employment type when role-relevant; exclude generic part-time work,"Exclude generic sales, retail, hospitality, customer service and frontline roles",64,Good for BI/ops/implementation roles; pure software engineering/data science roles are materially harder.,visible,core_harshit,yes,retained_or_replacement
433,SHEIN,https://careers.sheingroup.com/,85,P2 — Strong,Harshit primary,Technology / SaaS,Data/BI Analyst; Business Operations Analyst; Customer/Revenue Analytics; Implementation/CS Ops,Keep any employment type when role-relevant; exclude generic part-time work,"Exclude generic sales, retail, hospitality, customer service and frontline roles",64,Good for BI/ops/implementation roles; pure software engineering/data science roles are materially harder.,visible,core_harshit,yes,retained_or_replacement
434,Smarttech247,https://www.smarttech247.com/careers/,85,P2 — Strong,Harshit primary,Technology / SaaS,Data/BI Analyst; Business Operations Analyst; Customer/Revenue Analytics; Implementation/CS Ops,Keep any employment type when role-relevant; exclude generic part-time work,"Exclude generic sales, retail, hospitality, customer service and frontline roles",64,Good for BI/ops/implementation roles; pure software engineering/data science roles are materially harder.,visible,core_harshit,yes,retained_or_replacement
435,Spectrum.Life,https://www.spectrum.life/careers,85,P2 — Strong,Harshit primary,Technology / SaaS,Data/BI Analyst; Business Operations Analyst; Customer/Revenue Analytics; Implementation/CS Ops,Keep any employment type when role-relevant; exclude generic part-time work,"Exclude generic sales, retail, hospitality, customer service and frontline roles",64,Good for BI/ops/implementation roles; pure software engineering/data science roles are materially harder.,visible,core_harshit,yes,retained_or_replacement
436,Taoglas,https://www.taoglas.com/careers/,85,P2 — Strong,Harshit primary,Technology / SaaS,Data/BI Analyst; Business Operations Analyst; Customer/Revenue Analytics; Implementation/CS Ops,Keep any employment type when role-relevant; exclude generic part-time work,"Exclude generic sales, retail, hospitality, customer service and frontline roles",64,Good for BI/ops/implementation roles; pure software engineering/data science roles are materially harder.,visible,core_harshit,yes,retained_or_replacement
437,Tines,https://www.tines.com/careers/,85,P2 — Strong,Harshit primary,Technology / SaaS,Data/BI Analyst; Business Operations Analyst; Customer/Revenue Analytics; Implementation/CS Ops,Keep any employment type when role-relevant; exclude generic part-time work,"Exclude generic sales, retail, hospitality, customer service and frontline roles",64,Good for BI/ops/implementation roles; pure software engineering/data science roles are materially harder.,visible,core_harshit,yes,retained_or_replacement
438,Trellix,https://careers.trellix.com/,85,P2 — Strong,Harshit primary,Technology / SaaS,Data/BI Analyst; Business Operations Analyst; Customer/Revenue Analytics; Implementation/CS Ops,Keep any employment type when role-relevant; exclude generic part-time work,"Exclude generic sales, retail, hospitality, customer service and frontline roles",64,Good for BI/ops/implementation roles; pure software engineering/data science roles are materially harder.,visible,core_harshit,yes,retained_or_replacement
439,Workato,https://www.workato.com/careers,85,P2 — Strong,Harshit primary,Technology / SaaS,Data/BI Analyst; Business Operations Analyst; Customer/Revenue Analytics; Implementation/CS Ops,Keep any employment type when role-relevant; exclude generic part-time work,"Exclude generic sales, retail, hospitality, customer service and frontline roles",64,Good for BI/ops/implementation roles; pure software engineering/data science roles are materially harder.,visible,core_harshit,yes,retained_or_replacement
440,Xenon arc,https://www.xenonarc.com/careers,85,P2 — Strong,Harshit primary,Technology / SaaS,Data/BI Analyst; Business Operations Analyst; Customer/Revenue Analytics; Implementation/CS Ops,Keep any employment type when role-relevant; exclude generic part-time work,"Exclude generic sales, retail, hospitality, customer service and frontline roles",64,Good for BI/ops/implementation roles; pure software engineering/data science roles are materially harder.,visible,core_harshit,yes,retained_or_replacement
441,Korn Ferry,https://www.kornferry.com/careers,79,P3 — Selective,Secondary / exact-fit,Strategy / Consulting,Technology/Data Consultant; Business Analyst; Transformation Consultant,Keep any employment type when role-relevant; exclude generic part-time work,"Exclude generic sales, retail, hospitality, customer service and frontline roles",58,"Solid transferable fit for business analysis, BI, transformation and operations roles; exact vacancy and referral will drive outcome.",visible,core_harshit,yes,retained_or_replacement
442,AbbVie,https://careers.abbvie.com/en/jobs?q=&options=&page=1&ln=Ireland&lr=100&li=IE,75,P3 — Selective,Secondary / exact-fit,Finance / Risk,Risk/Compliance Analyst; Data/BI Analyst; Business Analyst; Operations Analyst,Keep any employment type when role-relevant; exclude generic part-time work,"Exclude generic sales, retail, hospitality, customer service and frontline roles",70,Analytics plus market-surveillance project helps; finance pedigree/domain depth is weaker than your business/implementation fit.,visible,core_harshit,yes,retained_or_replacement
443,Abbott,https://www.jobs.abbott/us/en/search-results?m=3&location=Ireland,75,P3 — Selective,Secondary / exact-fit,Finance / Risk,Risk/Compliance Analyst; Data/BI Analyst; Business Analyst; Operations Analyst,Keep any employment type when role-relevant; exclude generic part-time work,"Exclude generic sales, retail, hospitality, customer service and frontline roles",70,Analytics plus market-surveillance project helps; finance pedigree/domain depth is weaker than your business/implementation fit.,visible,core_harshit,yes,retained_or_replacement
444,Advanced Micro Devices (AMD),https://jobs.amd.com/go/Jobs-in-Ireland/8844800/,75,P3 — Selective,Secondary / exact-fit,Finance / Risk,Risk/Compliance Analyst; Data/BI Analyst; Business Analyst; Operations Analyst,Keep any employment type when role-relevant; exclude generic part-time work,"Exclude generic sales, retail, hospitality, customer service and frontline roles",70,Analytics plus market-surveillance project helps; finance pedigree/domain depth is weaker than your business/implementation fit.,visible,core_harshit,yes,retained_or_replacement
445,AerCap,https://www.aercap.com/careers/,75,P3 — Selective,Secondary / exact-fit,Finance / Risk,Risk/Compliance Analyst; Data/BI Analyst; Business Analyst; Operations Analyst,Keep any employment type when role-relevant; exclude generic part-time work,"Exclude generic sales, retail, hospitality, customer service and frontline roles",70,Analytics plus market-surveillance project helps; finance pedigree/domain depth is weaker than your business/implementation fit.,visible,core_harshit,yes,retained_or_replacement
446,Amgen,https://careers.amgen.com/search-jobs/Ireland,75,P3 — Selective,Secondary / exact-fit,Finance / Risk,Risk/Compliance Analyst; Data/BI Analyst; Business Analyst; Operations Analyst,Keep any employment type when role-relevant; exclude generic part-time work,"Exclude generic sales, retail, hospitality, customer service and frontline roles",70,Analytics plus market-surveillance project helps; finance pedigree/domain depth is weaker than your business/implementation fit.,visible,core_harshit,yes,retained_or_replacement
447,Analog Devices,https://analogdevices.wd1.myworkdayjobs.com/External,75,P3 — Selective,Secondary / exact-fit,Finance / Risk,Risk/Compliance Analyst; Data/BI Analyst; Business Analyst; Operations Analyst,Keep any employment type when role-relevant; exclude generic part-time work,"Exclude generic sales, retail, hospitality, customer service and frontline roles",70,Analytics plus market-surveillance project helps; finance pedigree/domain depth is weaker than your business/implementation fit.,visible,core_harshit,yes,retained_or_replacement
448,Avolon,https://www.avolon.aero/careers,75,P3 — Selective,Secondary / exact-fit,Finance / Risk,Risk/Compliance Analyst; Data/BI Analyst; Business Analyst; Operations Analyst,Keep any employment type when role-relevant; exclude generic part-time work,"Exclude generic sales, retail, hospitality, customer service and frontline roles",70,Analytics plus market-surveillance project helps; finance pedigree/domain depth is weaker than your business/implementation fit.,visible,core_harshit,yes,retained_or_replacement
449,BNY,https://careers.bny.com,75,P3 — Selective,Secondary / exact-fit,Finance / Risk,Risk/Compliance Analyst; Data/BI Analyst; Business Analyst; Operations Analyst,Keep any employment type when role-relevant; exclude generic part-time work,"Exclude generic sales, retail, hospitality, customer service and frontline roles",70,Analytics plus market-surveillance project helps; finance pedigree/domain depth is weaker than your business/implementation fit.,visible,core_harshit,yes,retained_or_replacement
450,Bank of America,https://careers.bankofamerica.com,75,P3 — Selective,Secondary / exact-fit,Finance / Risk,Risk/Compliance Analyst; Data/BI Analyst; Business Analyst; Operations Analyst,Keep any employment type when role-relevant; exclude generic part-time work,"Exclude generic sales, retail, hospitality, customer service and frontline roles",70,Analytics plus market-surveillance project helps; finance pedigree/domain depth is weaker than your business/implementation fit.,visible,core_harshit,yes,retained_or_replacement
451,Barclays,https://search.jobs.barclays/search-jobs/Ireland,75,P3 — Selective,Secondary / exact-fit,Finance / Risk,Risk/Compliance Analyst; Data/BI Analyst; Business Analyst; Operations Analyst,Keep any employment type when role-relevant; exclude generic part-time work,"Exclude generic sales, retail, hospitality, customer service and frontline roles",70,Analytics plus market-surveillance project helps; finance pedigree/domain depth is weaker than your business/implementation fit.,visible,core_harshit,yes,retained_or_replacement
452,BlackRock,https://careers.blackrock.com/search-jobs,75,P3 — Selective,Secondary / exact-fit,Finance / Risk,Risk/Compliance Analyst; Data/BI Analyst; Business Analyst; Operations Analyst,Keep any employment type when role-relevant; exclude generic part-time work,"Exclude generic sales, retail, hospitality, customer service and frontline roles",70,Analytics plus market-surveillance project helps; finance pedigree/domain depth is weaker than your business/implementation fit.,visible,core_harshit,yes,retained_or_replacement
453,Boston Scientific,https://jobs.bostonscientific.com/search/?q=&locationsearch=Ireland,75,P3 — Selective,Secondary / exact-fit,Finance / Risk,Risk/Compliance Analyst; Data/BI Analyst; Business Analyst; Operations Analyst,Keep any employment type when role-relevant; exclude generic part-time work,"Exclude generic sales, retail, hospitality, customer service and frontline roles",70,Analytics plus market-surveillance project helps; finance pedigree/domain depth is weaker than your business/implementation fit.,visible,core_harshit,yes,retained_or_replacement
454,Citi,https://jobs.citi.com/search-jobs/Ireland,75,P3 — Selective,Secondary / exact-fit,Finance / Risk,Risk/Compliance Analyst; Data/BI Analyst; Business Analyst; Operations Analyst,Keep any employment type when role-relevant; exclude generic part-time work,"Exclude generic sales, retail, hospitality, customer service and frontline roles",70,Analytics plus market-surveillance project helps; finance pedigree/domain depth is weaker than your business/implementation fit.,visible,core_harshit,yes,retained_or_replacement
455,Deutsche Bank,https://careers.db.com,75,P3 — Selective,Secondary / exact-fit,Finance / Risk,Risk/Compliance Analyst; Data/BI Analyst; Business Analyst; Operations Analyst,Keep any employment type when role-relevant; exclude generic part-time work,"Exclude generic sales, retail, hospitality, customer service and frontline roles",70,Analytics plus market-surveillance project helps; finance pedigree/domain depth is weaker than your business/implementation fit.,visible,core_harshit,yes,retained_or_replacement
456,Fidelity International,https://careers.fidelityinternational.com/,75,P3 — Selective,Secondary / exact-fit,Finance / Risk,Risk/Compliance Analyst; Data/BI Analyst; Business Analyst; Operations Analyst,Keep any employment type when role-relevant; exclude generic part-time work,"Exclude generic sales, retail, hospitality, customer service and frontline roles",70,Analytics plus market-surveillance project helps; finance pedigree/domain depth is weaker than your business/implementation fit.,visible,core_harshit,yes,retained_or_replacement
457,Fidelity Investments,https://jobs.fidelity.com/location/ireland-jobs/2324/2963597/2,75,P3 — Selective,Secondary / exact-fit,Finance / Risk,Risk/Compliance Analyst; Data/BI Analyst; Business Analyst; Operations Analyst,Keep any employment type when role-relevant; exclude generic part-time work,"Exclude generic sales, retail, hospitality, customer service and frontline roles",70,Analytics plus market-surveillance project helps; finance pedigree/domain depth is weaker than your business/implementation fit.,visible,core_harshit,yes,retained_or_replacement
458,Goldman Sachs,https://www.goldmansachs.com/careers/,75,P3 — Selective,Secondary / exact-fit,Finance / Risk,Risk/Compliance Analyst; Data/BI Analyst; Business Analyst; Operations Analyst,Keep any employment type when role-relevant; exclude generic part-time work,"Exclude generic sales, retail, hospitality, customer service and frontline roles",70,Analytics plus market-surveillance project helps; finance pedigree/domain depth is weaker than your business/implementation fit.,visible,core_harshit,yes,retained_or_replacement
459,Intel,https://jobs.intel.com/en/search-jobs/Ireland,75,P3 — Selective,Secondary / exact-fit,Finance / Risk,Risk/Compliance Analyst; Data/BI Analyst; Business Analyst; Operations Analyst,Keep any employment type when role-relevant; exclude generic part-time work,"Exclude generic sales, retail, hospitality, customer service and frontline roles",70,Analytics plus market-surveillance project helps; finance pedigree/domain depth is weaker than your business/implementation fit.,visible,core_harshit,yes,retained_or_replacement
460,JPMorgan Chase,https://jpmc.fa.oraclecloud.com/hcmUI/CandidateExperience/en/sites/CX_1001/requisitions?location=Ireland,75,P3 — Selective,Secondary / exact-fit,Finance / Risk,Risk/Compliance Analyst; Data/BI Analyst; Business Analyst; Operations Analyst,Keep any employment type when role-relevant; exclude generic part-time work,"Exclude generic sales, retail, hospitality, customer service and frontline roles",70,Analytics plus market-surveillance project helps; finance pedigree/domain depth is weaker than your business/implementation fit.,visible,core_harshit,yes,retained_or_replacement
461,Johnson & Johnson,https://jobs.jnj.com/en/jobs/?search=Ireland,75,P3 — Selective,Secondary / exact-fit,Finance / Risk,Risk/Compliance Analyst; Data/BI Analyst; Business Analyst; Operations Analyst,Keep any employment type when role-relevant; exclude generic part-time work,"Exclude generic sales, retail, hospitality, customer service and frontline roles",70,Analytics plus market-surveillance project helps; finance pedigree/domain depth is weaker than your business/implementation fit.,visible,core_harshit,yes,retained_or_replacement
462,Mastercard,https://mastercard.wd1.myworkdayjobs.com/CorporateCareers,75,P3 — Selective,Secondary / exact-fit,Finance / Risk,Risk/Compliance Analyst; Data/BI Analyst; Business Analyst; Operations Analyst,Keep any employment type when role-relevant; exclude generic part-time work,"Exclude generic sales, retail, hospitality, customer service and frontline roles",70,Analytics plus market-surveillance project helps; finance pedigree/domain depth is weaker than your business/implementation fit.,visible,core_harshit,yes,retained_or_replacement
463,Medtronic,https://jobs.medtronic.com/search/?q=&locationsearch=Ireland,75,P3 — Selective,Secondary / exact-fit,Finance / Risk,Risk/Compliance Analyst; Data/BI Analyst; Business Analyst; Operations Analyst,Keep any employment type when role-relevant; exclude generic part-time work,"Exclude generic sales, retail, hospitality, customer service and frontline roles",70,Analytics plus market-surveillance project helps; finance pedigree/domain depth is weaker than your business/implementation fit.,visible,core_harshit,yes,retained_or_replacement
464,Morgan Stanley,https://morganstanley.tal.net/vx/lang-en-GB/mobile-0/brand-2/user-home,75,P3 — Selective,Secondary / exact-fit,Finance / Risk,Risk/Compliance Analyst; Data/BI Analyst; Business Analyst; Operations Analyst,Keep any employment type when role-relevant; exclude generic part-time work,"Exclude generic sales, retail, hospitality, customer service and frontline roles",70,Analytics plus market-surveillance project helps; finance pedigree/domain depth is weaker than your business/implementation fit.,visible,core_harshit,yes,retained_or_replacement
465,PepsiCo,https://www.pepsicojobs.com/,75,P3 — Selective,Secondary / exact-fit,Finance / Risk,Risk/Compliance Analyst; Data/BI Analyst; Business Analyst; Operations Analyst,Keep any employment type when role-relevant; exclude generic part-time work,"Exclude generic sales, retail, hospitality, customer service and frontline roles",70,Analytics plus market-surveillance project helps; finance pedigree/domain depth is weaker than your business/implementation fit.,visible,core_harshit,yes,retained_or_replacement
466,Pfizer,https://pfizer.wd1.myworkdayjobs.com/PfizerCareers?locationCountry=0878e1d528b846e38b3940173bc5b43a,75,P3 — Selective,Secondary / exact-fit,Finance / Risk,Risk/Compliance Analyst; Data/BI Analyst; Business Analyst; Operations Analyst,Keep any employment type when role-relevant; exclude generic part-time work,"Exclude generic sales, retail, hospitality, customer service and frontline roles",70,Analytics plus market-surveillance project helps; finance pedigree/domain depth is weaker than your business/implementation fit.,visible,core_harshit,yes,retained_or_replacement
467,SMBC Aviation Capital,https://www.smbc.com/careers,75,P3 — Selective,Secondary / exact-fit,Finance / Risk,Risk/Compliance Analyst; Data/BI Analyst; Business Analyst; Operations Analyst,Keep any employment type when role-relevant; exclude generic part-time work,"Exclude generic sales, retail, hospitality, customer service and frontline roles",70,Analytics plus market-surveillance project helps; finance pedigree/domain depth is weaker than your business/implementation fit.,visible,core_harshit,yes,retained_or_replacement
468,Siemens,https://www.siemens.com/ie/en/company/jobs.html,75,P3 — Selective,Secondary / exact-fit,Finance / Risk,Risk/Compliance Analyst; Data/BI Analyst; Business Analyst; Operations Analyst,Keep any employment type when role-relevant; exclude generic part-time work,"Exclude generic sales, retail, hospitality, customer service and frontline roles",70,Analytics plus market-surveillance project helps; finance pedigree/domain depth is weaker than your business/implementation fit.,visible,core_harshit,yes,retained_or_replacement
469,Siemens Healthineers,https://www.siemens-healthineers.com/careers,75,P3 — Selective,Secondary / exact-fit,Finance / Risk,Risk/Compliance Analyst; Data/BI Analyst; Business Analyst; Operations Analyst,Keep any employment type when role-relevant; exclude generic part-time work,"Exclude generic sales, retail, hospitality, customer service and frontline roles",70,Analytics plus market-surveillance project helps; finance pedigree/domain depth is weaker than your business/implementation fit.,visible,core_harshit,yes,retained_or_replacement
470,State Street,https://statestreet.wd1.myworkdayjobs.com/Global,75,P3 — Selective,Secondary / exact-fit,Finance / Risk,Risk/Compliance Analyst; Data/BI Analyst; Business Analyst; Operations Analyst,Keep any employment type when role-relevant; exclude generic part-time work,"Exclude generic sales, retail, hospitality, customer service and frontline roles",70,Analytics plus market-surveillance project helps; finance pedigree/domain depth is weaker than your business/implementation fit.,visible,core_harshit,yes,retained_or_replacement
471,Unilever Ireland,https://careers.unilever.com/,75,P3 — Selective,Secondary / exact-fit,Finance / Risk,Risk/Compliance Analyst; Data/BI Analyst; Business Analyst; Operations Analyst,Keep any employment type when role-relevant; exclude generic part-time work,"Exclude generic sales, retail, hospitality, customer service and frontline roles",70,Analytics plus market-surveillance project helps; finance pedigree/domain depth is weaker than your business/implementation fit.,visible,core_harshit,yes,retained_or_replacement
472,Visa,https://search.visa.com/careers?location=Ireland,75,P3 — Selective,Secondary / exact-fit,Finance / Risk,Risk/Compliance Analyst; Data/BI Analyst; Business Analyst; Operations Analyst,Keep any employment type when role-relevant; exclude generic part-time work,"Exclude generic sales, retail, hospitality, customer service and frontline roles",70,Analytics plus market-surveillance project helps; finance pedigree/domain depth is weaker than your business/implementation fit.,visible,core_harshit,yes,retained_or_replacement
473,Microsoft,https://jobs.careers.microsoft.com/global/en/search?lc=Ireland,67,P4 — Exact-fit only,Low priority,Finance / Risk,Risk/Compliance Analyst; Data/BI Analyst; Business Analyst; Operations Analyst,Keep any employment type when role-relevant; exclude generic part-time work,"Exclude generic sales, retail, hospitality, customer service and frontline roles",62,"Strong analytics/implementation foundation, but brand-selective hiring and role competition make this a reach; referral + exact-role fit matters.",visible,core_harshit,yes,retained_or_replacement
474,Adobe,https://adobe.wd5.myworkdayjobs.com/external_experienced,64,P4 — Exact-fit only,Low priority,Finance / Risk,Risk/Compliance Analyst; Data/BI Analyst; Business Analyst; Operations Analyst,Keep any employment type when role-relevant; exclude generic part-time work,"Exclude generic sales, retail, hospitality, customer service and frontline roles",59,"Strong analytics/implementation foundation, but brand-selective hiring and role competition make this a reach; referral + exact-role fit matters.",visible,core_harshit,yes,retained_or_replacement
475,Airbnb,https://careers.airbnb.com/,64,P4 — Exact-fit only,Low priority,Finance / Risk,Risk/Compliance Analyst; Data/BI Analyst; Business Analyst; Operations Analyst,Keep any employment type when role-relevant; exclude generic part-time work,"Exclude generic sales, retail, hospitality, customer service and frontline roles",59,"Strong analytics/implementation foundation, but brand-selective hiring and role competition make this a reach; referral + exact-role fit matters.",visible,core_harshit,yes,retained_or_replacement
476,Amazon,https://www.amazon.jobs/en/locations/dublin-ireland,64,P4 — Exact-fit only,Low priority,Finance / Risk,Risk/Compliance Analyst; Data/BI Analyst; Business Analyst; Operations Analyst,Keep any employment type when role-relevant; exclude generic part-time work,"Exclude generic sales, retail, hospitality, customer service and frontline roles",59,"Strong analytics/implementation foundation, but brand-selective hiring and role competition make this a reach; referral + exact-role fit matters.",visible,core_harshit,yes,retained_or_replacement
477,Apple,https://jobs.apple.com/en-ie/search?location=ireland-IRL,64,P4 — Exact-fit only,Low priority,Finance / Risk,Risk/Compliance Analyst; Data/BI Analyst; Business Analyst; Operations Analyst,Keep any employment type when role-relevant; exclude generic part-time work,"Exclude generic sales, retail, hospitality, customer service and frontline roles",59,"Strong analytics/implementation foundation, but brand-selective hiring and role competition make this a reach; referral + exact-role fit matters.",visible,core_harshit,yes,retained_or_replacement
478,Atlassian,https://www.atlassian.com/company/careers/jobs?location=Dublin,64,P4 — Exact-fit only,Low priority,Finance / Risk,Risk/Compliance Analyst; Data/BI Analyst; Business Analyst; Operations Analyst,Keep any employment type when role-relevant; exclude generic part-time work,"Exclude generic sales, retail, hospitality, customer service and frontline roles",59,"Strong analytics/implementation foundation, but brand-selective hiring and role competition make this a reach; referral + exact-role fit matters.",visible,core_harshit,yes,retained_or_replacement
479,Coinbase,https://www.coinbase.com/careers/positions?location=dublin,64,P4 — Exact-fit only,Low priority,Finance / Risk,Risk/Compliance Analyst; Data/BI Analyst; Business Analyst; Operations Analyst,Keep any employment type when role-relevant; exclude generic part-time work,"Exclude generic sales, retail, hospitality, customer service and frontline roles",59,"Strong analytics/implementation foundation, but brand-selective hiring and role competition make this a reach; referral + exact-role fit matters.",visible,core_harshit,yes,retained_or_replacement
480,Datadog,https://www.datadoghq.com/careers/,64,P4 — Exact-fit only,Low priority,Finance / Risk,Risk/Compliance Analyst; Data/BI Analyst; Business Analyst; Operations Analyst,Keep any employment type when role-relevant; exclude generic part-time work,"Exclude generic sales, retail, hospitality, customer service and frontline roles",59,"Strong analytics/implementation foundation, but brand-selective hiring and role competition make this a reach; referral + exact-role fit matters.",visible,core_harshit,yes,retained_or_replacement
481,Dropbox,https://www.dropbox.com/jobs/all-jobs,64,P4 — Exact-fit only,Low priority,Finance / Risk,Risk/Compliance Analyst; Data/BI Analyst; Business Analyst; Operations Analyst,Keep any employment type when role-relevant; exclude generic part-time work,"Exclude generic sales, retail, hospitality, customer service and frontline roles",59,"Strong analytics/implementation foundation, but brand-selective hiring and role competition make this a reach; referral + exact-role fit matters.",visible,core_harshit,yes,retained_or_replacement
482,Google,https://www.google.com/about/careers/applications/jobs/results/?location=Ireland,64,P4 — Exact-fit only,Low priority,Finance / Risk,Risk/Compliance Analyst; Data/BI Analyst; Business Analyst; Operations Analyst,Keep any employment type when role-relevant; exclude generic part-time work,"Exclude generic sales, retail, hospitality, customer service and frontline roles",59,"Strong analytics/implementation foundation, but brand-selective hiring and role competition make this a reach; referral + exact-role fit matters.",visible,core_harshit,yes,retained_or_replacement
483,HubSpot,https://www.hubspot.com/careers/jobs?location=dublin,64,P4 — Exact-fit only,Low priority,Finance / Risk,Risk/Compliance Analyst; Data/BI Analyst; Business Analyst; Operations Analyst,Keep any employment type when role-relevant; exclude generic part-time work,"Exclude generic sales, retail, hospitality, customer service and frontline roles",59,"Strong analytics/implementation foundation, but brand-selective hiring and role competition make this a reach; referral + exact-role fit matters.",visible,core_harshit,yes,retained_or_replacement
484,LinkedIn,https://careers.linkedin.com/Locations/Dublin,64,P4 — Exact-fit only,Low priority,Finance / Risk,Risk/Compliance Analyst; Data/BI Analyst; Business Analyst; Operations Analyst,Keep any employment type when role-relevant; exclude generic part-time work,"Exclude generic sales, retail, hospitality, customer service and frontline roles",59,"Strong analytics/implementation foundation, but brand-selective hiring and role competition make this a reach; referral + exact-role fit matters.",visible,core_harshit,yes,retained_or_replacement
485,Meta,https://www.metacareers.com/jobs?locations[0]=Dublin%2C%20Ireland,64,P4 — Exact-fit only,Low priority,Finance / Risk,Risk/Compliance Analyst; Data/BI Analyst; Business Analyst; Operations Analyst,Keep any employment type when role-relevant; exclude generic part-time work,"Exclude generic sales, retail, hospitality, customer service and frontline roles",59,"Strong analytics/implementation foundation, but brand-selective hiring and role competition make this a reach; referral + exact-role fit matters.",visible,core_harshit,yes,retained_or_replacement
486,MongoDB,https://www.mongodb.com/careers/jobs?location=Dublin%2C%20Ireland,64,P4 — Exact-fit only,Low priority,Finance / Risk,Risk/Compliance Analyst; Data/BI Analyst; Business Analyst; Operations Analyst,Keep any employment type when role-relevant; exclude generic part-time work,"Exclude generic sales, retail, hospitality, customer service and frontline roles",59,"Strong analytics/implementation foundation, but brand-selective hiring and role competition make this a reach; referral + exact-role fit matters.",visible,core_harshit,yes,retained_or_replacement
487,Pinterest,https://www.pinterestcareers.com/en/jobs/?location=Dublin,64,P4 — Exact-fit only,Low priority,Finance / Risk,Risk/Compliance Analyst; Data/BI Analyst; Business Analyst; Operations Analyst,Keep any employment type when role-relevant; exclude generic part-time work,"Exclude generic sales, retail, hospitality, customer service and frontline roles",59,"Strong analytics/implementation foundation, but brand-selective hiring and role competition make this a reach; referral + exact-role fit matters.",visible,core_harshit,yes,retained_or_replacement
488,Salesforce,https://salesforce.wd12.myworkdayjobs.com/External_Career_Site,64,P4 — Exact-fit only,Low priority,Finance / Risk,Risk/Compliance Analyst; Data/BI Analyst; Business Analyst; Operations Analyst,Keep any employment type when role-relevant; exclude generic part-time work,"Exclude generic sales, retail, hospitality, customer service and frontline roles",59,"Strong analytics/implementation foundation, but brand-selective hiring and role competition make this a reach; referral + exact-role fit matters.",visible,core_harshit,yes,retained_or_replacement
489,ServiceNow,https://careers.servicenow.com/jobs?location=Dublin%2C%20Ireland,64,P4 — Exact-fit only,Low priority,Finance / Risk,Risk/Compliance Analyst; Data/BI Analyst; Business Analyst; Operations Analyst,Keep any employment type when role-relevant; exclude generic part-time work,"Exclude generic sales, retail, hospitality, customer service and frontline roles",59,"Strong analytics/implementation foundation, but brand-selective hiring and role competition make this a reach; referral + exact-role fit matters.",visible,core_harshit,yes,retained_or_replacement
490,Slack,https://salesforce.wd12.myworkdayjobs.com/Slack,64,P4 — Exact-fit only,Low priority,Finance / Risk,Risk/Compliance Analyst; Data/BI Analyst; Business Analyst; Operations Analyst,Keep any employment type when role-relevant; exclude generic part-time work,"Exclude generic sales, retail, hospitality, customer service and frontline roles",59,"Strong analytics/implementation foundation, but brand-selective hiring and role competition make this a reach; referral + exact-role fit matters.",visible,core_harshit,yes,retained_or_replacement
491,Snowflake,https://careers.snowflake.com/us/en/search-results?m=3&location=Ireland,64,P4 — Exact-fit only,Low priority,Finance / Risk,Risk/Compliance Analyst; Data/BI Analyst; Business Analyst; Operations Analyst,Keep any employment type when role-relevant; exclude generic part-time work,"Exclude generic sales, retail, hospitality, customer service and frontline roles",59,"Strong analytics/implementation foundation, but brand-selective hiring and role competition make this a reach; referral + exact-role fit matters.",visible,core_harshit,yes,retained_or_replacement
492,Stripe,https://stripe.com/jobs,64,P4 — Exact-fit only,Low priority,Finance / Risk,Risk/Compliance Analyst; Data/BI Analyst; Business Analyst; Operations Analyst,Keep any employment type when role-relevant; exclude generic part-time work,"Exclude generic sales, retail, hospitality, customer service and frontline roles",59,"Strong analytics/implementation foundation, but brand-selective hiring and role competition make this a reach; referral + exact-role fit matters.",visible,core_harshit,yes,retained_or_replacement
493,TikTok,https://careers.tiktok.com/position?keyword=&location=Dublin%2C+Ireland,64,P4 — Exact-fit only,Low priority,Finance / Risk,Risk/Compliance Analyst; Data/BI Analyst; Business Analyst; Operations Analyst,Keep any employment type when role-relevant; exclude generic part-time work,"Exclude generic sales, retail, hospitality, customer service and frontline roles",59,"Strong analytics/implementation foundation, but brand-selective hiring and role competition make this a reach; referral + exact-role fit matters.",visible,core_harshit,yes,retained_or_replacement
494,Twilio,https://www.twilio.com/en-us/company/jobs,64,P4 — Exact-fit only,Low priority,Finance / Risk,Risk/Compliance Analyst; Data/BI Analyst; Business Analyst; Operations Analyst,Keep any employment type when role-relevant; exclude generic part-time work,"Exclude generic sales, retail, hospitality, customer service and frontline roles",59,"Strong analytics/implementation foundation, but brand-selective hiring and role competition make this a reach; referral + exact-role fit matters.",visible,core_harshit,yes,retained_or_replacement
495,Workday,https://workday.wd5.myworkdayjobs.com/Workday,64,P4 — Exact-fit only,Low priority,Finance / Risk,Risk/Compliance Analyst; Data/BI Analyst; Business Analyst; Operations Analyst,Keep any employment type when role-relevant; exclude generic part-time work,"Exclude generic sales, retail, hospitality, customer service and frontline roles",59,"Strong analytics/implementation foundation, but brand-selective hiring and role competition make this a reach; referral + exact-role fit matters.",visible,core_harshit,yes,retained_or_replacement
496,Klaviyo,https://www.klaviyo.com/careers,63,P4 — Exact-fit only,Low priority,Technology / SaaS,Data/BI Analyst; Business Operations Analyst; Customer/Revenue Analytics; Implementation/CS Ops,Keep any employment type when role-relevant; exclude generic part-time work,"Exclude generic sales, retail, hospitality, customer service and frontline roles",42,"Strong analytics/implementation foundation, but brand-selective hiring and role competition make this a reach; referral + exact-role fit matters.",visible,core_harshit,yes,retained_or_replacement
497,OpenAI,https://openai.com/careers/,63,P4 — Exact-fit only,Low priority,Technology / SaaS,Data/BI Analyst; Business Operations Analyst; Customer/Revenue Analytics; Implementation/CS Ops,Keep any employment type when role-relevant; exclude generic part-time work,"Exclude generic sales, retail, hospitality, customer service and frontline roles",42,"Strong analytics/implementation foundation, but brand-selective hiring and role competition make this a reach; referral + exact-role fit matters.",visible,core_harshit,yes,retained_or_replacement
498,Alvarez & Marsal,https://www.alvarezandmarsal.com/careers,55,P4 — Exact-fit only,Low priority,Strategy / Consulting,Technology/Data Consultant; Business Analyst; Transformation Consultant,Keep any employment type when role-relevant; exclude generic part-time work,"Exclude generic sales, retail, hospitality, customer service and frontline roles",34,"Profile has consulting/client strengths, but generalist strategy hiring is exceptionally selective; target data/tech/transformation tracks.",visible,core_harshit,yes,retained_or_replacement
499,McKinsey & Company,https://www.mckinsey.com/careers/search-jobs?locations=Dublin,55,P4 — Exact-fit only,Low priority,Strategy / Consulting,Technology/Data Consultant; Business Analyst; Transformation Consultant,Keep any employment type when role-relevant; exclude generic part-time work,"Exclude generic sales, retail, hospitality, customer service and frontline roles",34,"Profile has consulting/client strengths, but generalist strategy hiring is exceptionally selective; target data/tech/transformation tracks.",visible,core_harshit,yes,retained_or_replacement
500,Oliver Wyman,https://www.oliverwyman.com/careers.html,55,P4 — Exact-fit only,Low priority,Strategy / Consulting,Technology/Data Consultant; Business Analyst; Transformation Consultant,Keep any employment type when role-relevant; exclude generic part-time work,"Exclude generic sales, retail, hospitality, customer service and frontline roles",34,"Profile has consulting/client strengths, but generalist strategy hiring is exceptionally selective; target data/tech/transformation tracks.",visible,core_harshit,yes,retained_or_replacement
,ABP Food Group,https://abpfoodgroup.com/careers/,0,P5 — Optional / low-density,Optional,,Only show role-relevant corporate/analytics/BI/BA/ERP/technology/transformation vacancies,Keep only profile-relevant professional roles; part-time allowed only when directly relevant,"Exclude generic sales, retail, hospitality, customer service, frontline, warehouse and unrelated operational roles",,Manufacturing/food operations dominate hiring; low density of target corporate role families.,hidden,lower_priority_companies,yes,dropped_but_optional
,Adecco Ireland,https://www.adecco.com/en-ie/job-search,0,P5 — Optional / low-density,Optional,,Only show role-relevant corporate/analytics/BI/BA/ERP/technology/transformation vacancies,Keep only profile-relevant professional roles; part-time allowed only when directly relevant,"Exclude generic sales, retail, hospitality, customer service, frontline, warehouse and unrelated operational roles",,Recruitment agency/intermediary; duplicates client vacancies and adds less career intelligence than monitoring employers directly.,hidden,lower_priority_companies,yes,dropped_but_optional
,Aldi Ireland,https://www.aldirecruitment.ie/,0,P5 — Optional / low-density,Optional,,Only show role-relevant corporate/analytics/BI/BA/ERP/technology/transformation vacancies,Keep only profile-relevant professional roles; part-time allowed only when directly relevant,"Exclude generic sales, retail, hospitality, customer service, frontline, warehouse and unrelated operational roles",,"Hiring is predominantly store, warehouse and frontline operations; low density of target analytics/consulting/technology roles.",hidden,lower_priority_companies,yes,dropped_but_optional
,Applegreen,https://www.applegreenstores.com/careers,0,P5 — Optional / low-density,Optional,Retail / Energy,Only show role-relevant corporate/analytics/BI/BA/ERP/technology/transformation vacancies,Keep only profile-relevant professional roles; part-time allowed only when directly relevant,"Exclude generic sales, retail, hospitality, customer service, frontline, warehouse and unrelated operational roles",,Predominantly retail/site operations and frontline hiring; low target-role density.,hidden,lower_priority_companies,yes,dropped_but_optional
,Approach People Recruitment,https://approachpeople.com,0,P5 — Optional / low-density,Optional,,Only show role-relevant corporate/analytics/BI/BA/ERP/technology/transformation vacancies,Keep only profile-relevant professional roles; part-time allowed only when directly relevant,"Exclude generic sales, retail, hospitality, customer service, frontline, warehouse and unrelated operational roles",,Recruitment agency/intermediary; direct-employer sources are more useful for a curated corporate radar.,hidden,lower_priority_companies,yes,dropped_but_optional
,Aramark Ireland,https://aramarkcareers.com/Northern-Europe/,0,P5 — Optional / low-density,Optional,Facilities / Food Services,Only show role-relevant corporate/analytics/BI/BA/ERP/technology/transformation vacancies,Keep only profile-relevant professional roles; part-time allowed only when directly relevant,"Exclude generic sales, retail, hospitality, customer service, frontline, warehouse and unrelated operational roles",,"Facilities, food-service and frontline operations dominate; low density of target professional roles.",hidden,lower_priority_companies,yes,dropped_but_optional
,Atlantic Technological University (ATU),https://www.atu.ie/careers,0,P5 — Optional / low-density,Optional,,Only show role-relevant corporate/analytics/BI/BA/ERP/technology/transformation vacancies,Keep only profile-relevant professional roles; part-time allowed only when directly relevant,"Exclude generic sales, retail, hospitality, customer service, frontline, warehouse and unrelated operational roles",,Higher-education employer; lower fit for the targeted private-sector analytics/consulting/technology career path.,hidden,lower_priority_companies,yes,dropped_but_optional
,B&Q Ireland,https://www.kingfishercareers.com/b-and-q,0,P5 — Optional / low-density,Optional,,Only show role-relevant corporate/analytics/BI/BA/ERP/technology/transformation vacancies,Keep only profile-relevant professional roles; part-time allowed only when directly relevant,"Exclude generic sales, retail, hospitality, customer service, frontline, warehouse and unrelated operational roles",,Store/frontline-heavy hiring; limited relevance to the target corporate role families.,hidden,lower_priority_companies,yes,dropped_but_optional
,BAM Ireland,https://www.bamireland.ie/careers/,0,P5 — Optional / low-density,Optional,,Only show role-relevant corporate/analytics/BI/BA/ERP/technology/transformation vacancies,Keep only profile-relevant professional roles; part-time allowed only when directly relevant,"Exclude generic sales, retail, hospitality, customer service, frontline, warehouse and unrelated operational roles",,Construction/project-delivery hiring is trade/site-heavy; limited density of target analytics/technology roles.,hidden,lower_priority_companies,yes,dropped_but_optional
,Bidvest Noonan,https://careers.bidvestnoonan.com/,0,P5 — Optional / low-density,Optional,Facilities / Security Services,Only show role-relevant corporate/analytics/BI/BA/ERP/technology/transformation vacancies,Keep only profile-relevant professional roles; part-time allowed only when directly relevant,"Exclude generic sales, retail, hospitality, customer service, frontline, warehouse and unrelated operational roles",,Facilities/security/frontline-heavy workforce; low target-role density.,hidden,lower_priority_companies,yes,dropped_but_optional
,Boots Ireland,https://www.boots.jobs/search-jobs/Ireland,0,P5 — Optional / low-density,Optional,,Only show role-relevant corporate/analytics/BI/BA/ERP/technology/transformation vacancies,Keep only profile-relevant professional roles; part-time allowed only when directly relevant,"Exclude generic sales, retail, hospitality, customer service, frontline, warehouse and unrelated operational roles",,Large retail/pharmacy frontline mix; corporate analytics opportunities are too sparse for a top-500 career radar.,hidden,lower_priority_companies,yes,dropped_but_optional
,Brightwater,https://www.brightwater.ie/jobs,0,P5 — Optional / low-density,Optional,,Only show role-relevant corporate/analytics/BI/BA/ERP/technology/transformation vacancies,Keep only profile-relevant professional roles; part-time allowed only when directly relevant,"Exclude generic sales, retail, hospitality, customer service, frontline, warehouse and unrelated operational roles",,Recruitment agency/intermediary; lower value than direct corporate career-site coverage.,hidden,lower_priority_companies,yes,dropped_but_optional
,Brown Thomas Arnotts,https://www.brownthomas.com/careers.html,0,P5 — Optional / low-density,Optional,,Only show role-relevant corporate/analytics/BI/BA/ERP/technology/transformation vacancies,Keep only profile-relevant professional roles; part-time allowed only when directly relevant,"Exclude generic sales, retail, hospitality, customer service, frontline, warehouse and unrelated operational roles",,Retail/store-heavy workforce; low density of target roles.,hidden,lower_priority_companies,yes,dropped_but_optional
,Carbery Group,https://www.carbery.com/careers/,0,P5 — Optional / low-density,Optional,,Only show role-relevant corporate/analytics/BI/BA/ERP/technology/transformation vacancies,Keep only profile-relevant professional roles; part-time allowed only when directly relevant,"Exclude generic sales, retail, hospitality, customer service, frontline, warehouse and unrelated operational roles",,Food/manufacturing operations dominate; target analytics/consulting roles are comparatively sparse.,hidden,lower_priority_companies,yes,dropped_but_optional
,Circle K Ireland,https://www.circlek.ie/careers,0,P5 — Optional / low-density,Optional,Retail / Energy,Only show role-relevant corporate/analytics/BI/BA/ERP/technology/transformation vacancies,Keep only profile-relevant professional roles; part-time allowed only when directly relevant,"Exclude generic sales, retail, hospitality, customer service, frontline, warehouse and unrelated operational roles",,Retail/service-station operations dominate hiring; limited target-role density.,hidden,lower_priority_companies,yes,dropped_but_optional
,Clayton Hotels,https://www.claytonhotels.com/careers/,0,P5 — Optional / low-density,Optional,,Only show role-relevant corporate/analytics/BI/BA/ERP/technology/transformation vacancies,Keep only profile-relevant professional roles; part-time allowed only when directly relevant,"Exclude generic sales, retail, hospitality, customer service, frontline, warehouse and unrelated operational roles",,Hospitality operations dominate; limited relevance to target career families.,hidden,lower_priority_companies,yes,dropped_but_optional
,Collen Construction,https://collen.com/careers/,0,P5 — Optional / low-density,Optional,Construction / Data Centres,Only show role-relevant corporate/analytics/BI/BA/ERP/technology/transformation vacancies,Keep only profile-relevant professional roles; part-time allowed only when directly relevant,"Exclude generic sales, retail, hospitality, customer service, frontline, warehouse and unrelated operational roles",,Construction/project-delivery focused; limited target-role density.,hidden,lower_priority_companies,yes,dropped_but_optional
,Compass Group Ireland,https://www.compass-group.ie/join-the-family/careers/,0,P5 — Optional / low-density,Optional,Facilities / Food Services,Only show role-relevant corporate/analytics/BI/BA/ERP/technology/transformation vacancies,Keep only profile-relevant professional roles; part-time allowed only when directly relevant,"Exclude generic sales, retail, hospitality, customer service, frontline, warehouse and unrelated operational roles",,Food-service/facilities operations dominate; low target-role density.,hidden,lower_priority_companies,yes,dropped_but_optional
,Cpl,https://cpl.com,0,P5 — Optional / low-density,Optional,Recruitment Agencies (check direct portals),Only show role-relevant corporate/analytics/BI/BA/ERP/technology/transformation vacancies,Keep only profile-relevant professional roles; part-time allowed only when directly relevant,"Exclude generic sales, retail, hospitality, customer service, frontline, warehouse and unrelated operational roles",,Recruitment agency/intermediary; client vacancies can duplicate employer listings.,hidden,lower_priority_companies,yes,dropped_but_optional
,Currys Ireland,https://curryscareers.co.uk/content/Ireland/?locale=en_US,0,P5 — Optional / low-density,Optional,,Only show role-relevant corporate/analytics/BI/BA/ERP/technology/transformation vacancies,Keep only profile-relevant professional roles; part-time allowed only when directly relevant,"Exclude generic sales, retail, hospitality, customer service, frontline, warehouse and unrelated operational roles",,Retail/store and logistics-heavy hiring; lower career-fit density.,hidden,lower_priority_companies,yes,dropped_but_optional
,Dairygold,https://www.dairygold.ie/careers/,0,P5 — Optional / low-density,Optional,,Only show role-relevant corporate/analytics/BI/BA/ERP/technology/transformation vacancies,Keep only profile-relevant professional roles; part-time allowed only when directly relevant,"Exclude generic sales, retail, hospitality, customer service, frontline, warehouse and unrelated operational roles",,Agrifood/manufacturing operations dominate; lower target-role density.,hidden,lower_priority_companies,yes,dropped_but_optional
,Dawn Meats,https://www.dawnmeats.com/careers/,0,P5 — Optional / low-density,Optional,,Only show role-relevant corporate/analytics/BI/BA/ERP/technology/transformation vacancies,Keep only profile-relevant professional roles; part-time allowed only when directly relevant,"Exclude generic sales, retail, hospitality, customer service, frontline, warehouse and unrelated operational roles",,Food/manufacturing/frontline operations dominate; low target-role density.,hidden,lower_priority_companies,yes,dropped_but_optional
,Decathlon Ireland,https://www.decathlon.ie/careers,0,P5 — Optional / low-density,Optional,,Only show role-relevant corporate/analytics/BI/BA/ERP/technology/transformation vacancies,Keep only profile-relevant professional roles; part-time allowed only when directly relevant,"Exclude generic sales, retail, hospitality, customer service, frontline, warehouse and unrelated operational roles",,Retail/store hiring dominates; limited target corporate analytics/technology roles.,hidden,lower_priority_companies,yes,dropped_but_optional
,Designer Group,https://designergrp.com/careers/,0,P5 — Optional / low-density,Optional,Engineering / Construction,Only show role-relevant corporate/analytics/BI/BA/ERP/technology/transformation vacancies,Keep only profile-relevant professional roles; part-time allowed only when directly relevant,"Exclude generic sales, retail, hospitality, customer service, frontline, warehouse and unrelated operational roles",,Engineering/construction project delivery dominates; lower fit than digital/consulting alternatives.,hidden,lower_priority_companies,yes,dropped_but_optional
,Dornan,https://www.dornangroup.com/careers/,0,P5 — Optional / low-density,Optional,Engineering / Construction,Only show role-relevant corporate/analytics/BI/BA/ERP/technology/transformation vacancies,Keep only profile-relevant professional roles; part-time allowed only when directly relevant,"Exclude generic sales, retail, hospitality, customer service, frontline, warehouse and unrelated operational roles",,Engineering/construction project delivery dominates; limited target-role density.,hidden,lower_priority_companies,yes,dropped_but_optional
,Dublin City University (DCU),https://www.dcu.ie/hr/vacancies-corporate-services,0,P5 — Optional / low-density,Optional,,Only show role-relevant corporate/analytics/BI/BA/ERP/technology/transformation vacancies,Keep only profile-relevant professional roles; part-time allowed only when directly relevant,"Exclude generic sales, retail, hospitality, customer service, frontline, warehouse and unrelated operational roles",,Higher-education employer; lower fit for the targeted private-sector corporate career path.,hidden,lower_priority_companies,yes,dropped_but_optional
,Dunnes Stores,https://www.dunnesstores.com/c/careers,0,P5 — Optional / low-density,Optional,,Only show role-relevant corporate/analytics/BI/BA/ERP/technology/transformation vacancies,Keep only profile-relevant professional roles; part-time allowed only when directly relevant,"Exclude generic sales, retail, hospitality, customer service, frontline, warehouse and unrelated operational roles",,Retail/store and distribution hiring dominate; low target-role density.,hidden,lower_priority_companies,yes,dropped_but_optional
,Eason,https://www.easons.com/careers,0,P5 — Optional / low-density,Optional,,Only show role-relevant corporate/analytics/BI/BA/ERP/technology/transformation vacancies,Keep only profile-relevant professional roles; part-time allowed only when directly relevant,"Exclude generic sales, retail, hospitality, customer service, frontline, warehouse and unrelated operational roles",,Retail/store-heavy employer; limited target-role density.,hidden,lower_priority_companies,yes,dropped_but_optional
,FRS Recruitment,https://frsrecruitment.com,0,P5 — Optional / low-density,Optional,,Only show role-relevant corporate/analytics/BI/BA/ERP/technology/transformation vacancies,Keep only profile-relevant professional roles; part-time allowed only when directly relevant,"Exclude generic sales, retail, hospitality, customer service, frontline, warehouse and unrelated operational roles",,Recruitment agency/intermediary; broad staffing mix rather than a target corporate employer.,hidden,lower_priority_companies,yes,dropped_but_optional
,Flynn,https://flynn.ie/careers/,0,P5 — Optional / low-density,Optional,Construction,Only show role-relevant corporate/analytics/BI/BA/ERP/technology/transformation vacancies,Keep only profile-relevant professional roles; part-time allowed only when directly relevant,"Exclude generic sales, retail, hospitality, customer service, frontline, warehouse and unrelated operational roles",,Construction/project-delivery focused; low target-role density.,hidden,lower_priority_companies,yes,dropped_but_optional
,H&M Ireland,https://career.hm.com/,0,P5 — Optional / low-density,Optional,,Only show role-relevant corporate/analytics/BI/BA/ERP/technology/transformation vacancies,Keep only profile-relevant professional roles; part-time allowed only when directly relevant,"Exclude generic sales, retail, hospitality, customer service, frontline, warehouse and unrelated operational roles",,Retail/store hiring dominates; low relevance to target role families.,hidden,lower_priority_companies,yes,dropped_but_optional
,Halfords Ireland,https://www.halfordscareers.com/,0,P5 — Optional / low-density,Optional,,Only show role-relevant corporate/analytics/BI/BA/ERP/technology/transformation vacancies,Keep only profile-relevant professional roles; part-time allowed only when directly relevant,"Exclude generic sales, retail, hospitality, customer service, frontline, warehouse and unrelated operational roles",,Retail/service operations dominate; limited corporate analytics/consulting role density.,hidden,lower_priority_companies,yes,dropped_but_optional
,Harvey Nash Ireland,https://www.harveynash.ie/,0,P5 — Optional / low-density,Optional,,Only show role-relevant corporate/analytics/BI/BA/ERP/technology/transformation vacancies,Keep only profile-relevant professional roles; part-time allowed only when directly relevant,"Exclude generic sales, retail, hospitality, customer service, frontline, warehouse and unrelated operational roles",,Recruitment agency/intermediary; direct employer monitoring is cleaner and less duplicative.,hidden,lower_priority_companies,yes,dropped_but_optional
,Harvey Norman Ireland,https://www.harveynorman.ie/careers.html,0,P5 — Optional / low-density,Optional,Retail,Only show role-relevant corporate/analytics/BI/BA/ERP/technology/transformation vacancies,Keep only profile-relevant professional roles; part-time allowed only when directly relevant,"Exclude generic sales, retail, hospitality, customer service, frontline, warehouse and unrelated operational roles",,Retail/store and logistics-heavy; low target-role density.,hidden,lower_priority_companies,yes,dropped_but_optional
,Hays Ireland,https://www.hays.ie/job-search,0,P5 — Optional / low-density,Optional,,Only show role-relevant corporate/analytics/BI/BA/ERP/technology/transformation vacancies,Keep only profile-relevant professional roles; part-time allowed only when directly relevant,"Exclude generic sales, retail, hospitality, customer service, frontline, warehouse and unrelated operational roles",,Recruitment agency/intermediary; broad staffing listings rather than one target corporate career path.,hidden,lower_priority_companies,yes,dropped_but_optional
,Holland & Barrett Ireland,https://www.hollandandbarrett.com/careers/,0,P5 — Optional / low-density,Optional,,Only show role-relevant corporate/analytics/BI/BA/ERP/technology/transformation vacancies,Keep only profile-relevant professional roles; part-time allowed only when directly relevant,"Exclude generic sales, retail, hospitality, customer service, frontline, warehouse and unrelated operational roles",,Retail/store-heavy hiring; limited target corporate role density.,hidden,lower_priority_companies,yes,dropped_but_optional
,IKEA Ireland,https://jobs.ikea.com/,0,P5 — Optional / low-density,Optional,Retail,Only show role-relevant corporate/analytics/BI/BA/ERP/technology/transformation vacancies,Keep only profile-relevant professional roles; part-time allowed only when directly relevant,"Exclude generic sales, retail, hospitality, customer service, frontline, warehouse and unrelated operational roles",,Large retail/operations workforce; target corporate roles are comparatively infrequent in Ireland.,hidden,lower_priority_companies,yes,dropped_but_optional
,Intersport Elverys,https://www.elverys.ie/careers,0,P5 — Optional / low-density,Optional,,Only show role-relevant corporate/analytics/BI/BA/ERP/technology/transformation vacancies,Keep only profile-relevant professional roles; part-time allowed only when directly relevant,"Exclude generic sales, retail, hospitality, customer service, frontline, warehouse and unrelated operational roles",,Retail/store-heavy employer; low target-role density.,hidden,lower_priority_companies,yes,dropped_but_optional
,JD Sports Ireland,https://www.jdsports.co.uk/page/careers/,0,P5 — Optional / low-density,Optional,,Only show role-relevant corporate/analytics/BI/BA/ERP/technology/transformation vacancies,Keep only profile-relevant professional roles; part-time allowed only when directly relevant,"Exclude generic sales, retail, hospitality, customer service, frontline, warehouse and unrelated operational roles",,Retail/store-heavy hiring; limited relevance to target career families.,hidden,lower_priority_companies,yes,dropped_but_optional
,JYSK Ireland,https://jobs.jysk.ie/,0,P5 — Optional / low-density,Optional,Retail,Only show role-relevant corporate/analytics/BI/BA/ERP/technology/transformation vacancies,Keep only profile-relevant professional roles; part-time allowed only when directly relevant,"Exclude generic sales, retail, hospitality, customer service, frontline, warehouse and unrelated operational roles",,Retail/store and warehouse-heavy hiring; low target-role density.,hidden,lower_priority_companies,yes,dropped_but_optional
,John Paul Construction,https://www.johnpaul.ie/careers/,0,P5 — Optional / low-density,Optional,Construction,Only show role-relevant corporate/analytics/BI/BA/ERP/technology/transformation vacancies,Keep only profile-relevant professional roles; part-time allowed only when directly relevant,"Exclude generic sales, retail, hospitality, customer service, frontline, warehouse and unrelated operational roles",,Construction/project-delivery focused; limited density of target role families.,hidden,lower_priority_companies,yes,dropped_but_optional
,Jones Engineering,https://joneseng.com/careers/,0,P5 — Optional / low-density,Optional,,Only show role-relevant corporate/analytics/BI/BA/ERP/technology/transformation vacancies,Keep only profile-relevant professional roles; part-time allowed only when directly relevant,"Exclude generic sales, retail, hospitality, customer service, frontline, warehouse and unrelated operational roles",,Engineering/construction delivery dominates; low target-role density.,hidden,lower_priority_companies,yes,dropped_but_optional
,Kepak Group,https://www.kepak.com/careers/,0,P5 — Optional / low-density,Optional,,Only show role-relevant corporate/analytics/BI/BA/ERP/technology/transformation vacancies,Keep only profile-relevant professional roles; part-time allowed only when directly relevant,"Exclude generic sales, retail, hospitality, customer service, frontline, warehouse and unrelated operational roles",,Food/manufacturing operations dominate; low target-role density.,hidden,lower_priority_companies,yes,dropped_but_optional
,Lidl Ireland,https://jobs.lidl.ie/,0,P5 — Optional / low-density,Optional,,Only show role-relevant corporate/analytics/BI/BA/ERP/technology/transformation vacancies,Keep only profile-relevant professional roles; part-time allowed only when directly relevant,"Exclude generic sales, retail, hospitality, customer service, frontline, warehouse and unrelated operational roles",,Large frontline/retail/logistics hiring mix; corporate roles exist but are too sparse for this curated set.,hidden,lower_priority_companies,yes,dropped_but_optional
,Life Style Sports,https://www.lifestylesports.com/ie/careers.html,0,P5 — Optional / low-density,Optional,,Only show role-relevant corporate/analytics/BI/BA/ERP/technology/transformation vacancies,Keep only profile-relevant professional roles; part-time allowed only when directly relevant,"Exclude generic sales, retail, hospitality, customer service, frontline, warehouse and unrelated operational roles",,Retail/store-heavy employer; limited target-role density.,hidden,lower_priority_companies,yes,dropped_but_optional
,Maldron Hotels,https://www.maldronhotels.com/careers/,0,P5 — Optional / low-density,Optional,,Only show role-relevant corporate/analytics/BI/BA/ERP/technology/transformation vacancies,Keep only profile-relevant professional roles; part-time allowed only when directly relevant,"Exclude generic sales, retail, hospitality, customer service, frontline, warehouse and unrelated operational roles",,Hospitality operations dominate; limited target-role density.,hidden,lower_priority_companies,yes,dropped_but_optional
,Manpower Ireland,https://www.manpower.ie/,0,P5 — Optional / low-density,Optional,,Only show role-relevant corporate/analytics/BI/BA/ERP/technology/transformation vacancies,Keep only profile-relevant professional roles; part-time allowed only when directly relevant,"Exclude generic sales, retail, hospitality, customer service, frontline, warehouse and unrelated operational roles",,Recruitment/staffing intermediary; lower strategic value than direct corporate sources.,hidden,lower_priority_companies,yes,dropped_but_optional
,Marks & Spencer Ireland,https://jobs.marksandspencer.com/search-jobs/Ireland,0,P5 — Optional / low-density,Optional,,Only show role-relevant corporate/analytics/BI/BA/ERP/technology/transformation vacancies,Keep only profile-relevant professional roles; part-time allowed only when directly relevant,"Exclude generic sales, retail, hospitality, customer service, frontline, warehouse and unrelated operational roles",,Retail/store-heavy workforce; target corporate roles comparatively sparse.,hidden,lower_priority_companies,yes,dropped_but_optional
,Maynooth University,https://www.maynoothuniversity.ie/human-resources/vacancies,0,P5 — Optional / low-density,Optional,,Only show role-relevant corporate/analytics/BI/BA/ERP/technology/transformation vacancies,Keep only profile-relevant professional roles; part-time allowed only when directly relevant,"Exclude generic sales, retail, hospitality, customer service, frontline, warehouse and unrelated operational roles",,Higher-education employer; lower fit for the targeted private-sector corporate career path.,hidden,lower_priority_companies,yes,dropped_but_optional
,McCabes Pharmacy,https://mccabespharmacy.com/pages/careers,0,P5 — Optional / low-density,Optional,Retail / Pharmacy,Only show role-relevant corporate/analytics/BI/BA/ERP/technology/transformation vacancies,Keep only profile-relevant professional roles; part-time allowed only when directly relevant,"Exclude generic sales, retail, hospitality, customer service, frontline, warehouse and unrelated operational roles",,Pharmacy/retail operations dominate hiring; low target-role density.,hidden,lower_priority_companies,yes,dropped_but_optional
,McDonald's Ireland,https://people.mcdonalds.ie/,0,P5 — Optional / low-density,Optional,Hospitality / Food Service,Only show role-relevant corporate/analytics/BI/BA/ERP/technology/transformation vacancies,Keep only profile-relevant professional roles; part-time allowed only when directly relevant,"Exclude generic sales, retail, hospitality, customer service, frontline, warehouse and unrelated operational roles",,Restaurant/frontline operations dominate; weak fit for the target professional role families.,hidden,lower_priority_companies,yes,dropped_but_optional
,Mitie Ireland,https://mitie.ie/careers/,0,P5 — Optional / low-density,Optional,Facilities Management,Only show role-relevant corporate/analytics/BI/BA/ERP/technology/transformation vacancies,Keep only profile-relevant professional roles; part-time allowed only when directly relevant,"Exclude generic sales, retail, hospitality, customer service, frontline, warehouse and unrelated operational roles",,Facilities-management/frontline operations dominate; lower fit than technology/consulting alternatives.,hidden,lower_priority_companies,yes,dropped_but_optional
,Morgan McKinley,https://www.morganmckinley.com/ie/jobs,0,P5 — Optional / low-density,Optional,,Only show role-relevant corporate/analytics/BI/BA/ERP/technology/transformation vacancies,Keep only profile-relevant professional roles; part-time allowed only when directly relevant,"Exclude generic sales, retail, hospitality, customer service, frontline, warehouse and unrelated operational roles",,Recruitment agency/intermediary; duplicates client hiring and obscures original employer source.,hidden,lower_priority_companies,yes,dropped_but_optional
,Munster Technological University (MTU),https://www.mtu.ie/careers/,0,P5 — Optional / low-density,Optional,,Only show role-relevant corporate/analytics/BI/BA/ERP/technology/transformation vacancies,Keep only profile-relevant professional roles; part-time allowed only when directly relevant,"Exclude generic sales, retail, hospitality, customer service, frontline, warehouse and unrelated operational roles",,Higher-education employer; lower fit for the targeted private-sector corporate career path.,hidden,lower_priority_companies,yes,dropped_but_optional
,Next Ireland,https://careers.next.co.uk/,0,P5 — Optional / low-density,Optional,,Only show role-relevant corporate/analytics/BI/BA/ERP/technology/transformation vacancies,Keep only profile-relevant professional roles; part-time allowed only when directly relevant,"Exclude generic sales, retail, hospitality, customer service, frontline, warehouse and unrelated operational roles",,Retail/store-heavy hiring; limited target-role density.,hidden,lower_priority_companies,yes,dropped_but_optional
,Press Up Hospitality Group,https://pressup.ie/careers/,0,P5 — Optional / low-density,Optional,,Only show role-relevant corporate/analytics/BI/BA/ERP/technology/transformation vacancies,Keep only profile-relevant professional roles; part-time allowed only when directly relevant,"Exclude generic sales, retail, hospitality, customer service, frontline, warehouse and unrelated operational roles",,Hospitality operations dominate; limited target-role density.,hidden,lower_priority_companies,yes,dropped_but_optional
,Primark / Penneys,https://careers.primark.com/location/ireland-jobs/1630/2963597/2,0,P5 — Optional / low-density,Optional,,Only show role-relevant corporate/analytics/BI/BA/ERP/technology/transformation vacancies,Keep only profile-relevant professional roles; part-time allowed only when directly relevant,"Exclude generic sales, retail, hospitality, customer service, frontline, warehouse and unrelated operational roles",,Retail/store-heavy hiring; corporate roles exist but Ireland target-role density is comparatively low.,hidden,lower_priority_companies,yes,dropped_but_optional
,RCSI,https://www.rcsi.com/dublin/about/careers,0,P5 — Optional / low-density,Optional,Higher Education / Healthcare,Only show role-relevant corporate/analytics/BI/BA/ERP/technology/transformation vacancies,Keep only profile-relevant professional roles; part-time allowed only when directly relevant,"Exclude generic sales, retail, hospitality, customer service, frontline, warehouse and unrelated operational roles",,Higher-education/academic employer; lower target-role density for this corporate radar.,hidden,lower_priority_companies,yes,dropped_but_optional
,Reperio Human Capital,https://reperiohumancapital.com,0,P5 — Optional / low-density,Optional,,Only show role-relevant corporate/analytics/BI/BA/ERP/technology/transformation vacancies,Keep only profile-relevant professional roles; part-time allowed only when directly relevant,"Exclude generic sales, retail, hospitality, customer service, frontline, warehouse and unrelated operational roles",,"Recruitment agency/intermediary; useful as a job board, but not as a target employer in the curated 500.",hidden,lower_priority_companies,yes,dropped_but_optional
,Securitas Ireland,https://www.securitas.ie/careers/,0,P5 — Optional / low-density,Optional,Security Services,Only show role-relevant corporate/analytics/BI/BA/ERP/technology/transformation vacancies,Keep only profile-relevant professional roles; part-time allowed only when directly relevant,"Exclude generic sales, retail, hospitality, customer service, frontline, warehouse and unrelated operational roles",,Security/frontline operations dominate; low relevance to target corporate role families.,hidden,lower_priority_companies,yes,dropped_but_optional
,Sigmar Recruitment,https://www.sigmarrecruitment.com/jobs,0,P5 — Optional / low-density,Optional,,Only show role-relevant corporate/analytics/BI/BA/ERP/technology/transformation vacancies,Keep only profile-relevant professional roles; part-time allowed only when directly relevant,"Exclude generic sales, retail, hospitality, customer service, frontline, warehouse and unrelated operational roles",,Recruitment agency/intermediary; direct-company sources preferred.,hidden,lower_priority_companies,yes,dropped_but_optional
,Smyths Toys Superstores,https://careers.smythstoys.com/,0,P5 — Optional / low-density,Optional,,Only show role-relevant corporate/analytics/BI/BA/ERP/technology/transformation vacancies,Keep only profile-relevant professional roles; part-time allowed only when directly relevant,"Exclude generic sales, retail, hospitality, customer service, frontline, warehouse and unrelated operational roles",,Retail/store and logistics-heavy; low target-role density.,hidden,lower_priority_companies,yes,dropped_but_optional
,Sodexo Ireland,https://jobs.sodexo.com/,0,P5 — Optional / low-density,Optional,Facilities / Food Services,Only show role-relevant corporate/analytics/BI/BA/ERP/technology/transformation vacancies,Keep only profile-relevant professional roles; part-time allowed only when directly relevant,"Exclude generic sales, retail, hospitality, customer service, frontline, warehouse and unrelated operational roles",,Facilities/food-service operations dominate; low target-role density.,hidden,lower_priority_companies,yes,dropped_but_optional
,South East Technological University (SETU),https://www.setu.ie/vacancies,0,P5 — Optional / low-density,Optional,,Only show role-relevant corporate/analytics/BI/BA/ERP/technology/transformation vacancies,Keep only profile-relevant professional roles; part-time allowed only when directly relevant,"Exclude generic sales, retail, hospitality, customer service, frontline, warehouse and unrelated operational roles",,Higher-education employer; lower fit for the targeted private-sector corporate career path.,hidden,lower_priority_companies,yes,dropped_but_optional
,Storm3,https://storm3.com,0,P5 — Optional / low-density,Optional,,Only show role-relevant corporate/analytics/BI/BA/ERP/technology/transformation vacancies,Keep only profile-relevant professional roles; part-time allowed only when directly relevant,"Exclude generic sales, retail, hospitality, customer service, frontline, warehouse and unrelated operational roles",,Recruitment agency/intermediary; not a target corporate employer for the curated radar.,hidden,lower_priority_companies,yes,dropped_but_optional
,Suir Engineering,https://suireng.ie/careers/,0,P5 — Optional / low-density,Optional,Engineering / Construction,Only show role-relevant corporate/analytics/BI/BA/ERP/technology/transformation vacancies,Keep only profile-relevant professional roles; part-time allowed only when directly relevant,"Exclude generic sales, retail, hospitality, customer service, frontline, warehouse and unrelated operational roles",,Engineering/construction project delivery dominates; lower fit than technology/analytics alternatives.,hidden,lower_priority_companies,yes,dropped_but_optional
,Superdrug Ireland,https://www.superdrug.jobs/,0,P5 — Optional / low-density,Optional,,Only show role-relevant corporate/analytics/BI/BA/ERP/technology/transformation vacancies,Keep only profile-relevant professional roles; part-time allowed only when directly relevant,"Exclude generic sales, retail, hospitality, customer service, frontline, warehouse and unrelated operational roles",,Retail/store-heavy hiring; limited target corporate role density.,hidden,lower_priority_companies,yes,dropped_but_optional
,Technological University Dublin (TU Dublin),https://www.tudublin.ie/connect/job-opportunities/,0,P5 — Optional / low-density,Optional,,Only show role-relevant corporate/analytics/BI/BA/ERP/technology/transformation vacancies,Keep only profile-relevant professional roles; part-time allowed only when directly relevant,"Exclude generic sales, retail, hospitality, customer service, frontline, warehouse and unrelated operational roles",,Higher-education employer; lower fit for the targeted private-sector corporate career path.,hidden,lower_priority_companies,yes,dropped_but_optional
,Technological University of the Shannon (TUS),https://www.tus.ie/hr/vacancies/,0,P5 — Optional / low-density,Optional,Higher Education,Only show role-relevant corporate/analytics/BI/BA/ERP/technology/transformation vacancies,Keep only profile-relevant professional roles; part-time allowed only when directly relevant,"Exclude generic sales, retail, hospitality, customer service, frontline, warehouse and unrelated operational roles",,Higher-education employer; lower fit for the targeted private-sector corporate career path.,hidden,lower_priority_companies,yes,dropped_but_optional
,Trinity College Dublin (TCD),https://www.tcd.ie/hr/vacancies/,0,P5 — Optional / low-density,Optional,,Only show role-relevant corporate/analytics/BI/BA/ERP/technology/transformation vacancies,Keep only profile-relevant professional roles; part-time allowed only when directly relevant,"Exclude generic sales, retail, hospitality, customer service, frontline, warehouse and unrelated operational roles",,Higher-education employer; lower fit for the targeted private-sector corporate career path.,hidden,lower_priority_companies,yes,dropped_but_optional
,University College Cork (UCC),https://www.ucc.ie/en/hr/vacancies/,0,P5 — Optional / low-density,Optional,,Only show role-relevant corporate/analytics/BI/BA/ERP/technology/transformation vacancies,Keep only profile-relevant professional roles; part-time allowed only when directly relevant,"Exclude generic sales, retail, hospitality, customer service, frontline, warehouse and unrelated operational roles",,Higher-education employer; lower fit for the targeted private-sector corporate career path.,hidden,lower_priority_companies,yes,dropped_but_optional
,University College Dublin (UCD),https://www.ucd.ie/workatucd/jobs/,0,P5 — Optional / low-density,Optional,,Only show role-relevant corporate/analytics/BI/BA/ERP/technology/transformation vacancies,Keep only profile-relevant professional roles; part-time allowed only when directly relevant,"Exclude generic sales, retail, hospitality, customer service, frontline, warehouse and unrelated operational roles",,Higher-education employer; lower fit for the targeted private-sector corporate career path.,hidden,lower_priority_companies,yes,dropped_but_optional
,University of Galway,https://www.universityofgalway.ie/about-us/jobs/,0,P5 — Optional / low-density,Optional,,Only show role-relevant corporate/analytics/BI/BA/ERP/technology/transformation vacancies,Keep only profile-relevant professional roles; part-time allowed only when directly relevant,"Exclude generic sales, retail, hospitality, customer service, frontline, warehouse and unrelated operational roles",,Higher-education employer; lower fit for the targeted private-sector corporate career path.,hidden,lower_priority_companies,yes,dropped_but_optional
,University of Limerick (UL),https://www.ul.ie/hr/careers,0,P5 — Optional / low-density,Optional,,Only show role-relevant corporate/analytics/BI/BA/ERP/technology/transformation vacancies,Keep only profile-relevant professional roles; part-time allowed only when directly relevant,"Exclude generic sales, retail, hospitality, customer service, frontline, warehouse and unrelated operational roles",,Higher-education employer; lower fit for the targeted private-sector corporate career path.,hidden,lower_priority_companies,yes,dropped_but_optional
,Waterstones Ireland,https://www.waterstones.com/careers,0,P5 — Optional / low-density,Optional,,Only show role-relevant corporate/analytics/BI/BA/ERP/technology/transformation vacancies,Keep only profile-relevant professional roles; part-time allowed only when directly relevant,"Exclude generic sales, retail, hospitality, customer service, frontline, warehouse and unrelated operational roles",,Retail/store-heavy employer; low target-role density.,hidden,lower_priority_companies,yes,dropped_but_optional
